xiaozhi Edu MCP Client v3.0 starting...
[2026-07-25T16:08:03.667Z] Connecting to xiaozhi edu MCP...
[2026-07-25T16:08:05.648Z] Connected!
[2026-07-25T16:08:08.497Z] Closed, reconnecting...
[2026-07-25T16:08:13.500Z] Connecting to xiaozhi edu MCP...
[2026-07-25T16:08:13.738Z] Connected!
[2026-07-25T16:08:13.883Z] Closed, reconnecting...
[2026-07-25T16:08:18.884Z] Connecting to xiaozhi edu MCP...
[2026-07-25T16:08:19.129Z] Connected!
[2026-07-25T16:08:19.289Z] Closed, reconnecting...
[2026-07-25T16:08:24.290Z] Connecting to xiaozhi edu MCP...
[2026-07-25T16:08:27.497Z] Connected!
[2026-07-25T16:08:27.666Z] Closed, reconnecting...
[2026-07-25T16:08:32.668Z] Connecting to xiaozhi edu MCP...
[2026-07-25T16:08:32.958Z] Connected!
[2026-07-25T16:08:33.131Z] Closed, reconnecting...
[2026-07-25T16:08:38.133Z] Connecting to xiaozhi edu MCP...
[2026-07-25T16:08:38.377Z] Connected!
[2026-07-25T16:08:38.532Z] Closed, reconnecting...
[2026-07-25T16:08:43.533Z] Connecting to xiaozhi edu MCP...
[2026-07-25T16:08:43.782Z] Connected!
[2026-07-25T16:08:43.939Z] Closed, reconnecting...
[2026-07-25T16:08:48.940Z] Connecting to xiaozhi edu MCP...
[2026-07-25T16:08:49.203Z] Connected!
[2026-07-25T16:08:49.379Z] Closed, reconnecting...
[2026-07-25T16:08:54.380Z] Connecting to xiaozhi edu MCP...
[2026-07-25T16:08:54.655Z] Connected!
[2026-07-25T16:08:54.810Z] Closed, reconnecting...
[2026-07-25T16:08:59.811Z] Connecting to xiaozhi edu MCP...
[2026-07-25T16:09:00.068Z] Connected!
[2026-07-25T16:09:00.244Z] Closed, reconnecting...
[2026-07-25T16:09:05.247Z] Connecting to xiaozhi edu MCP...
[2026-07-25T16:09:11.200Z] Connected!
[2026-07-25T16:09:11.374Z] Closed, reconnecting...
[2026-07-25T16:09:16.376Z] Connecting to xiaozhi edu MCP...
[2026-07-25T16:09:17.703Z] Connected!
[2026-07-25T16:09:17.867Z] Closed, reconnecting...
[2026-07-25T16:09:22.869Z] Connecting to xiaozhi edu MCP...
[2026-07-25T16:09:23.138Z] Connected!
[2026-07-25T16:09:23.307Z] Closed, reconnecting...
[2026-07-25T16:09:28.310Z] Connecting to xiaozhi edu MCP...
[2026-07-25T16:09:32.718Z] Connected!
[2026-07-25T16:09:32.946Z] Closed, reconnecting...
[2026-07-25T16:09:37.947Z] Connecting to xiaozhi edu MCP...
[2026-07-25T16:09:38.219Z] Connected!
[2026-07-25T16:09:38.378Z] Closed, reconnecting...
[2026-07-25T16:09:43.379Z] Connecting to xiaozhi edu MCP...
[2026-07-25T16:09:44.335Z] Connected!
[2026-07-25T16:09:44.505Z] Closed, reconnecting...
[2026-07-25T16:09:49.506Z] Connecting to xiaozhi edu MCP...
[2026-07-25T16:09:53.007Z] Connected!
[2026-07-25T16:09:53.187Z] Closed, reconnecting...
[2026-07-25T16:09:58.188Z] Connecting to xiaozhi edu MCP...
[2026-07-25T16:10:00.425Z] Connected!
[2026-07-25T16:10:00.869Z] Closed, reconnecting...
[2026-07-25T16:10:05.871Z] Connecting to xiaozhi edu MCP...
[2026-07-25T16:10:06.143Z] Connected!
[2026-07-25T16:10:06.298Z] Closed, reconnecting...
[2026-07-25T16:10:11.301Z] Connecting to xiaozhi edu MCP...
[2026-07-25T16:10:11.555Z] Connected!
[2026-07-25T16:10:11.728Z] Closed, reconnecting...
[2026-07-25T16:10:16.729Z] Connecting to xiaozhi edu MCP...
[2026-07-25T16:10:17.040Z] Connected!
[2026-07-25T16:10:17.210Z] Closed, reconnecting...
[2026-07-25T16:10:22.212Z] Connecting to xiaozhi edu MCP...
[2026-07-25T16:10:22.463Z] Connected!
[2026-07-25T16:10:22.628Z] Closed, reconnecting...
[2026-07-25T16:10:27.629Z] Connecting to xiaozhi edu MCP...
[2026-07-25T16:10:27.879Z] Connected!
[2026-07-25T16:10:28.037Z] Closed, reconnecting...
[2026-07-25T16:10:33.037Z] Connecting to xiaozhi edu MCP...
[2026-07-25T16:10:33.293Z] Connected!
[2026-07-25T16:10:33.455Z] Closed, reconnecting...
[2026-07-25T16:10:38.457Z] Connecting to xiaozhi edu MCP...
[2026-07-25T16:10:38.695Z] Connected!
[2026-07-25T16:10:38.867Z] Closed, reconnecting...
[2026-07-25T16:10:43.868Z] Connecting to xiaozhi edu MCP...
[2026-07-25T16:10:48.878Z] Error: read ECONNRESET
[2026-07-25T16:10:48.879Z] Closed, reconnecting...
[2026-07-25T16:10:53.880Z] Connecting to xiaozhi edu MCP...
[2026-07-25T16:10:56.381Z] Connecting to xiaozhi edu MCP...
[2026-07-25T16:10:56.510Z] Connected!
[2026-07-25T16:10:56.646Z] Connected!
[2026-07-25T16:10:56.662Z] Closed, reconnecting...
[2026-07-25T16:10:56.805Z] Closed, reconnecting...
[2026-07-25T16:11:01.665Z] Connecting to xiaozhi edu MCP...
[2026-07-25T16:11:01.806Z] Connecting to xiaozhi edu MCP...
[2026-07-25T16:11:01.925Z] Connected!
[2026-07-25T16:11:02.057Z] Connected!
[2026-07-25T16:11:02.074Z] Closed, reconnecting...
[2026-07-25T16:11:02.211Z] Closed, reconnecting...
[2026-07-25T16:11:07.075Z] Connecting to xiaozhi edu MCP...
[2026-07-25T16:11:07.211Z] Connecting to xiaozhi edu MCP...
[2026-07-25T16:11:07.322Z] Connected!
[2026-07-25T16:11:07.468Z] Connected!
[2026-07-25T16:11:07.480Z] Closed, reconnecting...
[2026-07-25T16:11:07.632Z] Closed, reconnecting...
[2026-07-25T16:11:12.483Z] Connecting to xiaozhi edu MCP...
[2026-07-25T16:11:12.634Z] Connecting to xiaozhi edu MCP...
[2026-07-25T16:11:12.721Z] Connected!
[2026-07-25T16:11:12.874Z] Closed, reconnecting...
[2026-07-25T16:11:12.904Z] Connected!
[2026-07-25T16:11:13.085Z] Closed, reconnecting...
[2026-07-25T16:11:17.876Z] Connecting to xiaozhi edu MCP...
[2026-07-25T16:11:18.086Z] Connecting to xiaozhi edu MCP...
[2026-07-25T16:11:18.148Z] Connected!
[2026-07-25T16:11:18.317Z] Closed, reconnecting...
[2026-07-25T16:11:18.561Z] Connected!
[2026-07-25T16:11:18.714Z] Closed, reconnecting...
[2026-07-25T16:11:23.319Z] Connecting to xiaozhi edu MCP...
[2026-07-25T16:11:23.674Z] Connected!
[2026-07-25T16:11:23.717Z] Connecting to xiaozhi edu MCP...
[2026-07-25T16:11:23.849Z] Closed, reconnecting...
[2026-07-25T16:11:23.976Z] Connected!
[2026-07-25T16:11:24.135Z] Closed, reconnecting...
[2026-07-25T16:11:28.851Z] Connecting to xiaozhi edu MCP...
[2026-07-25T16:11:29.114Z] Connected!
[2026-07-25T16:11:29.138Z] Connecting to xiaozhi edu MCP...
[2026-07-25T16:11:29.331Z] Closed, reconnecting...
[2026-07-25T16:11:29.398Z] Connected!
[2026-07-25T16:11:29.561Z] Closed, reconnecting...
[2026-07-25T16:11:34.333Z] Connecting to xiaozhi edu MCP...
[2026-07-25T16:11:34.562Z] Connecting to xiaozhi edu MCP...
[2026-07-25T16:11:34.619Z] Connected!
[2026-07-25T16:11:34.798Z] Closed, reconnecting...
[2026-07-25T16:11:34.812Z] Connected!
[2026-07-25T16:11:34.974Z] Closed, reconnecting...
[2026-07-25T16:11:39.801Z] Connecting to xiaozhi edu MCP...
[2026-07-25T16:11:39.975Z] Connecting to xiaozhi edu MCP...
[2026-07-25T16:11:40.077Z] Connected!
[2026-07-25T16:11:40.252Z] Closed, reconnecting...
[2026-07-25T16:11:40.259Z] Connected!
[2026-07-25T16:11:40.446Z] Closed, reconnecting...
[2026-07-25T16:11:45.253Z] Connecting to xiaozhi edu MCP...
[2026-07-25T16:11:45.448Z] Connecting to xiaozhi edu MCP...
[2026-07-25T16:11:45.504Z] Connected!
[2026-07-25T16:11:45.675Z] Closed, reconnecting...
[2026-07-25T16:11:45.696Z] Connected!
[2026-07-25T16:11:45.857Z] Closed, reconnecting...
[2026-07-25T16:11:50.677Z] Connecting to xiaozhi edu MCP...
[2026-07-25T16:11:50.857Z] Connecting to xiaozhi edu MCP...
[2026-07-25T16:11:50.911Z] Connected!
[2026-07-25T16:11:51.080Z] Closed, reconnecting...
[2026-07-25T16:11:51.111Z] Connected!
[2026-07-25T16:11:51.270Z] Closed, reconnecting...
[2026-07-25T16:11:56.082Z] Connecting to xiaozhi edu MCP...
[2026-07-25T16:11:56.273Z] Connecting to xiaozhi edu MCP...
[2026-07-25T16:11:56.338Z] Connected!
[2026-07-25T16:11:57.649Z] Connected!
[2026-07-25T16:11:57.795Z] Closed, reconnecting...
[2026-07-25T16:11:57.846Z] Closed, reconnecting...
[2026-07-25T16:12:02.796Z] Connecting to xiaozhi edu MCP...
[2026-07-25T16:12:02.848Z] Connecting to xiaozhi edu MCP...
[2026-07-25T16:12:03.089Z] Connected!
[2026-07-25T16:12:03.091Z] Connected!
[2026-07-25T16:12:03.245Z] Closed, reconnecting...
[2026-07-25T16:12:03.251Z] Closed, reconnecting...
[2026-07-25T16:12:08.247Z] Connecting to xiaozhi edu MCP...
[2026-07-25T16:12:08.250Z] Connecting to xiaozhi edu MCP...
[2026-07-25T16:12:08.497Z] Connected!
[2026-07-25T16:12:08.650Z] Closed, reconnecting...
[2026-07-25T16:12:08.824Z] Connected!
[2026-07-25T16:12:08.995Z] Closed, reconnecting...
[2026-07-25T16:12:13.651Z] Connecting to xiaozhi edu MCP...
[2026-07-25T16:12:13.996Z] Connecting to xiaozhi edu MCP...
[2026-07-25T16:12:17.216Z] Connected!
[2026-07-25T16:12:17.231Z] Connected!
[2026-07-25T16:12:17.378Z] Closed, reconnecting...
[2026-07-25T16:12:17.399Z] Closed, reconnecting...
[2026-07-25T16:12:22.380Z] Connecting to xiaozhi edu MCP...
[2026-07-25T16:12:22.401Z] Connecting to xiaozhi edu MCP...
[2026-07-25T16:12:22.644Z] Connected!
[2026-07-25T16:12:22.675Z] Connected!
[2026-07-25T16:12:22.807Z] Closed, reconnecting...
[2026-07-25T16:12:22.851Z] Closed, reconnecting...
[2026-07-25T16:12:27.809Z] Connecting to xiaozhi edu MCP...
[2026-07-25T16:12:27.854Z] Connecting to xiaozhi edu MCP...
[2026-07-25T16:12:28.051Z] Connected!
[2026-07-25T16:12:28.096Z] Connected!
[2026-07-25T16:12:28.209Z] Closed, reconnecting...
[2026-07-25T16:12:28.261Z] Closed, reconnecting...
[2026-07-25T16:12:33.211Z] Connecting to xiaozhi edu MCP...
[2026-07-25T16:12:33.264Z] Connecting to xiaozhi edu MCP...
[2026-07-25T16:12:33.463Z] Connected!
[2026-07-25T16:12:33.553Z] Connected!
[2026-07-25T16:12:33.623Z] Closed, reconnecting...
[2026-07-25T16:12:33.725Z] Closed, reconnecting...
[2026-07-25T16:12:38.625Z] Connecting to xiaozhi edu MCP...
[2026-07-25T16:12:38.728Z] Connecting to xiaozhi edu MCP...
[2026-07-25T16:12:38.900Z] Connected!
[2026-07-25T16:12:39.022Z] Connected!
[2026-07-25T16:12:39.074Z] Closed, reconnecting...
[2026-07-25T16:12:39.183Z] Closed, reconnecting...
[2026-07-25T16:12:44.076Z] Connecting to xiaozhi edu MCP...
[2026-07-25T16:12:44.184Z] Connecting to xiaozhi edu MCP...
[2026-07-25T16:12:44.333Z] Connected!
[2026-07-25T16:12:44.441Z] Connected!
[2026-07-25T16:12:44.489Z] Closed, reconnecting...
[2026-07-25T16:12:44.603Z] Closed, reconnecting...
[2026-07-25T16:12:49.490Z] Connecting to xiaozhi edu MCP...
[2026-07-25T16:12:49.606Z] Connecting to xiaozhi edu MCP...
[2026-07-25T16:12:49.722Z] Connected!
[2026-07-25T16:12:49.866Z] Connected!
[2026-07-25T16:12:49.979Z] Closed, reconnecting...
[2026-07-25T16:12:50.027Z] Closed, reconnecting...
[2026-07-25T16:12:54.978Z] Connecting to xiaozhi edu MCP...
[2026-07-25T16:12:55.030Z] Connecting to xiaozhi edu MCP...
[2026-07-25T16:12:55.263Z] Connected!
[2026-07-25T16:12:55.311Z] Connected!
[2026-07-25T16:12:55.438Z] Closed, reconnecting...
[2026-07-25T16:12:55.503Z] Closed, reconnecting...
[2026-07-25T16:13:00.440Z] Connecting to xiaozhi edu MCP...
[2026-07-25T16:13:00.505Z] Connecting to xiaozhi edu MCP...
[2026-07-25T16:13:00.669Z] Connected!
[2026-07-25T16:13:00.749Z] Connected!
[2026-07-25T16:13:00.813Z] Closed, reconnecting...
[2026-07-25T16:13:00.912Z] Closed, reconnecting...
[2026-07-25T16:13:05.813Z] Connecting to xiaozhi edu MCP...
[2026-07-25T16:13:05.915Z] Connecting to xiaozhi edu MCP...
[2026-07-25T16:13:06.168Z] Connected!
[2026-07-25T16:13:06.180Z] Connected!
[2026-07-25T16:13:06.352Z] Closed, reconnecting...
[2026-07-25T16:13:06.467Z] Closed, reconnecting...
[2026-07-25T16:13:11.354Z] Connecting to xiaozhi edu MCP...
[2026-07-25T16:13:11.469Z] Connecting to xiaozhi edu MCP...
[2026-07-25T16:13:11.612Z] Connected!
[2026-07-25T16:13:11.731Z] Connected!
[2026-07-25T16:13:11.875Z] Closed, reconnecting...
[2026-07-25T16:13:12.054Z] Closed, reconnecting...
[2026-07-25T16:13:16.877Z] Connecting to xiaozhi edu MCP...
[2026-07-25T16:13:17.055Z] Connecting to xiaozhi edu MCP...
[2026-07-25T16:13:17.135Z] Connected!
[2026-07-25T16:13:17.299Z] Closed, reconnecting...
[2026-07-25T16:13:17.329Z] Connected!
[2026-07-25T16:13:17.499Z] Closed, reconnecting...
[2026-07-25T16:13:22.299Z] Connecting to xiaozhi edu MCP...
[2026-07-25T16:13:22.499Z] Connecting to xiaozhi edu MCP...
[2026-07-25T16:13:22.564Z] Connected!
[2026-07-25T16:13:22.742Z] Closed, reconnecting...
[2026-07-25T16:13:22.753Z] Connected!
[2026-07-25T16:13:22.917Z] Closed, reconnecting...
[2026-07-25T16:13:27.743Z] Connecting to xiaozhi edu MCP...
[2026-07-25T16:13:27.919Z] Connecting to xiaozhi edu MCP...
[2026-07-25T16:13:28.203Z] Connected!
[2026-07-25T16:13:28.227Z] Connected!
[2026-07-25T16:13:28.360Z] Closed, reconnecting...
[2026-07-25T16:13:28.381Z] Closed, reconnecting...
[2026-07-25T16:13:33.362Z] Connecting to xiaozhi edu MCP...
[2026-07-25T16:13:33.381Z] Connecting to xiaozhi edu MCP...
[2026-07-25T16:13:33.590Z] Connected!
[2026-07-25T16:13:33.635Z] Connected!
[2026-07-25T16:13:33.737Z] Closed, reconnecting...
[2026-07-25T16:13:33.801Z] Closed, reconnecting...
[2026-07-25T16:13:38.739Z] Connecting to xiaozhi edu MCP...
[2026-07-25T16:13:38.802Z] Connecting to xiaozhi edu MCP...
[2026-07-25T16:13:39.019Z] Connected!
[2026-07-25T16:13:39.054Z] Connected!
[2026-07-25T16:13:39.189Z] Closed, reconnecting...
[2026-07-25T16:13:39.218Z] Closed, reconnecting...
[2026-07-25T16:13:44.192Z] Connecting to xiaozhi edu MCP...
[2026-07-25T16:13:44.219Z] Connecting to xiaozhi edu MCP...
[2026-07-25T16:13:44.470Z] Connected!
[2026-07-25T16:13:44.636Z] Closed, reconnecting...
[2026-07-25T16:13:47.059Z] Connected!
[2026-07-25T16:13:47.303Z] Closed, reconnecting...
[2026-07-25T16:13:49.638Z] Connecting to xiaozhi edu MCP...
[2026-07-25T16:13:51.649Z] Connected!
[2026-07-25T16:13:51.816Z] Closed, reconnecting...
[2026-07-25T16:13:52.303Z] Connecting to xiaozhi edu MCP...
[2026-07-25T16:13:52.563Z] Connected!
[2026-07-25T16:13:52.725Z] Closed, reconnecting...
[2026-07-25T16:13:56.816Z] Connecting to xiaozhi edu MCP...
[2026-07-25T16:13:57.065Z] Connected!
[2026-07-25T16:13:57.257Z] Closed, reconnecting...
[2026-07-25T16:13:57.728Z] Connecting to xiaozhi edu MCP...
[2026-07-25T16:13:58.005Z] Connected!
[2026-07-25T16:13:58.195Z] Closed, reconnecting...
[2026-07-25T16:14:02.259Z] Connecting to xiaozhi edu MCP...
[2026-07-25T16:14:02.509Z] Connected!
[2026-07-25T16:14:02.661Z] Closed, reconnecting...
[2026-07-25T16:14:03.198Z] Connecting to xiaozhi edu MCP...
[2026-07-25T16:14:03.434Z] Connected!
[2026-07-25T16:14:03.590Z] Closed, reconnecting...
[2026-07-25T16:14:07.662Z] Connecting to xiaozhi edu MCP...
[2026-07-25T16:14:07.913Z] Connected!
[2026-07-25T16:14:08.075Z] Closed, reconnecting...
[2026-07-25T16:14:08.591Z] Connecting to xiaozhi edu MCP...
[2026-07-25T16:14:08.840Z] Connected!
[2026-07-25T16:14:09.002Z] Closed, reconnecting...
[2026-07-25T16:14:13.078Z] Connecting to xiaozhi edu MCP...
[2026-07-25T16:14:13.339Z] Connected!
[2026-07-25T16:14:13.490Z] Closed, reconnecting...
[2026-07-25T16:14:14.004Z] Connecting to xiaozhi edu MCP...
[2026-07-25T16:14:14.255Z] Connected!
[2026-07-25T16:14:14.413Z] Closed, reconnecting...
[2026-07-25T16:14:18.493Z] Connecting to xiaozhi edu MCP...
[2026-07-25T16:14:19.414Z] Connecting to xiaozhi edu MCP...
[2026-07-25T16:14:21.899Z] Connected!
[2026-07-25T16:14:21.904Z] Connected!
[2026-07-25T16:14:22.054Z] Closed, reconnecting...
[2026-07-25T16:14:22.079Z] Closed, reconnecting...
[2026-07-25T16:14:27.056Z] Connecting to xiaozhi edu MCP...
[2026-07-25T16:14:27.080Z] Connecting to xiaozhi edu MCP...
[2026-07-25T16:14:27.310Z] Connected!
[2026-07-25T16:14:27.330Z] Connected!
[2026-07-25T16:14:27.448Z] Closed, reconnecting...
[2026-07-25T16:14:27.449Z] Closed, reconnecting...
[2026-07-25T16:14:32.449Z] Connecting to xiaozhi edu MCP...
[2026-07-25T16:14:32.450Z] Connecting to xiaozhi edu MCP...
[2026-07-25T16:14:32.704Z] Connected!
[2026-07-25T16:14:32.707Z] Connected!
[2026-07-25T16:14:32.838Z] Closed, reconnecting...
[2026-07-25T16:14:32.868Z] Closed, reconnecting...
[2026-07-25T16:14:37.839Z] Connecting to xiaozhi edu MCP...
[2026-07-25T16:14:37.871Z] Connecting to xiaozhi edu MCP...
[2026-07-25T16:14:38.130Z] Connected!
[2026-07-25T16:14:38.145Z] Connected!
[2026-07-25T16:14:38.298Z] Closed, reconnecting...
[2026-07-25T16:14:38.311Z] Closed, reconnecting...
[2026-07-25T16:14:43.299Z] Connecting to xiaozhi edu MCP...
[2026-07-25T16:14:43.314Z] Connecting to xiaozhi edu MCP...
[2026-07-25T16:14:43.572Z] Connected!
[2026-07-25T16:14:43.797Z] Closed, reconnecting...
[2026-07-25T16:14:46.334Z] Connected!
[2026-07-25T16:14:48.799Z] Connecting to xiaozhi edu MCP...
[2026-07-25T16:14:49.014Z] Closed, reconnecting...
[2026-07-25T16:14:50.201Z] Connected!
[2026-07-25T16:14:50.373Z] Closed, reconnecting...
[2026-07-25T16:14:54.014Z] Connecting to xiaozhi edu MCP...
[2026-07-25T16:14:54.267Z] Connected!
[2026-07-25T16:14:55.375Z] Connecting to xiaozhi edu MCP...
[2026-07-25T16:14:59.750Z] Closed, reconnecting...
[2026-07-25T16:14:59.918Z] Connected!
[2026-07-25T16:15:00.112Z] Closed, reconnecting...
[2026-07-25T16:15:04.753Z] Connecting to xiaozhi edu MCP...
[2026-07-25T16:15:05.014Z] Connected!
[2026-07-25T16:15:05.113Z] Connecting to xiaozhi edu MCP...
[2026-07-25T16:15:05.314Z] Closed, reconnecting...
[2026-07-25T16:15:05.380Z] Connected!
[2026-07-25T16:15:05.551Z] Closed, reconnecting...
[2026-07-25T16:15:10.316Z] Connecting to xiaozhi edu MCP...
[2026-07-25T16:15:10.554Z] Connecting to xiaozhi edu MCP...
[2026-07-25T16:15:10.574Z] Connected!
[2026-07-25T16:15:10.775Z] Closed, reconnecting...
[2026-07-25T16:15:10.805Z] Connected!
[2026-07-25T16:15:11.054Z] Closed, reconnecting...
[2026-07-25T16:15:15.777Z] Connecting to xiaozhi edu MCP...
[2026-07-25T16:15:16.019Z] Connected!
[2026-07-25T16:15:16.056Z] Connecting to xiaozhi edu MCP...
[2026-07-25T16:15:16.185Z] Closed, reconnecting...
[2026-07-25T16:15:16.291Z] Connected!
[2026-07-25T16:15:16.447Z] Closed, reconnecting...
[2026-07-25T16:15:21.185Z] Connecting to xiaozhi edu MCP...
[2026-07-25T16:15:21.449Z] Connecting to xiaozhi edu MCP...
[2026-07-25T16:15:21.451Z] Connected!
[2026-07-25T16:15:21.631Z] Closed, reconnecting...
[2026-07-25T16:15:21.745Z] Connected!
[2026-07-25T16:15:21.928Z] Closed, reconnecting...
[2026-07-25T16:15:26.633Z] Connecting to xiaozhi edu MCP...
[2026-07-25T16:15:26.929Z] Connecting to xiaozhi edu MCP...
[2026-07-25T16:15:27.993Z] Connected!
[2026-07-25T16:15:28.031Z] Connected!
[2026-07-25T16:15:28.243Z] Closed, reconnecting...
[2026-07-25T16:15:28.299Z] Closed, reconnecting...
[2026-07-25T16:15:33.244Z] Connecting to xiaozhi edu MCP...
[2026-07-25T16:15:33.299Z] Connecting to xiaozhi edu MCP...
[2026-07-25T16:15:33.482Z] Connected!
[2026-07-25T16:15:33.577Z] Connected!
[2026-07-25T16:15:33.628Z] Closed, reconnecting...
[2026-07-25T16:15:33.741Z] Closed, reconnecting...
[2026-07-25T16:15:38.629Z] Connecting to xiaozhi edu MCP...
[2026-07-25T16:15:38.744Z] Connecting to xiaozhi edu MCP...
[2026-07-25T16:15:38.894Z] Connected!
[2026-07-25T16:15:38.987Z] Connected!
[2026-07-25T16:15:39.061Z] Closed, reconnecting...
[2026-07-25T16:15:39.137Z] Closed, reconnecting...
[2026-07-25T16:15:44.062Z] Connecting to xiaozhi edu MCP...
[2026-07-25T16:15:44.139Z] Connecting to xiaozhi edu MCP...
[2026-07-25T16:15:44.319Z] Connected!
[2026-07-25T16:15:44.476Z] Closed, reconnecting...
[2026-07-25T16:15:49.477Z] Connecting to xiaozhi edu MCP...
[2026-07-25T16:15:51.942Z] Connected!
[2026-07-25T16:15:52.105Z] Closed, reconnecting...
[2026-07-25T16:15:56.610Z] Connected!
[2026-07-25T16:15:57.107Z] Connecting to xiaozhi edu MCP...
[2026-07-25T16:16:00.248Z] Connected!
[2026-07-25T16:16:00.418Z] Closed, reconnecting...
[2026-07-25T16:16:00.729Z] Closed, reconnecting...
[2026-07-25T16:16:05.420Z] Connecting to xiaozhi edu MCP...
[2026-07-25T16:16:05.670Z] Connected!
[2026-07-25T16:16:05.729Z] Connecting to xiaozhi edu MCP...
[2026-07-25T16:16:07.120Z] Connected!
[2026-07-25T16:16:07.120Z] Closed, reconnecting...
[2026-07-25T16:16:07.308Z] Closed, reconnecting...
[2026-07-25T16:16:12.123Z] Connecting to xiaozhi edu MCP...
[2026-07-25T16:16:12.310Z] Connecting to xiaozhi edu MCP...
[2026-07-25T16:16:12.381Z] Connected!
[2026-07-25T16:16:12.548Z] Closed, reconnecting...
[2026-07-25T16:16:12.557Z] Connected!
[2026-07-25T16:16:12.722Z] Closed, reconnecting...
[2026-07-25T16:16:17.551Z] Connecting to xiaozhi edu MCP...
[2026-07-25T16:16:17.723Z] Connecting to xiaozhi edu MCP...
[2026-07-25T16:16:18.337Z] Connected!
[2026-07-25T16:16:18.339Z] Connected!
[2026-07-25T16:16:18.499Z] Closed, reconnecting...
[2026-07-25T16:16:18.510Z] Closed, reconnecting...
[2026-07-25T16:16:23.502Z] Connecting to xiaozhi edu MCP...
[2026-07-25T16:16:23.511Z] Connecting to xiaozhi edu MCP...
[2026-07-25T16:16:23.758Z] Connected!
[2026-07-25T16:16:23.783Z] Connected!
[2026-07-25T16:16:23.921Z] Closed, reconnecting...
[2026-07-25T16:16:23.959Z] Closed, reconnecting...
[2026-07-25T16:16:28.922Z] Connecting to xiaozhi edu MCP...
[2026-07-25T16:16:28.961Z] Connecting to xiaozhi edu MCP...
[2026-07-25T16:16:29.172Z] Connected!
[2026-07-25T16:16:29.188Z] Connected!
[2026-07-25T16:16:29.326Z] Closed, reconnecting...
[2026-07-25T16:16:29.337Z] Closed, reconnecting...
[2026-07-25T16:16:34.327Z] Connecting to xiaozhi edu MCP...
[2026-07-25T16:16:34.339Z] Connecting to xiaozhi edu MCP...
[2026-07-25T16:16:34.601Z] Connected!
[2026-07-25T16:16:34.777Z] Closed, reconnecting...
[2026-07-25T16:16:38.427Z] Connected!
[2026-07-25T16:16:38.632Z] Closed, reconnecting...
[2026-07-25T16:16:39.780Z] Connecting to xiaozhi edu MCP...
[2026-07-25T16:16:40.040Z] Connected!
[2026-07-25T16:16:41.323Z] Closed, reconnecting...
[2026-07-25T16:16:43.634Z] Connecting to xiaozhi edu MCP...
[2026-07-25T16:16:43.874Z] Connected!
[2026-07-25T16:16:44.026Z] Closed, reconnecting...
[2026-07-25T16:16:46.326Z] Connecting to xiaozhi edu MCP...
[2026-07-25T16:16:46.566Z] Connected!
[2026-07-25T16:16:46.724Z] Closed, reconnecting...
[2026-07-25T16:16:49.027Z] Connecting to xiaozhi edu MCP...
[2026-07-25T16:16:49.303Z] Connected!
[2026-07-25T16:16:49.479Z] Closed, reconnecting...
[2026-07-25T16:16:51.724Z] Connecting to xiaozhi edu MCP...
[2026-07-25T16:16:52.937Z] Connected!
[2026-07-25T16:16:53.454Z] Closed, reconnecting...
[2026-07-25T16:16:54.482Z] Connecting to xiaozhi edu MCP...
[2026-07-25T16:16:54.724Z] Connected!
[2026-07-25T16:16:54.892Z] Closed, reconnecting...
[2026-07-25T16:16:58.455Z] Connecting to xiaozhi edu MCP...
[2026-07-25T16:16:58.753Z] Connected!
[2026-07-25T16:16:58.933Z] Closed, reconnecting...
[2026-07-25T16:16:59.893Z] Connecting to xiaozhi edu MCP...
[2026-07-25T16:17:02.535Z] Connected!
[2026-07-25T16:17:02.709Z] Closed, reconnecting...
[2026-07-25T16:17:03.936Z] Connecting to xiaozhi edu MCP...
[2026-07-25T16:17:04.187Z] Connected!
[2026-07-25T16:17:04.345Z] Closed, reconnecting...
[2026-07-25T16:17:07.710Z] Connecting to xiaozhi edu MCP...
[2026-07-25T16:17:07.965Z] Connected!
[2026-07-25T16:17:08.126Z] Closed, reconnecting...
[2026-07-25T16:17:09.346Z] Connecting to xiaozhi edu MCP...
[2026-07-25T16:17:09.602Z] Connected!
[2026-07-25T16:17:09.771Z] Closed, reconnecting...
[2026-07-25T16:17:13.127Z] Connecting to xiaozhi edu MCP...
[2026-07-25T16:17:13.368Z] Connected!
[2026-07-25T16:17:14.069Z] Closed, reconnecting...
[2026-07-25T16:17:14.774Z] Connecting to xiaozhi edu MCP...
[2026-07-25T16:17:15.024Z] Connected!
[2026-07-25T16:17:15.184Z] Closed, reconnecting...
[2026-07-25T16:17:19.071Z] Connecting to xiaozhi edu MCP...
[2026-07-25T16:17:19.331Z] Connected!
[2026-07-25T16:17:19.494Z] Closed, reconnecting...
[2026-07-25T16:17:20.186Z] Connecting to xiaozhi edu MCP...
[2026-07-25T16:17:20.513Z] Connected!
[2026-07-25T16:17:20.695Z] Closed, reconnecting...
[2026-07-25T16:17:24.496Z] Connecting to xiaozhi edu MCP...
[2026-07-25T16:17:24.763Z] Connected!
[2026-07-25T16:17:24.946Z] Closed, reconnecting...
[2026-07-25T16:17:25.696Z] Connecting to xiaozhi edu MCP...
[2026-07-25T16:17:27.085Z] Connected!
[2026-07-25T16:17:27.251Z] Closed, reconnecting...
[2026-07-25T16:17:29.945Z] Connecting to xiaozhi edu MCP...
[2026-07-25T16:17:30.203Z] Connected!
[2026-07-25T16:17:30.367Z] Closed, reconnecting...
[2026-07-25T16:17:32.250Z] Connecting to xiaozhi edu MCP...
[2026-07-25T16:17:32.526Z] Connected!
[2026-07-25T16:17:32.693Z] Closed, reconnecting...
[2026-07-25T16:17:35.366Z] Connecting to xiaozhi edu MCP...
[2026-07-25T16:17:36.238Z] Connected!
[2026-07-25T16:17:36.387Z] Closed, reconnecting...
[2026-07-25T16:17:37.693Z] Connecting to xiaozhi edu MCP...
[2026-07-25T16:17:37.932Z] Connected!
[2026-07-25T16:17:38.085Z] Closed, reconnecting...
[2026-07-25T16:17:41.388Z] Connecting to xiaozhi edu MCP...
[2026-07-25T16:17:42.252Z] Connected!
[2026-07-25T16:17:42.414Z] Closed, reconnecting...
[2026-07-25T16:17:43.086Z] Connecting to xiaozhi edu MCP...
[2026-07-25T16:17:43.331Z] Connected!
[2026-07-25T16:17:43.491Z] Closed, reconnecting...
[2026-07-25T16:17:47.416Z] Connecting to xiaozhi edu MCP...
[2026-07-25T16:17:47.660Z] Connected!
[2026-07-25T16:17:47.810Z] Closed, reconnecting...
[2026-07-25T16:17:48.492Z] Connecting to xiaozhi edu MCP...
[2026-07-25T16:17:48.752Z] Connected!
[2026-07-25T16:17:48.922Z] Closed, reconnecting...
[2026-07-25T16:17:52.812Z] Connecting to xiaozhi edu MCP...
[2026-07-25T16:17:53.925Z] Connecting to xiaozhi edu MCP...
[2026-07-25T16:17:55.450Z] Connected!
[2026-07-25T16:17:55.455Z] Connected!
[2026-07-25T16:17:55.721Z] Closed, reconnecting...
[2026-07-25T16:17:55.730Z] Closed, reconnecting...
[2026-07-25T16:18:00.723Z] Connecting to xiaozhi edu MCP...
[2026-07-25T16:18:00.729Z] Connecting to xiaozhi edu MCP...
[2026-07-25T16:18:00.979Z] Connected!
[2026-07-25T16:18:00.986Z] Connected!
[2026-07-25T16:18:01.138Z] Closed, reconnecting...
[2026-07-25T16:18:01.146Z] Closed, reconnecting...
[2026-07-25T16:18:06.140Z] Connecting to xiaozhi edu MCP...
[2026-07-25T16:18:06.147Z] Connecting to xiaozhi edu MCP...
[2026-07-25T16:18:08.769Z] Connected!
[2026-07-25T16:18:08.803Z] Connected!
[2026-07-25T16:18:08.968Z] Closed, reconnecting...
[2026-07-25T16:18:08.980Z] Closed, reconnecting...
[2026-07-25T16:18:13.970Z] Connecting to xiaozhi edu MCP...
[2026-07-25T16:18:13.982Z] Connecting to xiaozhi edu MCP...
[2026-07-25T16:18:14.265Z] Connected!
[2026-07-25T16:18:14.279Z] Connected!
[2026-07-25T16:18:14.430Z] Closed, reconnecting...
[2026-07-25T16:18:14.464Z] Closed, reconnecting...
[2026-07-25T16:18:19.432Z] Connecting to xiaozhi edu MCP...
[2026-07-25T16:18:19.466Z] Connecting to xiaozhi edu MCP...
[2026-07-25T16:18:19.698Z] Connected!
[2026-07-25T16:18:19.731Z] Connected!
[2026-07-25T16:18:19.864Z] Closed, reconnecting...
[2026-07-25T16:18:19.889Z] Closed, reconnecting...
[2026-07-25T16:18:24.867Z] Connecting to xiaozhi edu MCP...
[2026-07-25T16:18:24.892Z] Connecting to xiaozhi edu MCP...
[2026-07-25T16:18:25.116Z] Connected!
[2026-07-25T16:18:25.146Z] Connected!
[2026-07-25T16:18:25.275Z] Closed, reconnecting...
[2026-07-25T16:18:25.313Z] Closed, reconnecting...
[2026-07-25T16:18:30.277Z] Connecting to xiaozhi edu MCP...
[2026-07-25T16:18:30.316Z] Connecting to xiaozhi edu MCP...
[2026-07-25T16:18:30.544Z] Connected!
[2026-07-25T16:18:30.586Z] Connected!
[2026-07-25T16:18:30.710Z] Closed, reconnecting...
[2026-07-25T16:18:30.712Z] Closed, reconnecting...
[2026-07-25T16:18:35.711Z] Connecting to xiaozhi edu MCP...
[2026-07-25T16:18:35.712Z] Connecting to xiaozhi edu MCP...
[2026-07-25T16:18:35.965Z] Connected!
[2026-07-25T16:18:35.969Z] Connected!
[2026-07-25T16:18:36.127Z] Closed, reconnecting...
[2026-07-25T16:18:36.145Z] Closed, reconnecting...
[2026-07-25T16:18:41.128Z] Connecting to xiaozhi edu MCP...
[2026-07-25T16:18:41.147Z] Connecting to xiaozhi edu MCP...
[2026-07-25T16:18:41.370Z] Connected!
[2026-07-25T16:18:41.529Z] Closed, reconnecting...
[2026-07-25T16:18:44.005Z] Connected!
[2026-07-25T16:18:44.226Z] Closed, reconnecting...
[2026-07-25T16:18:46.532Z] Connecting to xiaozhi edu MCP...
[2026-07-25T16:18:48.556Z] Connected!
[2026-07-25T16:18:49.073Z] Closed, reconnecting...
[2026-07-25T16:18:49.228Z] Connecting to xiaozhi edu MCP...
[2026-07-25T16:18:49.501Z] Connected!
[2026-07-25T16:18:49.669Z] Closed, reconnecting...
[2026-07-25T16:18:54.073Z] Connecting to xiaozhi edu MCP...
[2026-07-25T16:18:54.329Z] Connected!
[2026-07-25T16:18:54.482Z] Closed, reconnecting...
[2026-07-25T16:18:54.669Z] Connecting to xiaozhi edu MCP...
[2026-07-25T16:18:54.911Z] Connected!
[2026-07-25T16:18:55.075Z] Closed, reconnecting...
[2026-07-25T16:18:59.484Z] Connecting to xiaozhi edu MCP...
[2026-07-25T16:18:59.880Z] Connected!
[2026-07-25T16:19:00.050Z] Closed, reconnecting...
[2026-07-25T16:19:00.077Z] Connecting to xiaozhi edu MCP...
[2026-07-25T16:19:00.548Z] Connected!
[2026-07-25T16:19:00.735Z] Closed, reconnecting...
[2026-07-25T16:19:05.053Z] Connecting to xiaozhi edu MCP...
[2026-07-25T16:19:05.320Z] Connected!
[2026-07-25T16:19:05.493Z] Closed, reconnecting...
[2026-07-25T16:19:05.736Z] Connecting to xiaozhi edu MCP...
[2026-07-25T16:19:05.987Z] Connected!
[2026-07-25T16:19:06.140Z] Closed, reconnecting...
[2026-07-25T16:19:10.493Z] Connecting to xiaozhi edu MCP...
[2026-07-25T16:19:10.735Z] Connected!
[2026-07-25T16:19:10.882Z] Closed, reconnecting...
[2026-07-25T16:19:11.140Z] Connecting to xiaozhi edu MCP...
[2026-07-25T16:19:11.375Z] Connected!
[2026-07-25T16:19:11.655Z] Closed, reconnecting...
[2026-07-25T16:19:15.885Z] Connecting to xiaozhi edu MCP...
[2026-07-25T16:19:16.656Z] Connecting to xiaozhi edu MCP...
[2026-07-25T16:19:17.179Z] Connected!
[2026-07-25T16:19:17.182Z] Connected!
[2026-07-25T16:19:17.348Z] Closed, reconnecting...
[2026-07-25T16:19:19.841Z] Closed, reconnecting...
[2026-07-25T16:19:22.348Z] Connecting to xiaozhi edu MCP...
[2026-07-25T16:19:22.606Z] Connected!
[2026-07-25T16:19:22.775Z] Closed, reconnecting...
[2026-07-25T16:19:24.843Z] Connecting to xiaozhi edu MCP...
[2026-07-25T16:19:25.106Z] Connected!
[2026-07-25T16:19:25.273Z] Closed, reconnecting...
[2026-07-25T16:19:27.777Z] Connecting to xiaozhi edu MCP...
[2026-07-25T16:19:28.706Z] Connected!
[2026-07-25T16:19:28.881Z] Closed, reconnecting...
[2026-07-25T16:19:30.275Z] Connecting to xiaozhi edu MCP...
[2026-07-25T16:19:30.536Z] Connected!
[2026-07-25T16:19:30.717Z] Closed, reconnecting...
[2026-07-25T16:19:33.883Z] Connecting to xiaozhi edu MCP...
[2026-07-25T16:19:34.143Z] Connected!
[2026-07-25T16:19:34.307Z] Closed, reconnecting...
[2026-07-25T16:19:35.719Z] Connecting to xiaozhi edu MCP...
[2026-07-25T16:19:35.962Z] Connected!
[2026-07-25T16:19:36.131Z] Closed, reconnecting...
[2026-07-25T16:19:39.309Z] Connecting to xiaozhi edu MCP...
[2026-07-25T16:19:39.553Z] Connected!
[2026-07-25T16:19:39.708Z] Closed, reconnecting...
[2026-07-25T16:19:41.133Z] Connecting to xiaozhi edu MCP...
[2026-07-25T16:19:41.383Z] Connected!
[2026-07-25T16:19:41.545Z] Closed, reconnecting...
[2026-07-25T16:19:44.708Z] Connecting to xiaozhi edu MCP...
[2026-07-25T16:19:44.972Z] Connected!
[2026-07-25T16:19:45.147Z] Closed, reconnecting...
[2026-07-25T16:19:46.547Z] Connecting to xiaozhi edu MCP...
[2026-07-25T16:19:46.797Z] Connected!
[2026-07-25T16:19:46.957Z] Closed, reconnecting...
[2026-07-25T16:19:50.149Z] Connecting to xiaozhi edu MCP...
[2026-07-25T16:19:50.416Z] Connected!
[2026-07-25T16:19:50.575Z] Closed, reconnecting...
[2026-07-25T16:19:51.957Z] Connecting to xiaozhi edu MCP...
[2026-07-25T16:19:52.201Z] Connected!
[2026-07-25T16:19:52.352Z] Closed, reconnecting...
[2026-07-25T16:19:55.577Z] Connecting to xiaozhi edu MCP...
[2026-07-25T16:19:57.354Z] Connecting to xiaozhi edu MCP...
[2026-07-25T16:19:57.745Z] Connected!
[2026-07-25T16:19:57.746Z] Connected!
[2026-07-25T16:19:57.892Z] Closed, reconnecting...
[2026-07-25T16:19:57.904Z] Closed, reconnecting...
[2026-07-25T16:20:02.893Z] Connecting to xiaozhi edu MCP...
[2026-07-25T16:20:02.904Z] Connecting to xiaozhi edu MCP...
[2026-07-25T16:20:03.147Z] Connected!
[2026-07-25T16:20:03.150Z] Connected!
[2026-07-25T16:20:03.302Z] Closed, reconnecting...
[2026-07-25T16:20:03.305Z] Closed, reconnecting...
[2026-07-25T16:20:08.303Z] Connecting to xiaozhi edu MCP...
[2026-07-25T16:20:08.305Z] Connecting to xiaozhi edu MCP...
[2026-07-25T16:20:08.555Z] Connected!
[2026-07-25T16:20:08.564Z] Connected!
[2026-07-25T16:20:08.712Z] Closed, reconnecting...
[2026-07-25T16:20:08.726Z] Closed, reconnecting...
[2026-07-25T16:20:13.715Z] Connecting to xiaozhi edu MCP...
[2026-07-25T16:20:13.727Z] Connecting to xiaozhi edu MCP...
[2026-07-25T16:20:13.964Z] Connected!
[2026-07-25T16:20:13.976Z] Connected!
[2026-07-25T16:20:14.119Z] Closed, reconnecting...
[2026-07-25T16:20:14.136Z] Closed, reconnecting...
[2026-07-25T16:20:19.121Z] Connecting to xiaozhi edu MCP...
[2026-07-25T16:20:19.136Z] Connecting to xiaozhi edu MCP...
[2026-07-25T16:20:19.401Z] Connected!
[2026-07-25T16:20:19.418Z] Connected!
[2026-07-25T16:20:19.566Z] Closed, reconnecting...
[2026-07-25T16:20:19.589Z] Closed, reconnecting...
[2026-07-25T16:20:24.568Z] Connecting to xiaozhi edu MCP...
[2026-07-25T16:20:24.592Z] Connecting to xiaozhi edu MCP...
[2026-07-25T16:20:24.843Z] Connected!
[2026-07-25T16:20:24.855Z] Connected!
[2026-07-25T16:20:25.017Z] Closed, reconnecting...
[2026-07-25T16:20:25.022Z] Closed, reconnecting...
[2026-07-25T16:20:30.020Z] Connecting to xiaozhi edu MCP...
[2026-07-25T16:20:30.021Z] Connecting to xiaozhi edu MCP...
[2026-07-25T16:20:30.279Z] Connected!
[2026-07-25T16:20:30.447Z] Closed, reconnecting...
[2026-07-25T16:20:31.859Z] Connected!
[2026-07-25T16:20:32.030Z] Closed, reconnecting...
[2026-07-25T16:20:35.450Z] Connecting to xiaozhi edu MCP...
[2026-07-25T16:20:35.765Z] Connected!
[2026-07-25T16:20:35.926Z] Closed, reconnecting...
[2026-07-25T16:20:37.032Z] Connecting to xiaozhi edu MCP...
[2026-07-25T16:20:38.621Z] Connected!
[2026-07-25T16:20:38.776Z] Closed, reconnecting...
[2026-07-25T16:20:40.929Z] Connecting to xiaozhi edu MCP...
[2026-07-25T16:20:41.191Z] Connected!
[2026-07-25T16:20:41.354Z] Closed, reconnecting...
[2026-07-25T16:20:43.776Z] Connecting to xiaozhi edu MCP...
[2026-07-25T16:20:44.038Z] Connected!
[2026-07-25T16:20:44.203Z] Closed, reconnecting...
[2026-07-25T16:20:46.355Z] Connecting to xiaozhi edu MCP...
[2026-07-25T16:20:46.618Z] Connected!
[2026-07-25T16:20:46.781Z] Closed, reconnecting...
[2026-07-25T16:20:49.204Z] Connecting to xiaozhi edu MCP...
[2026-07-25T16:20:51.783Z] Connecting to xiaozhi edu MCP...
[2026-07-25T16:20:52.020Z] Connected!
[2026-07-25T16:20:52.184Z] Closed, reconnecting...
[2026-07-25T16:20:52.468Z] Connected!
[2026-07-25T16:20:52.633Z] Closed, reconnecting...
[2026-07-25T16:20:57.187Z] Connecting to xiaozhi edu MCP...
[2026-07-25T16:20:57.447Z] Connected!
[2026-07-25T16:20:57.608Z] Closed, reconnecting...
[2026-07-25T16:20:57.635Z] Connecting to xiaozhi edu MCP...
[2026-07-25T16:20:57.893Z] Connected!
[2026-07-25T16:20:58.209Z] Closed, reconnecting...
[2026-07-25T16:21:02.610Z] Connecting to xiaozhi edu MCP...
[2026-07-25T16:21:02.842Z] Connected!
[2026-07-25T16:21:02.989Z] Closed, reconnecting...
[2026-07-25T16:21:03.211Z] Connecting to xiaozhi edu MCP...
[2026-07-25T16:21:03.460Z] Connected!
[2026-07-25T16:21:03.620Z] Closed, reconnecting...
[2026-07-25T16:21:07.992Z] Connecting to xiaozhi edu MCP...
[2026-07-25T16:21:08.250Z] Connected!
[2026-07-25T16:21:08.409Z] Closed, reconnecting...
[2026-07-25T16:21:08.622Z] Connecting to xiaozhi edu MCP...
[2026-07-25T16:21:08.891Z] Connected!
[2026-07-25T16:21:09.060Z] Closed, reconnecting...
[2026-07-25T16:21:13.412Z] Connecting to xiaozhi edu MCP...
[2026-07-25T16:21:13.666Z] Connected!
[2026-07-25T16:21:13.828Z] Closed, reconnecting...
[2026-07-25T16:21:14.063Z] Connecting to xiaozhi edu MCP...
[2026-07-25T16:21:14.323Z] Connected!
[2026-07-25T16:21:14.496Z] Closed, reconnecting...
[2026-07-25T16:21:18.829Z] Connecting to xiaozhi edu MCP...
[2026-07-25T16:21:19.083Z] Connected!
[2026-07-25T16:21:19.395Z] Closed, reconnecting...
[2026-07-25T16:21:19.498Z] Connecting to xiaozhi edu MCP...
[2026-07-25T16:21:19.751Z] Connected!
[2026-07-25T16:21:19.917Z] Closed, reconnecting...
[2026-07-25T16:21:24.396Z] Connecting to xiaozhi edu MCP...
[2026-07-25T16:21:24.662Z] Connected!
[2026-07-25T16:21:24.836Z] Closed, reconnecting...
[2026-07-25T16:21:24.919Z] Connecting to xiaozhi edu MCP...
[2026-07-25T16:21:25.150Z] Connected!
[2026-07-25T16:21:25.302Z] Closed, reconnecting...
[2026-07-25T16:21:29.839Z] Connecting to xiaozhi edu MCP...
[2026-07-25T16:21:30.237Z] Connected!
[2026-07-25T16:21:30.303Z] Connecting to xiaozhi edu MCP...
[2026-07-25T16:21:30.397Z] Closed, reconnecting...
[2026-07-25T16:21:30.545Z] Connected!
[2026-07-25T16:21:30.699Z] Closed, reconnecting...
[2026-07-25T16:21:35.398Z] Connecting to xiaozhi edu MCP...
[2026-07-25T16:21:35.665Z] Connected!
[2026-07-25T16:21:35.702Z] Connecting to xiaozhi edu MCP...
[2026-07-25T16:21:35.819Z] Closed, reconnecting...
[2026-07-25T16:21:35.937Z] Connected!
[2026-07-25T16:21:36.087Z] Closed, reconnecting...
[2026-07-25T16:21:40.819Z] Connecting to xiaozhi edu MCP...
[2026-07-25T16:21:41.089Z] Connecting to xiaozhi edu MCP...
[2026-07-25T16:21:41.721Z] Connected!
[2026-07-25T16:21:41.758Z] Connected!
[2026-07-25T16:21:41.881Z] Closed, reconnecting...
[2026-07-25T16:21:41.887Z] Closed, reconnecting...
[2026-07-25T16:21:46.883Z] Connecting to xiaozhi edu MCP...
[2026-07-25T16:21:46.888Z] Connecting to xiaozhi edu MCP...
[2026-07-25T16:21:47.137Z] Connected!
[2026-07-25T16:21:47.142Z] Connected!
[2026-07-25T16:21:47.301Z] Closed, reconnecting...
[2026-07-25T16:21:47.309Z] Closed, reconnecting...
[2026-07-25T16:21:52.302Z] Connecting to xiaozhi edu MCP...
[2026-07-25T16:21:52.310Z] Connecting to xiaozhi edu MCP...
[2026-07-25T16:21:52.587Z] Connected!
[2026-07-25T16:21:52.611Z] Connected!
[2026-07-25T16:21:52.749Z] Closed, reconnecting...
[2026-07-25T16:21:52.779Z] Closed, reconnecting...
[2026-07-25T16:21:57.751Z] Connecting to xiaozhi edu MCP...
[2026-07-25T16:21:57.780Z] Connecting to xiaozhi edu MCP...
[2026-07-25T16:21:57.997Z] Connected!
[2026-07-25T16:21:58.036Z] Connected!
[2026-07-25T16:21:58.157Z] Closed, reconnecting...
[2026-07-25T16:21:58.193Z] Closed, reconnecting...
[2026-07-25T16:22:03.159Z] Connecting to xiaozhi edu MCP...
[2026-07-25T16:22:03.194Z] Connecting to xiaozhi edu MCP...
[2026-07-25T16:22:03.411Z] Connected!
[2026-07-25T16:22:03.442Z] Connected!
[2026-07-25T16:22:03.571Z] Closed, reconnecting...
[2026-07-25T16:22:03.604Z] Closed, reconnecting...
[2026-07-25T16:22:08.574Z] Connecting to xiaozhi edu MCP...
[2026-07-25T16:22:08.606Z] Connecting to xiaozhi edu MCP...
[2026-07-25T16:22:08.831Z] Connected!
[2026-07-25T16:22:08.849Z] Connected!
[2026-07-25T16:22:09.005Z] Closed, reconnecting...
[2026-07-25T16:22:09.019Z] Closed, reconnecting...
[2026-07-25T16:22:14.008Z] Connecting to xiaozhi edu MCP...
[2026-07-25T16:22:14.019Z] Connecting to xiaozhi edu MCP...
[2026-07-25T16:22:14.254Z] Connected!
[2026-07-25T16:22:14.258Z] Connected!
[2026-07-25T16:22:14.412Z] Closed, reconnecting...
[2026-07-25T16:22:14.412Z] Closed, reconnecting...
[2026-07-25T16:22:19.415Z] Connecting to xiaozhi edu MCP...
[2026-07-25T16:22:19.416Z] Connecting to xiaozhi edu MCP...
[2026-07-25T16:22:19.661Z] Connected!
[2026-07-25T16:22:19.672Z] Connected!
[2026-07-25T16:22:19.812Z] Closed, reconnecting...
[2026-07-25T16:22:19.825Z] Closed, reconnecting...
[2026-07-25T16:22:24.814Z] Connecting to xiaozhi edu MCP...
[2026-07-25T16:22:24.828Z] Connecting to xiaozhi edu MCP...
[2026-07-25T16:22:25.070Z] Connected!
[2026-07-25T16:22:25.086Z] Connected!
[2026-07-25T16:22:25.223Z] Closed, reconnecting...
[2026-07-25T16:22:25.249Z] Closed, reconnecting...
[2026-07-25T16:22:30.224Z] Connecting to xiaozhi edu MCP...
[2026-07-25T16:22:30.251Z] Connecting to xiaozhi edu MCP...
[2026-07-25T16:22:30.469Z] Connected!
[2026-07-25T16:22:30.527Z] Connected!
[2026-07-25T16:22:30.630Z] Closed, reconnecting...
[2026-07-25T16:22:30.696Z] Closed, reconnecting...
[2026-07-25T16:22:35.632Z] Connecting to xiaozhi edu MCP...
[2026-07-25T16:22:35.698Z] Connecting to xiaozhi edu MCP...
[2026-07-25T16:22:35.883Z] Connected!
[2026-07-25T16:22:35.944Z] Connected!
[2026-07-25T16:22:36.032Z] Closed, reconnecting...
[2026-07-25T16:22:36.095Z] Closed, reconnecting...
[2026-07-25T16:22:41.034Z] Connecting to xiaozhi edu MCP...
[2026-07-25T16:22:41.098Z] Connecting to xiaozhi edu MCP...
[2026-07-25T16:22:41.273Z] Connected!
[2026-07-25T16:22:41.367Z] Connected!
[2026-07-25T16:22:41.425Z] Closed, reconnecting...
[2026-07-25T16:22:41.540Z] Closed, reconnecting...
[2026-07-25T16:22:46.428Z] Connecting to xiaozhi edu MCP...
[2026-07-25T16:22:46.541Z] Connecting to xiaozhi edu MCP...
[2026-07-25T16:22:46.704Z] Connected!
[2026-07-25T16:22:46.786Z] Connected!
[2026-07-25T16:22:46.878Z] Closed, reconnecting...
[2026-07-25T16:22:46.941Z] Closed, reconnecting...
[2026-07-25T16:22:51.881Z] Connecting to xiaozhi edu MCP...
[2026-07-25T16:22:51.944Z] Connecting to xiaozhi edu MCP...
[2026-07-25T16:22:52.132Z] Connected!
[2026-07-25T16:22:52.223Z] Connected!
[2026-07-25T16:22:52.286Z] Closed, reconnecting...
[2026-07-25T16:22:52.397Z] Closed, reconnecting...
[2026-07-25T16:22:57.287Z] Connecting to xiaozhi edu MCP...
[2026-07-25T16:22:57.397Z] Connecting to xiaozhi edu MCP...
[2026-07-25T16:22:57.552Z] Connected!
[2026-07-25T16:22:57.640Z] Connected!
[2026-07-25T16:22:57.706Z] Closed, reconnecting...
[2026-07-25T16:22:57.797Z] Closed, reconnecting...
[2026-07-25T16:23:02.708Z] Connecting to xiaozhi edu MCP...
[2026-07-25T16:23:02.800Z] Connecting to xiaozhi edu MCP...
[2026-07-25T16:23:02.933Z] Connected!
[2026-07-25T16:23:03.048Z] Connected!
[2026-07-25T16:23:03.076Z] Closed, reconnecting...
[2026-07-25T16:23:03.203Z] Closed, reconnecting...
[2026-07-25T16:23:08.079Z] Connecting to xiaozhi edu MCP...
[2026-07-25T16:23:08.206Z] Connecting to xiaozhi edu MCP...
[2026-07-25T16:23:08.363Z] Connected!
[2026-07-25T16:23:08.466Z] Connected!
[2026-07-25T16:23:08.560Z] Closed, reconnecting...
[2026-07-25T16:23:08.637Z] Closed, reconnecting...
[2026-07-25T16:23:13.562Z] Connecting to xiaozhi edu MCP...
[2026-07-25T16:23:13.639Z] Connecting to xiaozhi edu MCP...
[2026-07-25T16:23:13.812Z] Connected!
[2026-07-25T16:23:13.881Z] Connected!
[2026-07-25T16:23:13.960Z] Closed, reconnecting...
[2026-07-25T16:23:14.030Z] Closed, reconnecting...
[2026-07-25T16:23:18.962Z] Connecting to xiaozhi edu MCP...
[2026-07-25T16:23:19.032Z] Connecting to xiaozhi edu MCP...
[2026-07-25T16:23:19.226Z] Connected!
[2026-07-25T16:23:19.278Z] Connected!
[2026-07-25T16:23:19.393Z] Closed, reconnecting...
[2026-07-25T16:23:19.419Z] Closed, reconnecting...
[2026-07-25T16:23:24.395Z] Connecting to xiaozhi edu MCP...
[2026-07-25T16:23:24.420Z] Connecting to xiaozhi edu MCP...
[2026-07-25T16:23:24.658Z] Connected!
[2026-07-25T16:23:24.675Z] Connected!
[2026-07-25T16:23:24.820Z] Closed, reconnecting...
[2026-07-25T16:23:24.836Z] Closed, reconnecting...
[2026-07-25T16:23:29.822Z] Connecting to xiaozhi edu MCP...
[2026-07-25T16:23:29.836Z] Connecting to xiaozhi edu MCP...
[2026-07-25T16:23:30.127Z] Connected!
[2026-07-25T16:23:30.161Z] Connected!
[2026-07-25T16:23:30.287Z] Closed, reconnecting...
[2026-07-25T16:23:30.313Z] Closed, reconnecting...
[2026-07-25T16:23:35.290Z] Connecting to xiaozhi edu MCP...
[2026-07-25T16:23:35.315Z] Connecting to xiaozhi edu MCP...
[2026-07-25T16:23:35.558Z] Connected!
[2026-07-25T16:23:35.576Z] Connected!
[2026-07-25T16:23:35.730Z] Closed, reconnecting...
[2026-07-25T16:23:35.744Z] Closed, reconnecting...
[2026-07-25T16:23:40.732Z] Connecting to xiaozhi edu MCP...
[2026-07-25T16:23:40.747Z] Connecting to xiaozhi edu MCP...
[2026-07-25T16:23:40.971Z] Connected!
[2026-07-25T16:23:41.006Z] Connected!
[2026-07-25T16:23:41.133Z] Closed, reconnecting...
[2026-07-25T16:23:41.170Z] Closed, reconnecting...
[2026-07-25T16:23:46.136Z] Connecting to xiaozhi edu MCP...
[2026-07-25T16:23:46.173Z] Connecting to xiaozhi edu MCP...
[2026-07-25T16:23:46.405Z] Connected!
[2026-07-25T16:23:46.437Z] Connected!
[2026-07-25T16:23:46.587Z] Closed, reconnecting...
[2026-07-25T16:23:46.611Z] Closed, reconnecting...
[2026-07-25T16:23:51.589Z] Connecting to xiaozhi edu MCP...
[2026-07-25T16:23:51.613Z] Connecting to xiaozhi edu MCP...
[2026-07-25T16:23:51.851Z] Connected!
[2026-07-25T16:23:51.859Z] Connected!
[2026-07-25T16:23:51.997Z] Closed, reconnecting...
[2026-07-25T16:23:52.023Z] Closed, reconnecting...
[2026-07-25T16:23:56.997Z] Connecting to xiaozhi edu MCP...
[2026-07-25T16:23:57.026Z] Connecting to xiaozhi edu MCP...
[2026-07-25T16:23:57.255Z] Connected!
[2026-07-25T16:23:57.285Z] Connected!
[2026-07-25T16:23:57.418Z] Closed, reconnecting...
[2026-07-25T16:23:57.450Z] Closed, reconnecting...
[2026-07-25T16:24:02.421Z] Connecting to xiaozhi edu MCP...
[2026-07-25T16:24:02.453Z] Connecting to xiaozhi edu MCP...
[2026-07-25T16:24:02.679Z] Connected!
[2026-07-25T16:24:02.694Z] Connected!
[2026-07-25T16:24:02.843Z] Closed, reconnecting...
[2026-07-25T16:24:02.855Z] Closed, reconnecting...
[2026-07-25T16:24:07.845Z] Connecting to xiaozhi edu MCP...
[2026-07-25T16:24:07.856Z] Connecting to xiaozhi edu MCP...
[2026-07-25T16:24:08.104Z] Connected!
[2026-07-25T16:24:08.109Z] Connected!
[2026-07-25T16:24:08.263Z] Closed, reconnecting...
[2026-07-25T16:24:08.280Z] Closed, reconnecting...
[2026-07-25T16:24:13.265Z] Connecting to xiaozhi edu MCP...
[2026-07-25T16:24:13.281Z] Connecting to xiaozhi edu MCP...
[2026-07-25T16:24:13.511Z] Connected!
[2026-07-25T16:24:13.528Z] Connected!
[2026-07-25T16:24:13.669Z] Closed, reconnecting...
[2026-07-25T16:24:13.675Z] Closed, reconnecting...
[2026-07-25T16:24:18.671Z] Connecting to xiaozhi edu MCP...
[2026-07-25T16:24:18.675Z] Connecting to xiaozhi edu MCP...
[2026-07-25T16:24:18.912Z] Connected!
[2026-07-25T16:24:18.927Z] Connected!
[2026-07-25T16:24:19.068Z] Closed, reconnecting...
[2026-07-25T16:24:19.082Z] Closed, reconnecting...
[2026-07-25T16:24:24.070Z] Connecting to xiaozhi edu MCP...
[2026-07-25T16:24:24.083Z] Connecting to xiaozhi edu MCP...
[2026-07-25T16:24:24.324Z] Connected!
[2026-07-25T16:24:24.348Z] Connected!
[2026-07-25T16:24:24.481Z] Closed, reconnecting...
[2026-07-25T16:24:24.498Z] Closed, reconnecting...
[2026-07-25T16:24:29.481Z] Connecting to xiaozhi edu MCP...
[2026-07-25T16:24:29.501Z] Connecting to xiaozhi edu MCP...
[2026-07-25T16:24:29.728Z] Connected!
[2026-07-25T16:24:29.748Z] Connected!
[2026-07-25T16:24:29.891Z] Closed, reconnecting...
[2026-07-25T16:24:29.905Z] Closed, reconnecting...
[2026-07-25T16:24:34.892Z] Connecting to xiaozhi edu MCP...
[2026-07-25T16:24:34.906Z] Connecting to xiaozhi edu MCP...
[2026-07-25T16:24:35.161Z] Connected!
[2026-07-25T16:24:35.183Z] Connected!
[2026-07-25T16:24:35.340Z] Closed, reconnecting...
[2026-07-25T16:24:35.357Z] Closed, reconnecting...
[2026-07-25T16:24:40.343Z] Connecting to xiaozhi edu MCP...
[2026-07-25T16:24:40.359Z] Connecting to xiaozhi edu MCP...
[2026-07-25T16:24:40.595Z] Connected!
[2026-07-25T16:24:40.609Z] Connected!
[2026-07-25T16:24:40.758Z] Closed, reconnecting...
[2026-07-25T16:24:40.770Z] Closed, reconnecting...
[2026-07-25T16:24:45.760Z] Connecting to xiaozhi edu MCP...
[2026-07-25T16:24:45.772Z] Connecting to xiaozhi edu MCP...
[2026-07-25T16:24:46.017Z] Connected!
[2026-07-25T16:24:46.019Z] Connected!
[2026-07-25T16:24:46.175Z] Closed, reconnecting...
[2026-07-25T16:24:46.180Z] Closed, reconnecting...
[2026-07-25T16:24:51.177Z] Connecting to xiaozhi edu MCP...
[2026-07-25T16:24:51.181Z] Connecting to xiaozhi edu MCP...
[2026-07-25T16:24:51.439Z] Connected!
[2026-07-25T16:24:51.460Z] Connected!
[2026-07-25T16:24:51.602Z] Closed, reconnecting...
[2026-07-25T16:24:51.642Z] Closed, reconnecting...
[2026-07-25T16:24:56.604Z] Connecting to xiaozhi edu MCP...
[2026-07-25T16:24:56.642Z] Connecting to xiaozhi edu MCP...
[2026-07-25T16:24:56.880Z] Connected!
[2026-07-25T16:24:56.902Z] Connected!
[2026-07-25T16:24:57.062Z] Closed, reconnecting...
[2026-07-25T16:24:57.069Z] Closed, reconnecting...
[2026-07-25T16:25:02.063Z] Connecting to xiaozhi edu MCP...
[2026-07-25T16:25:02.069Z] Connecting to xiaozhi edu MCP...
[2026-07-25T16:25:02.293Z] Connected!
[2026-07-25T16:25:02.323Z] Connected!
[2026-07-25T16:25:02.440Z] Closed, reconnecting...
[2026-07-25T16:25:02.478Z] Closed, reconnecting...
[2026-07-25T16:25:07.442Z] Connecting to xiaozhi edu MCP...
[2026-07-25T16:25:07.481Z] Connecting to xiaozhi edu MCP...
[2026-07-25T16:25:07.696Z] Connected!
[2026-07-25T16:25:07.733Z] Connected!
[2026-07-25T16:25:07.862Z] Closed, reconnecting...
[2026-07-25T16:25:07.905Z] Closed, reconnecting...
[2026-07-25T16:25:12.863Z] Connecting to xiaozhi edu MCP...
[2026-07-25T16:25:12.908Z] Connecting to xiaozhi edu MCP...
[2026-07-25T16:25:13.095Z] Connected!
[2026-07-25T16:25:13.154Z] Connected!
[2026-07-25T16:25:13.266Z] Closed, reconnecting...
[2026-07-25T16:25:13.314Z] Closed, reconnecting...
[2026-07-25T16:25:18.268Z] Connecting to xiaozhi edu MCP...
[2026-07-25T16:25:18.317Z] Connecting to xiaozhi edu MCP...
[2026-07-25T16:25:18.517Z] Connected!
[2026-07-25T16:25:18.577Z] Connected!
[2026-07-25T16:25:18.680Z] Closed, reconnecting...
[2026-07-25T16:25:18.727Z] Closed, reconnecting...
[2026-07-25T16:25:23.682Z] Connecting to xiaozhi edu MCP...
[2026-07-25T16:25:23.730Z] Connecting to xiaozhi edu MCP...
[2026-07-25T16:25:23.943Z] Connected!
[2026-07-25T16:25:23.980Z] Connected!
[2026-07-25T16:25:24.097Z] Closed, reconnecting...
[2026-07-25T16:25:24.104Z] Closed, reconnecting...
[2026-07-25T16:25:29.098Z] Connecting to xiaozhi edu MCP...
[2026-07-25T16:25:29.105Z] Connecting to xiaozhi edu MCP...
[2026-07-25T16:25:29.361Z] Connected!
[2026-07-25T16:25:29.387Z] Connected!
[2026-07-25T16:25:29.511Z] Closed, reconnecting...
[2026-07-25T16:25:29.577Z] Closed, reconnecting...
[2026-07-25T16:25:34.512Z] Connecting to xiaozhi edu MCP...
[2026-07-25T16:25:34.578Z] Connecting to xiaozhi edu MCP...
[2026-07-25T16:25:34.764Z] Connected!
[2026-07-25T16:25:34.837Z] Connected!
[2026-07-25T16:25:34.923Z] Closed, reconnecting...
[2026-07-25T16:25:34.998Z] Closed, reconnecting...
[2026-07-25T16:25:39.926Z] Connecting to xiaozhi edu MCP...
[2026-07-25T16:25:40.001Z] Connecting to xiaozhi edu MCP...
[2026-07-25T16:25:40.216Z] Connected!
[2026-07-25T16:25:40.266Z] Connected!
[2026-07-25T16:25:40.383Z] Closed, reconnecting...
[2026-07-25T16:25:40.428Z] Closed, reconnecting...
[2026-07-25T16:25:45.386Z] Connecting to xiaozhi edu MCP...
[2026-07-25T16:25:45.430Z] Connecting to xiaozhi edu MCP...
[2026-07-25T16:25:45.657Z] Connected!
[2026-07-25T16:25:45.681Z] Connected!
[2026-07-25T16:25:45.820Z] Closed, reconnecting...
[2026-07-25T16:25:45.842Z] Closed, reconnecting...
[2026-07-25T16:25:50.823Z] Connecting to xiaozhi edu MCP...
[2026-07-25T16:25:50.845Z] Connecting to xiaozhi edu MCP...
[2026-07-25T16:25:51.061Z] Connected!
[2026-07-25T16:25:51.120Z] Connected!
[2026-07-25T16:25:51.212Z] Closed, reconnecting...
[2026-07-25T16:25:51.284Z] Closed, reconnecting...
[2026-07-25T16:25:56.214Z] Connecting to xiaozhi edu MCP...
[2026-07-25T16:25:56.285Z] Connecting to xiaozhi edu MCP...
[2026-07-25T16:25:56.500Z] Connected!
[2026-07-25T16:25:56.544Z] Connected!
[2026-07-25T16:25:56.668Z] Closed, reconnecting...
[2026-07-25T16:25:56.694Z] Closed, reconnecting...
[2026-07-25T16:26:01.671Z] Connecting to xiaozhi edu MCP...
[2026-07-25T16:26:01.695Z] Connecting to xiaozhi edu MCP...
[2026-07-25T16:26:01.948Z] Connected!
[2026-07-25T16:26:01.958Z] Connected!
[2026-07-25T16:26:02.121Z] Closed, reconnecting...
[2026-07-25T16:26:02.122Z] Closed, reconnecting...
[2026-07-25T16:26:07.124Z] Connecting to xiaozhi edu MCP...
[2026-07-25T16:26:07.125Z] Connecting to xiaozhi edu MCP...
[2026-07-25T16:26:07.360Z] Connected!
[2026-07-25T16:26:07.401Z] Connected!
[2026-07-25T16:26:07.510Z] Closed, reconnecting...
[2026-07-25T16:26:07.525Z] Closed, reconnecting...
[2026-07-25T16:26:12.511Z] Connecting to xiaozhi edu MCP...
[2026-07-25T16:26:12.524Z] Connecting to xiaozhi edu MCP...
[2026-07-25T16:26:12.763Z] Connected!
[2026-07-25T16:26:12.786Z] Connected!
[2026-07-25T16:26:12.927Z] Closed, reconnecting...
[2026-07-25T16:26:12.951Z] Closed, reconnecting...
[2026-07-25T16:26:17.928Z] Connecting to xiaozhi edu MCP...
[2026-07-25T16:26:17.952Z] Connecting to xiaozhi edu MCP...
[2026-07-25T16:26:18.200Z] Connected!
[2026-07-25T16:26:18.265Z] Connected!
[2026-07-25T16:26:18.365Z] Closed, reconnecting...
[2026-07-25T16:26:18.410Z] Closed, reconnecting...
[2026-07-25T16:26:23.368Z] Connecting to xiaozhi edu MCP...
[2026-07-25T16:26:23.412Z] Connecting to xiaozhi edu MCP...
[2026-07-25T16:26:23.624Z] Connected!
[2026-07-25T16:26:23.665Z] Connected!
[2026-07-25T16:26:23.780Z] Closed, reconnecting...
[2026-07-25T16:26:23.797Z] Closed, reconnecting...
[2026-07-25T16:26:28.783Z] Connecting to xiaozhi edu MCP...
[2026-07-25T16:26:28.798Z] Connecting to xiaozhi edu MCP...
[2026-07-25T16:26:29.043Z] Connected!
[2026-07-25T16:26:29.061Z] Connected!
[2026-07-25T16:26:29.215Z] Closed, reconnecting...
[2026-07-25T16:26:29.230Z] Closed, reconnecting...
[2026-07-25T16:26:34.217Z] Connecting to xiaozhi edu MCP...
[2026-07-25T16:26:34.230Z] Connecting to xiaozhi edu MCP...
[2026-07-25T16:26:34.464Z] Connected!
[2026-07-25T16:26:34.494Z] Connected!
[2026-07-25T16:26:34.610Z] Closed, reconnecting...
[2026-07-25T16:26:34.621Z] Closed, reconnecting...
[2026-07-25T16:26:39.610Z] Connecting to xiaozhi edu MCP...
[2026-07-25T16:26:39.621Z] Connecting to xiaozhi edu MCP...
[2026-07-25T16:26:39.881Z] Connected!
[2026-07-25T16:26:39.899Z] Connected!
[2026-07-25T16:26:40.045Z] Closed, reconnecting...
[2026-07-25T16:26:40.070Z] Closed, reconnecting...
[2026-07-25T16:26:45.048Z] Connecting to xiaozhi edu MCP...
[2026-07-25T16:26:45.071Z] Connecting to xiaozhi edu MCP...
[2026-07-25T16:26:45.321Z] Connected!
[2026-07-25T16:26:45.361Z] Connected!
[2026-07-25T16:26:45.477Z] Closed, reconnecting...
[2026-07-25T16:26:45.522Z] Closed, reconnecting...
[2026-07-25T16:26:50.477Z] Connecting to xiaozhi edu MCP...
[2026-07-25T16:26:50.525Z] Connecting to xiaozhi edu MCP...
[2026-07-25T16:26:50.738Z] Connected!
[2026-07-25T16:26:50.765Z] Connected!
[2026-07-25T16:26:50.900Z] Closed, reconnecting...
[2026-07-25T16:26:50.920Z] Closed, reconnecting...
[2026-07-25T16:26:55.901Z] Connecting to xiaozhi edu MCP...
[2026-07-25T16:26:55.921Z] Connecting to xiaozhi edu MCP...
[2026-07-25T16:26:56.167Z] Connected!
[2026-07-25T16:26:56.171Z] Connected!
[2026-07-25T16:26:56.331Z] Closed, reconnecting...
[2026-07-25T16:26:56.333Z] Closed, reconnecting...
[2026-07-25T16:27:01.334Z] Connecting to xiaozhi edu MCP...
[2026-07-25T16:27:01.335Z] Connecting to xiaozhi edu MCP...
[2026-07-25T16:27:01.583Z] Connected!
[2026-07-25T16:27:01.596Z] Connected!
[2026-07-25T16:27:01.740Z] Closed, reconnecting...
[2026-07-25T16:27:01.766Z] Closed, reconnecting...
[2026-07-25T16:27:06.741Z] Connecting to xiaozhi edu MCP...
[2026-07-25T16:27:06.766Z] Connecting to xiaozhi edu MCP...
[2026-07-25T16:27:06.991Z] Connected!
[2026-07-25T16:27:07.007Z] Connected!
[2026-07-25T16:27:07.152Z] Closed, reconnecting...
[2026-07-25T16:27:07.164Z] Closed, reconnecting...
[2026-07-25T16:27:12.154Z] Connecting to xiaozhi edu MCP...
[2026-07-25T16:27:12.165Z] Connecting to xiaozhi edu MCP...
[2026-07-25T16:27:12.420Z] Connected!
[2026-07-25T16:27:12.425Z] Connected!
[2026-07-25T16:27:12.583Z] Closed, reconnecting...
[2026-07-25T16:27:12.587Z] Closed, reconnecting...
[2026-07-25T16:27:17.585Z] Connecting to xiaozhi edu MCP...
[2026-07-25T16:27:17.588Z] Connecting to xiaozhi edu MCP...
[2026-07-25T16:27:17.840Z] Connected!
[2026-07-25T16:27:17.856Z] Connected!
[2026-07-25T16:27:18.009Z] Closed, reconnecting...
[2026-07-25T16:27:18.024Z] Closed, reconnecting...
[2026-07-25T16:27:23.009Z] Connecting to xiaozhi edu MCP...
[2026-07-25T16:27:23.025Z] Connecting to xiaozhi edu MCP...
[2026-07-25T16:27:23.266Z] Connected!
[2026-07-25T16:27:23.292Z] Connected!
[2026-07-25T16:27:23.424Z] Closed, reconnecting...
[2026-07-25T16:27:23.447Z] Closed, reconnecting...
[2026-07-25T16:27:28.426Z] Connecting to xiaozhi edu MCP...
[2026-07-25T16:27:28.449Z] Connecting to xiaozhi edu MCP...
[2026-07-25T16:27:28.678Z] Connected!
[2026-07-25T16:27:28.707Z] Connected!
[2026-07-25T16:27:28.835Z] Closed, reconnecting...
[2026-07-25T16:27:28.871Z] Closed, reconnecting...
[2026-07-25T16:27:33.835Z] Connecting to xiaozhi edu MCP...
[2026-07-25T16:27:33.873Z] Connecting to xiaozhi edu MCP...
[2026-07-25T16:27:34.279Z] Connected!
[2026-07-25T16:27:34.454Z] Closed, reconnecting...
[2026-07-25T16:27:34.477Z] Connected!
[2026-07-25T16:27:34.641Z] Closed, reconnecting...
[2026-07-25T16:27:39.456Z] Connecting to xiaozhi edu MCP...
[2026-07-25T16:27:39.645Z] Connecting to xiaozhi edu MCP...
[2026-07-25T16:27:39.721Z] Connected!
[2026-07-25T16:27:39.892Z] Closed, reconnecting...
[2026-07-25T16:27:39.910Z] Connected!
[2026-07-25T16:27:40.077Z] Closed, reconnecting...
[2026-07-25T16:27:44.894Z] Connecting to xiaozhi edu MCP...
[2026-07-25T16:27:45.079Z] Connecting to xiaozhi edu MCP...
[2026-07-25T16:27:45.151Z] Connected!
[2026-07-25T16:27:45.328Z] Closed, reconnecting...
[2026-07-25T16:27:45.333Z] Connected!
[2026-07-25T16:27:45.494Z] Closed, reconnecting...
[2026-07-25T16:27:50.330Z] Connecting to xiaozhi edu MCP...
[2026-07-25T16:27:50.497Z] Connecting to xiaozhi edu MCP...
[2026-07-25T16:27:50.580Z] Connected!
[2026-07-25T16:27:50.746Z] Connected!
[2026-07-25T16:27:50.747Z] Closed, reconnecting...
[2026-07-25T16:27:50.913Z] Closed, reconnecting...
[2026-07-25T16:27:55.749Z] Connecting to xiaozhi edu MCP...
[2026-07-25T16:27:55.915Z] Connecting to xiaozhi edu MCP...
[2026-07-25T16:27:56.012Z] Connected!
[2026-07-25T16:27:56.171Z] Connected!
[2026-07-25T16:27:56.180Z] Closed, reconnecting...
[2026-07-25T16:27:56.333Z] Closed, reconnecting...
[2026-07-25T16:28:01.183Z] Connecting to xiaozhi edu MCP...
[2026-07-25T16:28:01.335Z] Connecting to xiaozhi edu MCP...
[2026-07-25T16:28:01.437Z] Connected!
[2026-07-25T16:28:01.593Z] Closed, reconnecting...
[2026-07-25T16:28:01.610Z] Connected!
[2026-07-25T16:28:01.787Z] Closed, reconnecting...
[2026-07-25T16:28:06.593Z] Connecting to xiaozhi edu MCP...
[2026-07-25T16:28:06.789Z] Connecting to xiaozhi edu MCP...
[2026-07-25T16:28:06.876Z] Connected!
[2026-07-25T16:28:07.035Z] Connected!
[2026-07-25T16:28:07.048Z] Closed, reconnecting...
[2026-07-25T16:28:07.199Z] Closed, reconnecting...
[2026-07-25T16:28:12.050Z] Connecting to xiaozhi edu MCP...
[2026-07-25T16:28:12.199Z] Connecting to xiaozhi edu MCP...
[2026-07-25T16:28:12.332Z] Connected!
[2026-07-25T16:28:12.448Z] Connected!
[2026-07-25T16:28:12.503Z] Closed, reconnecting...
[2026-07-25T16:28:12.605Z] Closed, reconnecting...
[2026-07-25T16:28:17.505Z] Connecting to xiaozhi edu MCP...
[2026-07-25T16:28:17.608Z] Connecting to xiaozhi edu MCP...
[2026-07-25T16:28:17.763Z] Connected!
[2026-07-25T16:28:17.869Z] Connected!
[2026-07-25T16:28:17.937Z] Closed, reconnecting...
[2026-07-25T16:28:18.032Z] Closed, reconnecting...
[2026-07-25T16:28:22.939Z] Connecting to xiaozhi edu MCP...
[2026-07-25T16:28:23.032Z] Connecting to xiaozhi edu MCP...
[2026-07-25T16:28:23.179Z] Connected!
[2026-07-25T16:28:23.276Z] Connected!
[2026-07-25T16:28:23.325Z] Closed, reconnecting...
[2026-07-25T16:28:23.427Z] Closed, reconnecting...
[2026-07-25T16:28:28.327Z] Connecting to xiaozhi edu MCP...
[2026-07-25T16:28:28.429Z] Connecting to xiaozhi edu MCP...
[2026-07-25T16:28:28.675Z] Connected!
[2026-07-25T16:28:28.833Z] Closed, reconnecting...
[2026-07-25T16:28:29.402Z] Connected!
[2026-07-25T16:28:29.564Z] Closed, reconnecting...
[2026-07-25T16:28:33.835Z] Connecting to xiaozhi edu MCP...
[2026-07-25T16:28:34.076Z] Connected!
[2026-07-25T16:28:34.228Z] Closed, reconnecting...
[2026-07-25T16:28:34.565Z] Connecting to xiaozhi edu MCP...
[2026-07-25T16:28:34.821Z] Connected!
[2026-07-25T16:28:34.986Z] Closed, reconnecting...
[2026-07-25T16:28:39.231Z] Connecting to xiaozhi edu MCP...
[2026-07-25T16:28:39.485Z] Connected!
[2026-07-25T16:28:39.647Z] Closed, reconnecting...
[2026-07-25T16:28:39.988Z] Connecting to xiaozhi edu MCP...
[2026-07-25T16:28:40.229Z] Connected!
[2026-07-25T16:28:40.384Z] Closed, reconnecting...
[2026-07-25T16:28:44.649Z] Connecting to xiaozhi edu MCP...
[2026-07-25T16:28:44.886Z] Connected!
[2026-07-25T16:28:45.036Z] Closed, reconnecting...
[2026-07-25T16:28:45.385Z] Connecting to xiaozhi edu MCP...
[2026-07-25T16:28:45.619Z] Connected!
[2026-07-25T16:28:45.772Z] Closed, reconnecting...
[2026-07-25T16:28:50.038Z] Connecting to xiaozhi edu MCP...
[2026-07-25T16:28:50.297Z] Connected!
[2026-07-25T16:28:50.458Z] Closed, reconnecting...
[2026-07-25T16:28:50.773Z] Connecting to xiaozhi edu MCP...
[2026-07-25T16:28:50.996Z] Connected!
[2026-07-25T16:28:51.146Z] Closed, reconnecting...
[2026-07-25T16:28:55.459Z] Connecting to xiaozhi edu MCP...
[2026-07-25T16:28:55.717Z] Connected!
[2026-07-25T16:28:55.878Z] Closed, reconnecting...
[2026-07-25T16:28:56.148Z] Connecting to xiaozhi edu MCP...
[2026-07-25T16:28:56.387Z] Connected!
[2026-07-25T16:28:56.544Z] Closed, reconnecting...
[2026-07-25T16:29:00.881Z] Connecting to xiaozhi edu MCP...
[2026-07-25T16:29:01.137Z] Connected!
[2026-07-25T16:29:01.293Z] Closed, reconnecting...
[2026-07-25T16:29:01.547Z] Connecting to xiaozhi edu MCP...
[2026-07-25T16:29:01.794Z] Connected!
[2026-07-25T16:29:01.956Z] Closed, reconnecting...
[2026-07-25T16:29:06.295Z] Connecting to xiaozhi edu MCP...
[2026-07-25T16:29:06.534Z] Connected!
[2026-07-25T16:29:06.691Z] Closed, reconnecting...
[2026-07-25T16:29:06.957Z] Connecting to xiaozhi edu MCP...
[2026-07-25T16:29:07.225Z] Connected!
[2026-07-25T16:29:07.401Z] Closed, reconnecting...
[2026-07-25T16:29:11.693Z] Connecting to xiaozhi edu MCP...
[2026-07-25T16:29:11.946Z] Connected!
[2026-07-25T16:29:12.099Z] Closed, reconnecting...
[2026-07-25T16:29:12.403Z] Connecting to xiaozhi edu MCP...
[2026-07-25T16:29:12.655Z] Connected!
[2026-07-25T16:29:12.815Z] Closed, reconnecting...
[2026-07-25T16:29:17.101Z] Connecting to xiaozhi edu MCP...
[2026-07-25T16:29:17.361Z] Connected!
[2026-07-25T16:29:17.525Z] Closed, reconnecting...
[2026-07-25T16:29:17.818Z] Connecting to xiaozhi edu MCP...
[2026-07-25T16:29:18.085Z] Connected!
[2026-07-25T16:29:18.259Z] Closed, reconnecting...
[2026-07-25T16:29:22.526Z] Connecting to xiaozhi edu MCP...
[2026-07-25T16:29:22.832Z] Connected!
[2026-07-25T16:29:22.996Z] Closed, reconnecting...
[2026-07-25T16:29:23.261Z] Connecting to xiaozhi edu MCP...
[2026-07-25T16:29:23.516Z] Connected!
[2026-07-25T16:29:23.679Z] Closed, reconnecting...
[2026-07-25T16:29:27.998Z] Connecting to xiaozhi edu MCP...
[2026-07-25T16:29:28.249Z] Connected!
[2026-07-25T16:29:28.403Z] Closed, reconnecting...
[2026-07-25T16:29:28.681Z] Connecting to xiaozhi edu MCP...
[2026-07-25T16:29:28.905Z] Connected!
[2026-07-25T16:29:29.061Z] Closed, reconnecting...
[2026-07-25T16:29:33.405Z] Connecting to xiaozhi edu MCP...
[2026-07-25T16:29:33.667Z] Connected!
[2026-07-25T16:29:33.831Z] Closed, reconnecting...
[2026-07-25T16:29:34.063Z] Connecting to xiaozhi edu MCP...
[2026-07-25T16:29:34.310Z] Connected!
[2026-07-25T16:29:34.475Z] Closed, reconnecting...
[2026-07-25T16:29:38.833Z] Connecting to xiaozhi edu MCP...
[2026-07-25T16:29:39.153Z] Connected!
[2026-07-25T16:29:39.317Z] Closed, reconnecting...
[2026-07-25T16:29:39.477Z] Connecting to xiaozhi edu MCP...
[2026-07-25T16:29:39.727Z] Connected!
[2026-07-25T16:29:39.892Z] Closed, reconnecting...
[2026-07-25T16:29:44.318Z] Connecting to xiaozhi edu MCP...
[2026-07-25T16:29:44.580Z] Connected!
[2026-07-25T16:29:44.747Z] Closed, reconnecting...
[2026-07-25T16:29:44.895Z] Connecting to xiaozhi edu MCP...
[2026-07-25T16:29:45.155Z] Connected!
[2026-07-25T16:29:45.359Z] Closed, reconnecting...
[2026-07-25T16:29:49.749Z] Connecting to xiaozhi edu MCP...
[2026-07-25T16:29:50.056Z] Connected!
[2026-07-25T16:29:50.208Z] Closed, reconnecting...
[2026-07-25T16:29:50.361Z] Connecting to xiaozhi edu MCP...
[2026-07-25T16:29:50.625Z] Connected!
[2026-07-25T16:29:50.788Z] Closed, reconnecting...
[2026-07-25T16:29:55.210Z] Connecting to xiaozhi edu MCP...
[2026-07-25T16:29:55.451Z] Connected!
[2026-07-25T16:29:55.612Z] Closed, reconnecting...
[2026-07-25T16:29:55.788Z] Connecting to xiaozhi edu MCP...
[2026-07-25T16:29:56.037Z] Connected!
[2026-07-25T16:29:56.201Z] Closed, reconnecting...
[2026-07-25T16:30:00.613Z] Connecting to xiaozhi edu MCP...
[2026-07-25T16:30:00.872Z] Connected!
[2026-07-25T16:30:01.025Z] Closed, reconnecting...
[2026-07-25T16:30:01.203Z] Connecting to xiaozhi edu MCP...
[2026-07-25T16:30:01.455Z] Connected!
[2026-07-25T16:30:01.614Z] Closed, reconnecting...
[2026-07-25T16:30:06.026Z] Connecting to xiaozhi edu MCP...
[2026-07-25T16:30:06.298Z] Connected!
[2026-07-25T16:30:06.474Z] Closed, reconnecting...
[2026-07-25T16:30:06.616Z] Connecting to xiaozhi edu MCP...
[2026-07-25T16:30:06.856Z] Connected!
[2026-07-25T16:30:07.007Z] Closed, reconnecting...
[2026-07-25T16:30:11.475Z] Connecting to xiaozhi edu MCP...
[2026-07-25T16:30:11.718Z] Connected!
[2026-07-25T16:30:11.875Z] Closed, reconnecting...
[2026-07-25T16:30:12.009Z] Connecting to xiaozhi edu MCP...
[2026-07-25T16:30:12.256Z] Connected!
[2026-07-25T16:30:12.417Z] Closed, reconnecting...
[2026-07-25T16:30:16.877Z] Connecting to xiaozhi edu MCP...
[2026-07-25T16:30:17.144Z] Connected!
[2026-07-25T16:30:17.309Z] Closed, reconnecting...
[2026-07-25T16:30:17.417Z] Connecting to xiaozhi edu MCP...
[2026-07-25T16:30:17.662Z] Connected!
[2026-07-25T16:30:17.834Z] Closed, reconnecting...
[2026-07-25T16:30:22.312Z] Connecting to xiaozhi edu MCP...
[2026-07-25T16:30:22.575Z] Connected!
[2026-07-25T16:30:22.754Z] Closed, reconnecting...
[2026-07-25T16:30:22.836Z] Connecting to xiaozhi edu MCP...
[2026-07-25T16:30:23.101Z] Connected!
[2026-07-25T16:30:23.272Z] Closed, reconnecting...
[2026-07-25T16:30:27.754Z] Connecting to xiaozhi edu MCP...
[2026-07-25T16:30:28.018Z] Connected!
[2026-07-25T16:30:28.199Z] Closed, reconnecting...
[2026-07-25T16:30:28.274Z] Connecting to xiaozhi edu MCP...
[2026-07-25T16:30:28.512Z] Connected!
[2026-07-25T16:30:28.666Z] Closed, reconnecting...
[2026-07-25T16:30:33.202Z] Connecting to xiaozhi edu MCP...
[2026-07-25T16:30:33.468Z] Connected!
[2026-07-25T16:30:33.640Z] Closed, reconnecting...
[2026-07-25T16:30:33.669Z] Connecting to xiaozhi edu MCP...
[2026-07-25T16:30:33.945Z] Connected!
[2026-07-25T16:30:34.120Z] Closed, reconnecting...
[2026-07-25T16:30:38.640Z] Connecting to xiaozhi edu MCP...
[2026-07-25T16:30:38.893Z] Connected!
[2026-07-25T16:30:39.067Z] Closed, reconnecting...
[2026-07-25T16:30:39.121Z] Connecting to xiaozhi edu MCP...
[2026-07-25T16:30:39.375Z] Connected!
[2026-07-25T16:30:39.533Z] Closed, reconnecting...
[2026-07-25T16:30:44.070Z] Connecting to xiaozhi edu MCP...
[2026-07-25T16:30:44.345Z] Connected!
[2026-07-25T16:30:44.526Z] Closed, reconnecting...
[2026-07-25T16:30:44.534Z] Connecting to xiaozhi edu MCP...
[2026-07-25T16:30:44.807Z] Connected!
[2026-07-25T16:30:44.986Z] Closed, reconnecting...
[2026-07-25T16:30:49.528Z] Connecting to xiaozhi edu MCP...
[2026-07-25T16:30:49.776Z] Connected!
[2026-07-25T16:30:49.935Z] Closed, reconnecting...
[2026-07-25T16:30:49.985Z] Connecting to xiaozhi edu MCP...
[2026-07-25T16:30:50.239Z] Connected!
[2026-07-25T16:30:50.405Z] Closed, reconnecting...
[2026-07-25T16:30:54.937Z] Connecting to xiaozhi edu MCP...
[2026-07-25T16:30:55.219Z] Connected!
[2026-07-25T16:30:55.391Z] Closed, reconnecting...
[2026-07-25T16:30:55.407Z] Connecting to xiaozhi edu MCP...
[2026-07-25T16:30:55.663Z] Connected!
[2026-07-25T16:30:55.828Z] Closed, reconnecting...
[2026-07-25T16:31:00.394Z] Connecting to xiaozhi edu MCP...
[2026-07-25T16:31:00.649Z] Connected!
[2026-07-25T16:31:00.814Z] Closed, reconnecting...
[2026-07-25T16:31:00.830Z] Connecting to xiaozhi edu MCP...
[2026-07-25T16:31:01.079Z] Connected!
[2026-07-25T16:31:01.237Z] Closed, reconnecting...
[2026-07-25T16:31:05.816Z] Connecting to xiaozhi edu MCP...
[2026-07-25T16:31:06.077Z] Connected!
[2026-07-25T16:31:06.236Z] Connecting to xiaozhi edu MCP...
[2026-07-25T16:31:06.238Z] Closed, reconnecting...
[2026-07-25T16:31:06.486Z] Connected!
[2026-07-25T16:31:06.646Z] Closed, reconnecting...
[2026-07-25T16:31:11.241Z] Connecting to xiaozhi edu MCP...
[2026-07-25T16:31:11.501Z] Connected!
[2026-07-25T16:31:11.648Z] Connecting to xiaozhi edu MCP...
[2026-07-25T16:31:11.660Z] Closed, reconnecting...
[2026-07-25T16:31:11.925Z] Connected!
[2026-07-25T16:31:12.090Z] Closed, reconnecting...
[2026-07-25T16:31:16.662Z] Connecting to xiaozhi edu MCP...
[2026-07-25T16:31:16.925Z] Connected!
[2026-07-25T16:31:17.086Z] Closed, reconnecting...
[2026-07-25T16:31:17.091Z] Connecting to xiaozhi edu MCP...
[2026-07-25T16:31:17.328Z] Connected!
[2026-07-25T16:31:17.480Z] Closed, reconnecting...
[2026-07-25T16:31:22.088Z] Connecting to xiaozhi edu MCP...
[2026-07-25T16:31:22.350Z] Connected!
[2026-07-25T16:31:22.483Z] Connecting to xiaozhi edu MCP...
[2026-07-25T16:31:22.512Z] Closed, reconnecting...
[2026-07-25T16:31:22.729Z] Connected!
[2026-07-25T16:31:22.894Z] Closed, reconnecting...
[2026-07-25T16:31:27.514Z] Connecting to xiaozhi edu MCP...
[2026-07-25T16:31:27.788Z] Connected!
[2026-07-25T16:31:27.897Z] Connecting to xiaozhi edu MCP...
[2026-07-25T16:31:27.959Z] Closed, reconnecting...
[2026-07-25T16:31:28.141Z] Connected!
[2026-07-25T16:31:28.304Z] Closed, reconnecting...
[2026-07-25T16:31:32.960Z] Connecting to xiaozhi edu MCP...
[2026-07-25T16:31:33.231Z] Connected!
[2026-07-25T16:31:33.306Z] Connecting to xiaozhi edu MCP...
[2026-07-25T16:31:33.400Z] Closed, reconnecting...
[2026-07-25T16:31:33.555Z] Connected!
[2026-07-25T16:31:33.711Z] Closed, reconnecting...
[2026-07-25T16:31:38.401Z] Connecting to xiaozhi edu MCP...
[2026-07-25T16:31:38.655Z] Connected!
[2026-07-25T16:31:38.713Z] Connecting to xiaozhi edu MCP...
[2026-07-25T16:31:38.809Z] Closed, reconnecting...
[2026-07-25T16:31:38.965Z] Connected!
[2026-07-25T16:31:39.125Z] Closed, reconnecting...
[2026-07-25T16:31:43.809Z] Connecting to xiaozhi edu MCP...
[2026-07-25T16:31:44.064Z] Connected!
[2026-07-25T16:31:44.128Z] Connecting to xiaozhi edu MCP...
[2026-07-25T16:31:44.224Z] Closed, reconnecting...
[2026-07-25T16:31:44.396Z] Connected!
[2026-07-25T16:31:44.579Z] Closed, reconnecting...
[2026-07-25T16:31:49.226Z] Connecting to xiaozhi edu MCP...
[2026-07-25T16:31:49.461Z] Connected!
[2026-07-25T16:31:49.579Z] Connecting to xiaozhi edu MCP...
[2026-07-25T16:31:49.621Z] Closed, reconnecting...
[2026-07-25T16:31:49.818Z] Connected!
[2026-07-25T16:31:49.976Z] Closed, reconnecting...
[2026-07-25T16:31:54.623Z] Connecting to xiaozhi edu MCP...
[2026-07-25T16:31:54.854Z] Connected!
[2026-07-25T16:31:54.978Z] Connecting to xiaozhi edu MCP...
[2026-07-25T16:31:55.021Z] Closed, reconnecting...
[2026-07-25T16:31:55.225Z] Connected!
[2026-07-25T16:31:55.381Z] Closed, reconnecting...
[2026-07-25T16:32:00.023Z] Connecting to xiaozhi edu MCP...
[2026-07-25T16:32:00.276Z] Connected!
[2026-07-25T16:32:00.383Z] Connecting to xiaozhi edu MCP...
[2026-07-25T16:32:00.438Z] Closed, reconnecting...
[2026-07-25T16:32:00.633Z] Connected!
[2026-07-25T16:32:00.798Z] Closed, reconnecting...
[2026-07-25T16:32:05.440Z] Connecting to xiaozhi edu MCP...
[2026-07-25T16:32:05.698Z] Connected!
[2026-07-25T16:32:05.801Z] Connecting to xiaozhi edu MCP...
[2026-07-25T16:32:05.865Z] Closed, reconnecting...
[2026-07-25T16:32:06.041Z] Connected!
[2026-07-25T16:32:06.200Z] Closed, reconnecting...
[2026-07-25T16:32:10.867Z] Connecting to xiaozhi edu MCP...
[2026-07-25T16:32:11.107Z] Connected!
[2026-07-25T16:32:11.201Z] Connecting to xiaozhi edu MCP...
[2026-07-25T16:32:11.273Z] Closed, reconnecting...
[2026-07-25T16:32:11.459Z] Connected!
[2026-07-25T16:32:11.617Z] Closed, reconnecting...
[2026-07-25T16:32:16.275Z] Connecting to xiaozhi edu MCP...
[2026-07-25T16:32:16.516Z] Connected!
[2026-07-25T16:32:16.618Z] Connecting to xiaozhi edu MCP...
[2026-07-25T16:32:16.676Z] Closed, reconnecting...
[2026-07-25T16:32:16.865Z] Connected!
[2026-07-25T16:32:17.020Z] Closed, reconnecting...
[2026-07-25T16:32:21.678Z] Connecting to xiaozhi edu MCP...
[2026-07-25T16:32:21.944Z] Connected!
[2026-07-25T16:32:22.022Z] Connecting to xiaozhi edu MCP...
[2026-07-25T16:32:22.112Z] Closed, reconnecting...
[2026-07-25T16:32:22.257Z] Connected!
[2026-07-25T16:32:22.411Z] Closed, reconnecting...
[2026-07-25T16:32:27.114Z] Connecting to xiaozhi edu MCP...
[2026-07-25T16:32:27.366Z] Connected!
[2026-07-25T16:32:27.413Z] Connecting to xiaozhi edu MCP...
[2026-07-25T16:32:27.519Z] Closed, reconnecting...
[2026-07-25T16:32:27.649Z] Connected!
[2026-07-25T16:32:27.804Z] Closed, reconnecting...
[2026-07-25T16:32:32.521Z] Connecting to xiaozhi edu MCP...
[2026-07-25T16:32:32.784Z] Connected!
[2026-07-25T16:32:32.806Z] Connecting to xiaozhi edu MCP...
[2026-07-25T16:32:32.951Z] Closed, reconnecting...
[2026-07-25T16:32:33.048Z] Connected!
[2026-07-25T16:32:33.203Z] Closed, reconnecting...
[2026-07-25T16:32:37.953Z] Connecting to xiaozhi edu MCP...
[2026-07-25T16:32:38.205Z] Connecting to xiaozhi edu MCP...
[2026-07-25T16:32:38.215Z] Connected!
[2026-07-25T16:32:38.392Z] Closed, reconnecting...
[2026-07-25T16:32:38.480Z] Connected!
[2026-07-25T16:32:38.651Z] Closed, reconnecting...
[2026-07-25T16:32:43.394Z] Connecting to xiaozhi edu MCP...
[2026-07-25T16:32:43.636Z] Connected!
[2026-07-25T16:32:43.654Z] Connecting to xiaozhi edu MCP...
[2026-07-25T16:32:43.917Z] Connected!
[2026-07-25T16:32:43.918Z] Closed, reconnecting...
[2026-07-25T16:32:44.085Z] Closed, reconnecting...
[2026-07-25T16:32:48.920Z] Connecting to xiaozhi edu MCP...
[2026-07-25T16:32:49.087Z] Connecting to xiaozhi edu MCP...
[2026-07-25T16:32:49.177Z] Connected!
[2026-07-25T16:32:49.330Z] Connected!
[2026-07-25T16:32:49.337Z] Closed, reconnecting...
[2026-07-25T16:32:49.492Z] Closed, reconnecting...
[2026-07-25T16:32:54.341Z] Connecting to xiaozhi edu MCP...
[2026-07-25T16:32:54.494Z] Connecting to xiaozhi edu MCP...
[2026-07-25T16:32:54.595Z] Connected!
[2026-07-25T16:32:54.748Z] Connected!
[2026-07-25T16:32:54.764Z] Closed, reconnecting...
[2026-07-25T16:32:54.910Z] Closed, reconnecting...
[2026-07-25T16:32:59.767Z] Connecting to xiaozhi edu MCP...
[2026-07-25T16:32:59.912Z] Connecting to xiaozhi edu MCP...
[2026-07-25T16:33:00.048Z] Connected!
[2026-07-25T16:33:00.165Z] Connected!
[2026-07-25T16:33:00.219Z] Closed, reconnecting...
[2026-07-25T16:33:00.322Z] Closed, reconnecting...
[2026-07-25T16:33:05.222Z] Connecting to xiaozhi edu MCP...
[2026-07-25T16:33:05.326Z] Connecting to xiaozhi edu MCP...
[2026-07-25T16:33:05.480Z] Connected!
[2026-07-25T16:33:05.566Z] Connected!
[2026-07-25T16:33:05.646Z] Closed, reconnecting...
[2026-07-25T16:33:05.717Z] Closed, reconnecting...
[2026-07-25T16:33:10.649Z] Connecting to xiaozhi edu MCP...
[2026-07-25T16:33:10.719Z] Connecting to xiaozhi edu MCP...
[2026-07-25T16:33:10.908Z] Connected!
[2026-07-25T16:33:10.967Z] Connected!
[2026-07-25T16:33:11.059Z] Closed, reconnecting...
[2026-07-25T16:33:11.130Z] Closed, reconnecting...
[2026-07-25T16:33:16.060Z] Connecting to xiaozhi edu MCP...
[2026-07-25T16:33:16.133Z] Connecting to xiaozhi edu MCP...
[2026-07-25T16:33:16.334Z] Connected!
[2026-07-25T16:33:16.386Z] Connected!
[2026-07-25T16:33:16.498Z] Closed, reconnecting...
[2026-07-25T16:33:16.546Z] Closed, reconnecting...
[2026-07-25T16:33:21.499Z] Connecting to xiaozhi edu MCP...
[2026-07-25T16:33:21.549Z] Connecting to xiaozhi edu MCP...
[2026-07-25T16:33:21.744Z] Connected!
[2026-07-25T16:33:21.797Z] Connected!
[2026-07-25T16:33:21.902Z] Closed, reconnecting...
[2026-07-25T16:33:21.956Z] Closed, reconnecting...
[2026-07-25T16:33:26.904Z] Connecting to xiaozhi edu MCP...
[2026-07-25T16:33:26.958Z] Connecting to xiaozhi edu MCP...
[2026-07-25T16:33:27.164Z] Connected!
[2026-07-25T16:33:27.221Z] Connected!
[2026-07-25T16:33:27.328Z] Closed, reconnecting...
[2026-07-25T16:33:27.386Z] Closed, reconnecting...
[2026-07-25T16:33:32.331Z] Connecting to xiaozhi edu MCP...
[2026-07-25T16:33:32.389Z] Connecting to xiaozhi edu MCP...
[2026-07-25T16:33:32.602Z] Connected!
[2026-07-25T16:33:32.637Z] Connected!
[2026-07-25T16:33:32.773Z] Closed, reconnecting...
[2026-07-25T16:33:32.803Z] Closed, reconnecting...
[2026-07-25T16:33:37.776Z] Connecting to xiaozhi edu MCP...
[2026-07-25T16:33:37.805Z] Connecting to xiaozhi edu MCP...
[2026-07-25T16:33:38.031Z] Connected!
[2026-07-25T16:33:38.063Z] Connected!
[2026-07-25T16:33:38.198Z] Closed, reconnecting...
[2026-07-25T16:33:38.227Z] Closed, reconnecting...
[2026-07-25T16:33:43.199Z] Connecting to xiaozhi edu MCP...
[2026-07-25T16:33:43.228Z] Connecting to xiaozhi edu MCP...
[2026-07-25T16:33:43.456Z] Connected!
[2026-07-25T16:33:43.511Z] Connected!
[2026-07-25T16:33:43.622Z] Closed, reconnecting...
[2026-07-25T16:33:43.690Z] Closed, reconnecting...
[2026-07-25T16:33:48.624Z] Connecting to xiaozhi edu MCP...
[2026-07-25T16:33:48.693Z] Connecting to xiaozhi edu MCP...
[2026-07-25T16:33:48.886Z] Connected!
[2026-07-25T16:33:48.950Z] Connected!
[2026-07-25T16:33:49.059Z] Closed, reconnecting...
[2026-07-25T16:33:49.121Z] Closed, reconnecting...
[2026-07-25T16:33:54.060Z] Connecting to xiaozhi edu MCP...
[2026-07-25T16:33:54.123Z] Connecting to xiaozhi edu MCP...
[2026-07-25T16:33:54.312Z] Connected!
[2026-07-25T16:33:54.368Z] Connected!
[2026-07-25T16:33:54.470Z] Closed, reconnecting...
[2026-07-25T16:33:54.514Z] Closed, reconnecting...
[2026-07-25T16:33:59.471Z] Connecting to xiaozhi edu MCP...
[2026-07-25T16:33:59.515Z] Connecting to xiaozhi edu MCP...
[2026-07-25T16:33:59.734Z] Connected!
[2026-07-25T16:33:59.797Z] Connected!
[2026-07-25T16:33:59.899Z] Closed, reconnecting...
[2026-07-25T16:33:59.963Z] Closed, reconnecting...
[2026-07-25T16:34:04.900Z] Connecting to xiaozhi edu MCP...
[2026-07-25T16:34:04.965Z] Connecting to xiaozhi edu MCP...
[2026-07-25T16:34:05.148Z] Connected!
[2026-07-25T16:34:05.222Z] Connected!
[2026-07-25T16:34:05.307Z] Closed, reconnecting...
[2026-07-25T16:34:05.386Z] Closed, reconnecting...
[2026-07-25T16:34:10.309Z] Connecting to xiaozhi edu MCP...
[2026-07-25T16:34:10.388Z] Connecting to xiaozhi edu MCP...
[2026-07-25T16:34:10.573Z] Connected!
[2026-07-25T16:34:10.666Z] Connected!
[2026-07-25T16:34:10.734Z] Closed, reconnecting...
[2026-07-25T16:34:10.841Z] Closed, reconnecting...
[2026-07-25T16:34:15.736Z] Connecting to xiaozhi edu MCP...
[2026-07-25T16:34:15.843Z] Connecting to xiaozhi edu MCP...
[2026-07-25T16:34:15.995Z] Connected!
[2026-07-25T16:34:16.094Z] Connected!
[2026-07-25T16:34:16.157Z] Closed, reconnecting...
[2026-07-25T16:34:16.250Z] Closed, reconnecting...
[2026-07-25T16:34:21.159Z] Connecting to xiaozhi edu MCP...
[2026-07-25T16:34:21.253Z] Connecting to xiaozhi edu MCP...
[2026-07-25T16:34:21.415Z] Connected!
[2026-07-25T16:34:21.498Z] Connected!
[2026-07-25T16:34:21.572Z] Closed, reconnecting...
[2026-07-25T16:34:21.654Z] Closed, reconnecting...
[2026-07-25T16:34:26.574Z] Connecting to xiaozhi edu MCP...
[2026-07-25T16:34:26.656Z] Connecting to xiaozhi edu MCP...
[2026-07-25T16:34:26.811Z] Connected!
[2026-07-25T16:34:26.926Z] Connected!
[2026-07-25T16:34:26.969Z] Closed, reconnecting...
[2026-07-25T16:34:27.108Z] Closed, reconnecting...
[2026-07-25T16:34:31.971Z] Connecting to xiaozhi edu MCP...
[2026-07-25T16:34:32.110Z] Connecting to xiaozhi edu MCP...
[2026-07-25T16:34:32.238Z] Connected!
[2026-07-25T16:34:32.368Z] Connected!
[2026-07-25T16:34:32.406Z] Closed, reconnecting...
[2026-07-25T16:34:32.534Z] Closed, reconnecting...
[2026-07-25T16:34:37.408Z] Connecting to xiaozhi edu MCP...
[2026-07-25T16:34:37.534Z] Connecting to xiaozhi edu MCP...
[2026-07-25T16:34:37.683Z] Connected!
[2026-07-25T16:34:37.783Z] Connected!
[2026-07-25T16:34:37.871Z] Closed, reconnecting...
[2026-07-25T16:34:37.938Z] Closed, reconnecting...
[2026-07-25T16:34:42.872Z] Connecting to xiaozhi edu MCP...
[2026-07-25T16:34:42.939Z] Connecting to xiaozhi edu MCP...
[2026-07-25T16:34:43.139Z] Connected!
[2026-07-25T16:34:43.184Z] Connected!
[2026-07-25T16:34:43.309Z] Closed, reconnecting...
[2026-07-25T16:34:43.338Z] Closed, reconnecting...
[2026-07-25T16:34:48.310Z] Connecting to xiaozhi edu MCP...
[2026-07-25T16:34:48.339Z] Connecting to xiaozhi edu MCP...
[2026-07-25T16:34:48.575Z] Connected!
[2026-07-25T16:34:48.588Z] Connected!
[2026-07-25T16:34:48.743Z] Closed, reconnecting...
[2026-07-25T16:34:48.749Z] Closed, reconnecting...
[2026-07-25T16:34:53.746Z] Connecting to xiaozhi edu MCP...
[2026-07-25T16:34:53.750Z] Connecting to xiaozhi edu MCP...
[2026-07-25T16:34:54.003Z] Connected!
[2026-07-25T16:34:54.006Z] Connected!
[2026-07-25T16:34:54.170Z] Closed, reconnecting...
[2026-07-25T16:34:54.177Z] Closed, reconnecting...
[2026-07-25T16:34:59.173Z] Connecting to xiaozhi edu MCP...
[2026-07-25T16:34:59.176Z] Connecting to xiaozhi edu MCP...
[2026-07-25T16:34:59.406Z] Connected!
[2026-07-25T16:34:59.421Z] Connected!
[2026-07-25T16:34:59.565Z] Closed, reconnecting...
[2026-07-25T16:34:59.580Z] Closed, reconnecting...
[2026-07-25T16:35:04.568Z] Connecting to xiaozhi edu MCP...
[2026-07-25T16:35:04.581Z] Connecting to xiaozhi edu MCP...
[2026-07-25T16:35:04.812Z] Connected!
[2026-07-25T16:35:04.832Z] Connected!
[2026-07-25T16:35:04.993Z] Closed, reconnecting...
[2026-07-25T16:35:05.009Z] Closed, reconnecting...
[2026-07-25T16:35:09.994Z] Connecting to xiaozhi edu MCP...
[2026-07-25T16:35:10.010Z] Connecting to xiaozhi edu MCP...
[2026-07-25T16:35:10.256Z] Connected!
[2026-07-25T16:35:10.265Z] Connected!
[2026-07-25T16:35:10.418Z] Closed, reconnecting...
[2026-07-25T16:35:10.432Z] Closed, reconnecting...
[2026-07-25T16:35:15.418Z] Connecting to xiaozhi edu MCP...
[2026-07-25T16:35:15.435Z] Connecting to xiaozhi edu MCP...
[2026-07-25T16:35:15.677Z] Connected!
[2026-07-25T16:35:15.732Z] Connected!
[2026-07-25T16:35:15.842Z] Closed, reconnecting...
[2026-07-25T16:35:15.898Z] Closed, reconnecting...
[2026-07-25T16:35:20.843Z] Connecting to xiaozhi edu MCP...
[2026-07-25T16:35:20.898Z] Connecting to xiaozhi edu MCP...
[2026-07-25T16:35:21.089Z] Connected!
[2026-07-25T16:35:21.143Z] Connected!
[2026-07-25T16:35:21.247Z] Closed, reconnecting...
[2026-07-25T16:35:21.296Z] Closed, reconnecting...
[2026-07-25T16:35:26.249Z] Connecting to xiaozhi edu MCP...
[2026-07-25T16:35:26.296Z] Connecting to xiaozhi edu MCP...
[2026-07-25T16:35:26.504Z] Connected!
[2026-07-25T16:35:26.526Z] Connected!
[2026-07-25T16:35:26.667Z] Closed, reconnecting...
[2026-07-25T16:35:26.673Z] Closed, reconnecting...
[2026-07-25T16:35:31.669Z] Connecting to xiaozhi edu MCP...
[2026-07-25T16:35:31.674Z] Connecting to xiaozhi edu MCP...
[2026-07-25T16:35:31.924Z] Connected!
[2026-07-25T16:35:31.928Z] Connected!
[2026-07-25T16:35:32.089Z] Closed, reconnecting...
[2026-07-25T16:35:32.092Z] Closed, reconnecting...
[2026-07-25T16:35:37.090Z] Connecting to xiaozhi edu MCP...
[2026-07-25T16:35:37.092Z] Connecting to xiaozhi edu MCP...
[2026-07-25T16:35:37.343Z] Connected!
[2026-07-25T16:35:37.366Z] Connected!
[2026-07-25T16:35:37.502Z] Closed, reconnecting...
[2026-07-25T16:35:37.534Z] Closed, reconnecting...
[2026-07-25T16:35:42.501Z] Connecting to xiaozhi edu MCP...
[2026-07-25T16:35:42.536Z] Connecting to xiaozhi edu MCP...
[2026-07-25T16:35:42.740Z] Connected!
[2026-07-25T16:35:42.783Z] Connected!
[2026-07-25T16:35:42.897Z] Closed, reconnecting...
[2026-07-25T16:35:42.946Z] Closed, reconnecting...
[2026-07-25T16:35:47.899Z] Connecting to xiaozhi edu MCP...
[2026-07-25T16:35:47.949Z] Connecting to xiaozhi edu MCP...
[2026-07-25T16:35:48.153Z] Connected!
[2026-07-25T16:35:48.214Z] Connected!
[2026-07-25T16:35:48.320Z] Closed, reconnecting...
[2026-07-25T16:35:48.389Z] Closed, reconnecting...
[2026-07-25T16:35:53.321Z] Connecting to xiaozhi edu MCP...
[2026-07-25T16:35:53.391Z] Connecting to xiaozhi edu MCP...
[2026-07-25T16:35:53.572Z] Connected!
[2026-07-25T16:35:53.624Z] Connected!
[2026-07-25T16:35:53.738Z] Closed, reconnecting...
[2026-07-25T16:35:53.776Z] Closed, reconnecting...
[2026-07-25T16:35:58.741Z] Connecting to xiaozhi edu MCP...
[2026-07-25T16:35:58.778Z] Connecting to xiaozhi edu MCP...
[2026-07-25T16:35:59.029Z] Connected!
[2026-07-25T16:35:59.191Z] Closed, reconnecting...
[2026-07-25T16:35:59.781Z] Connected!
[2026-07-25T16:35:59.955Z] Closed, reconnecting...
[2026-07-25T16:36:04.193Z] Connecting to xiaozhi edu MCP...
[2026-07-25T16:36:04.450Z] Connected!
[2026-07-25T16:36:04.619Z] Closed, reconnecting...
[2026-07-25T16:36:04.957Z] Connecting to xiaozhi edu MCP...
[2026-07-25T16:36:05.222Z] Connected!
[2026-07-25T16:36:05.377Z] Closed, reconnecting...
[2026-07-25T16:36:09.622Z] Connecting to xiaozhi edu MCP...
[2026-07-25T16:36:09.890Z] Connected!
[2026-07-25T16:36:10.064Z] Closed, reconnecting...
[2026-07-25T16:36:10.378Z] Connecting to xiaozhi edu MCP...
[2026-07-25T16:36:10.644Z] Connected!
[2026-07-25T16:36:10.805Z] Closed, reconnecting...
[2026-07-25T16:36:15.064Z] Connecting to xiaozhi edu MCP...
[2026-07-25T16:36:15.339Z] Connected!
[2026-07-25T16:36:15.507Z] Closed, reconnecting...
[2026-07-25T16:36:15.807Z] Connecting to xiaozhi edu MCP...
[2026-07-25T16:36:16.064Z] Connected!
[2026-07-25T16:36:16.221Z] Closed, reconnecting...
[2026-07-25T16:36:20.509Z] Connecting to xiaozhi edu MCP...
[2026-07-25T16:36:20.762Z] Connected!
[2026-07-25T16:36:20.932Z] Closed, reconnecting...
[2026-07-25T16:36:21.223Z] Connecting to xiaozhi edu MCP...
[2026-07-25T16:36:21.478Z] Connected!
[2026-07-25T16:36:21.641Z] Closed, reconnecting...
[2026-07-25T16:36:25.933Z] Connecting to xiaozhi edu MCP...
[2026-07-25T16:36:26.185Z] Connected!
[2026-07-25T16:36:26.347Z] Closed, reconnecting...
[2026-07-25T16:36:26.641Z] Connecting to xiaozhi edu MCP...
[2026-07-25T16:36:26.974Z] Connected!
[2026-07-25T16:36:27.148Z] Closed, reconnecting...
[2026-07-25T16:36:31.347Z] Connecting to xiaozhi edu MCP...
[2026-07-25T16:36:31.598Z] Connected!
[2026-07-25T16:36:31.757Z] Closed, reconnecting...
[2026-07-25T16:36:32.150Z] Connecting to xiaozhi edu MCP...
[2026-07-25T16:36:32.413Z] Connected!
[2026-07-25T16:36:32.578Z] Closed, reconnecting...
[2026-07-25T16:36:36.757Z] Connecting to xiaozhi edu MCP...
[2026-07-25T16:36:37.008Z] Connected!
[2026-07-25T16:36:37.172Z] Closed, reconnecting...
[2026-07-25T16:36:37.580Z] Connecting to xiaozhi edu MCP...
[2026-07-25T16:36:37.855Z] Connected!
[2026-07-25T16:36:38.028Z] Closed, reconnecting...
[2026-07-25T16:36:42.174Z] Connecting to xiaozhi edu MCP...
[2026-07-25T16:36:42.415Z] Connected!
[2026-07-25T16:36:42.563Z] Closed, reconnecting...
[2026-07-25T16:36:43.030Z] Connecting to xiaozhi edu MCP...
[2026-07-25T16:36:43.290Z] Connected!
[2026-07-25T16:36:43.450Z] Closed, reconnecting...
[2026-07-25T16:36:47.566Z] Connecting to xiaozhi edu MCP...
[2026-07-25T16:36:47.822Z] Connected!
[2026-07-25T16:36:47.983Z] Closed, reconnecting...
[2026-07-25T16:36:48.453Z] Connecting to xiaozhi edu MCP...
[2026-07-25T16:36:48.730Z] Connected!
[2026-07-25T16:36:48.895Z] Closed, reconnecting...
[2026-07-25T16:36:52.986Z] Connecting to xiaozhi edu MCP...
[2026-07-25T16:36:53.250Z] Connected!
[2026-07-25T16:36:53.429Z] Closed, reconnecting...
[2026-07-25T16:36:53.897Z] Connecting to xiaozhi edu MCP...
[2026-07-25T16:36:54.580Z] Connected!
[2026-07-25T16:36:54.768Z] Closed, reconnecting...
[2026-07-25T16:36:58.431Z] Connecting to xiaozhi edu MCP...
[2026-07-25T16:36:58.668Z] Connected!
[2026-07-25T16:36:58.825Z] Closed, reconnecting...
[2026-07-25T16:36:59.770Z] Connecting to xiaozhi edu MCP...
[2026-07-25T16:37:00.035Z] Connected!
[2026-07-25T16:37:00.197Z] Closed, reconnecting...
[2026-07-25T16:37:03.826Z] Connecting to xiaozhi edu MCP...
[2026-07-25T16:37:04.083Z] Connected!
[2026-07-25T16:37:04.243Z] Closed, reconnecting...
[2026-07-25T16:37:05.200Z] Connecting to xiaozhi edu MCP...
[2026-07-25T16:37:05.464Z] Connected!
[2026-07-25T16:37:05.627Z] Closed, reconnecting...
[2026-07-25T16:37:09.243Z] Connecting to xiaozhi edu MCP...
[2026-07-25T16:37:09.498Z] Connected!
[2026-07-25T16:37:09.657Z] Closed, reconnecting...
[2026-07-25T16:37:10.629Z] Connecting to xiaozhi edu MCP...
[2026-07-25T16:37:10.877Z] Connected!
[2026-07-25T16:37:11.035Z] Closed, reconnecting...
[2026-07-25T16:37:14.659Z] Connecting to xiaozhi edu MCP...
[2026-07-25T16:37:14.908Z] Connected!
[2026-07-25T16:37:15.053Z] Closed, reconnecting...
[2026-07-25T16:37:16.037Z] Connecting to xiaozhi edu MCP...
[2026-07-25T16:37:16.296Z] Connected!
[2026-07-25T16:37:16.458Z] Closed, reconnecting...
[2026-07-25T16:37:20.055Z] Connecting to xiaozhi edu MCP...
[2026-07-25T16:37:20.302Z] Connected!
[2026-07-25T16:37:20.485Z] Closed, reconnecting...
[2026-07-25T16:37:21.459Z] Connecting to xiaozhi edu MCP...
[2026-07-25T16:37:21.710Z] Connected!
[2026-07-25T16:37:21.867Z] Closed, reconnecting...
[2026-07-25T16:37:25.487Z] Connecting to xiaozhi edu MCP...
[2026-07-25T16:37:25.751Z] Connected!
[2026-07-25T16:37:25.919Z] Closed, reconnecting...
[2026-07-25T16:37:26.869Z] Connecting to xiaozhi edu MCP...
[2026-07-25T16:37:27.124Z] Connected!
[2026-07-25T16:37:27.312Z] Closed, reconnecting...
[2026-07-25T16:37:30.922Z] Connecting to xiaozhi edu MCP...
[2026-07-25T16:37:31.179Z] Connected!
[2026-07-25T16:37:31.341Z] Closed, reconnecting...
[2026-07-25T16:37:32.314Z] Connecting to xiaozhi edu MCP...
[2026-07-25T16:37:32.554Z] Connected!
[2026-07-25T16:37:32.711Z] Closed, reconnecting...
[2026-07-25T16:37:36.342Z] Connecting to xiaozhi edu MCP...
[2026-07-25T16:37:36.596Z] Connected!
[2026-07-25T16:37:36.753Z] Closed, reconnecting...
[2026-07-25T16:37:37.713Z] Connecting to xiaozhi edu MCP...
[2026-07-25T16:37:37.952Z] Connected!
[2026-07-25T16:37:38.105Z] Closed, reconnecting...
[2026-07-25T16:37:41.753Z] Connecting to xiaozhi edu MCP...
[2026-07-25T16:37:42.011Z] Connected!
[2026-07-25T16:37:42.177Z] Closed, reconnecting...
[2026-07-25T16:37:43.107Z] Connecting to xiaozhi edu MCP...
[2026-07-25T16:37:43.355Z] Connected!
[2026-07-25T16:37:43.513Z] Closed, reconnecting...
[2026-07-25T16:37:47.179Z] Connecting to xiaozhi edu MCP...
[2026-07-25T16:37:47.426Z] Connected!
[2026-07-25T16:37:47.590Z] Closed, reconnecting...
[2026-07-25T16:37:48.515Z] Connecting to xiaozhi edu MCP...
[2026-07-25T16:37:48.762Z] Connected!
[2026-07-25T16:37:48.941Z] Closed, reconnecting...
[2026-07-25T16:37:52.592Z] Connecting to xiaozhi edu MCP...
[2026-07-25T16:37:52.858Z] Connected!
[2026-07-25T16:37:53.034Z] Closed, reconnecting...
[2026-07-25T16:37:53.942Z] Connecting to xiaozhi edu MCP...
[2026-07-25T16:37:54.203Z] Connected!
[2026-07-25T16:37:54.365Z] Closed, reconnecting...
[2026-07-25T16:37:58.036Z] Connecting to xiaozhi edu MCP...
[2026-07-25T16:37:58.302Z] Connected!
[2026-07-25T16:37:58.469Z] Closed, reconnecting...
[2026-07-25T16:37:59.367Z] Connecting to xiaozhi edu MCP...
[2026-07-25T16:37:59.603Z] Connected!
[2026-07-25T16:37:59.759Z] Closed, reconnecting...
[2026-07-25T16:38:03.471Z] Connecting to xiaozhi edu MCP...
[2026-07-25T16:38:03.722Z] Connected!
[2026-07-25T16:38:03.873Z] Closed, reconnecting...
[2026-07-25T16:38:04.761Z] Connecting to xiaozhi edu MCP...
[2026-07-25T16:38:05.025Z] Connected!
[2026-07-25T16:38:05.189Z] Closed, reconnecting...
[2026-07-25T16:38:08.875Z] Connecting to xiaozhi edu MCP...
[2026-07-25T16:38:09.116Z] Connected!
[2026-07-25T16:38:09.268Z] Closed, reconnecting...
[2026-07-25T16:38:10.190Z] Connecting to xiaozhi edu MCP...
[2026-07-25T16:38:10.441Z] Connected!
[2026-07-25T16:38:10.599Z] Closed, reconnecting...
[2026-07-25T16:38:14.270Z] Connecting to xiaozhi edu MCP...
[2026-07-25T16:38:14.536Z] Connected!
[2026-07-25T16:38:14.707Z] Closed, reconnecting...
[2026-07-25T16:38:15.601Z] Connecting to xiaozhi edu MCP...
[2026-07-25T16:38:15.845Z] Connected!
[2026-07-25T16:38:15.999Z] Closed, reconnecting...
[2026-07-25T16:38:19.708Z] Connecting to xiaozhi edu MCP...
[2026-07-25T16:38:19.998Z] Connected!
[2026-07-25T16:38:20.205Z] Closed, reconnecting...
[2026-07-25T16:38:21.000Z] Connecting to xiaozhi edu MCP...
[2026-07-25T16:38:21.253Z] Connected!
[2026-07-25T16:38:21.416Z] Closed, reconnecting...
[2026-07-25T16:38:25.207Z] Connecting to xiaozhi edu MCP...
[2026-07-25T16:38:25.455Z] Connected!
[2026-07-25T16:38:25.627Z] Closed, reconnecting...
[2026-07-25T16:38:26.419Z] Connecting to xiaozhi edu MCP...
[2026-07-25T16:38:26.671Z] Connected!
[2026-07-25T16:38:26.829Z] Closed, reconnecting...
[2026-07-25T16:38:30.630Z] Connecting to xiaozhi edu MCP...
[2026-07-25T16:38:30.875Z] Connected!
[2026-07-25T16:38:31.028Z] Closed, reconnecting...
[2026-07-25T16:38:31.830Z] Connecting to xiaozhi edu MCP...
[2026-07-25T16:38:32.091Z] Connected!
[2026-07-25T16:38:32.256Z] Closed, reconnecting...
[2026-07-25T16:38:36.030Z] Connecting to xiaozhi edu MCP...
[2026-07-25T16:38:36.288Z] Connected!
[2026-07-25T16:38:36.462Z] Closed, reconnecting...
[2026-07-25T16:38:37.256Z] Connecting to xiaozhi edu MCP...
[2026-07-25T16:38:37.505Z] Connected!
[2026-07-25T16:38:37.671Z] Closed, reconnecting...
[2026-07-25T16:38:41.464Z] Connecting to xiaozhi edu MCP...
[2026-07-25T16:38:41.712Z] Connected!
[2026-07-25T16:38:41.867Z] Closed, reconnecting...
[2026-07-25T16:38:42.672Z] Connecting to xiaozhi edu MCP...
[2026-07-25T16:38:42.938Z] Connected!
[2026-07-25T16:38:43.105Z] Closed, reconnecting...
[2026-07-25T16:38:46.869Z] Connecting to xiaozhi edu MCP...
[2026-07-25T16:38:47.110Z] Connected!
[2026-07-25T16:38:47.269Z] Closed, reconnecting...
[2026-07-25T16:38:48.107Z] Connecting to xiaozhi edu MCP...
[2026-07-25T16:38:48.356Z] Connected!
[2026-07-25T16:38:48.522Z] Closed, reconnecting...
[2026-07-25T16:38:52.270Z] Connecting to xiaozhi edu MCP...
[2026-07-25T16:38:52.510Z] Connected!
[2026-07-25T16:38:52.669Z] Closed, reconnecting...
[2026-07-25T16:38:53.523Z] Connecting to xiaozhi edu MCP...
[2026-07-25T16:38:53.762Z] Connected!
[2026-07-25T16:38:53.912Z] Closed, reconnecting...
[2026-07-25T16:38:57.669Z] Connecting to xiaozhi edu MCP...
[2026-07-25T16:38:57.931Z] Connected!
[2026-07-25T16:38:58.096Z] Closed, reconnecting...
[2026-07-25T16:38:58.915Z] Connecting to xiaozhi edu MCP...
[2026-07-25T16:38:59.151Z] Connected!
[2026-07-25T16:38:59.299Z] Closed, reconnecting...
[2026-07-25T16:39:03.099Z] Connecting to xiaozhi edu MCP...
[2026-07-25T16:39:03.350Z] Connected!
[2026-07-25T16:39:03.520Z] Closed, reconnecting...
[2026-07-25T16:39:04.301Z] Connecting to xiaozhi edu MCP...
[2026-07-25T16:39:04.954Z] Connected!
[2026-07-25T16:39:05.121Z] Closed, reconnecting...
[2026-07-25T16:39:08.522Z] Connecting to xiaozhi edu MCP...
[2026-07-25T16:39:08.829Z] Connected!
[2026-07-25T16:39:08.986Z] Closed, reconnecting...
[2026-07-25T16:39:10.123Z] Connecting to xiaozhi edu MCP...
[2026-07-25T16:39:10.387Z] Connected!
[2026-07-25T16:39:10.551Z] Closed, reconnecting...
[2026-07-25T16:39:13.989Z] Connecting to xiaozhi edu MCP...
[2026-07-25T16:39:14.240Z] Connected!
[2026-07-25T16:39:14.394Z] Closed, reconnecting...
[2026-07-25T16:39:15.553Z] Connecting to xiaozhi edu MCP...
[2026-07-25T16:39:15.802Z] Connected!
[2026-07-25T16:39:15.966Z] Closed, reconnecting...
[2026-07-25T16:39:19.396Z] Connecting to xiaozhi edu MCP...
[2026-07-25T16:39:19.651Z] Connected!
[2026-07-25T16:39:19.825Z] Closed, reconnecting...
[2026-07-25T16:39:20.969Z] Connecting to xiaozhi edu MCP...
[2026-07-25T16:39:21.231Z] Connected!
[2026-07-25T16:39:21.408Z] Closed, reconnecting...
[2026-07-25T16:39:24.828Z] Connecting to xiaozhi edu MCP...
[2026-07-25T16:39:25.086Z] Connected!
[2026-07-25T16:39:25.247Z] Closed, reconnecting...
[2026-07-25T16:39:26.410Z] Connecting to xiaozhi edu MCP...
[2026-07-25T16:39:26.667Z] Connected!
[2026-07-25T16:39:26.827Z] Closed, reconnecting...
[2026-07-25T16:39:30.248Z] Connecting to xiaozhi edu MCP...
[2026-07-25T16:39:30.498Z] Connected!
[2026-07-25T16:39:30.655Z] Closed, reconnecting...
[2026-07-25T16:39:31.830Z] Connecting to xiaozhi edu MCP...
[2026-07-25T16:39:32.299Z] Connected!
[2026-07-25T16:39:32.461Z] Closed, reconnecting...
[2026-07-25T16:39:35.656Z] Connecting to xiaozhi edu MCP...
[2026-07-25T16:39:35.918Z] Connected!
[2026-07-25T16:39:36.083Z] Closed, reconnecting...
[2026-07-25T16:39:37.463Z] Connecting to xiaozhi edu MCP...
[2026-07-25T16:39:37.718Z] Connected!
[2026-07-25T16:39:37.887Z] Closed, reconnecting...
[2026-07-25T16:39:41.084Z] Connecting to xiaozhi edu MCP...
[2026-07-25T16:39:41.352Z] Connected!
[2026-07-25T16:39:41.520Z] Closed, reconnecting...
[2026-07-25T16:39:42.889Z] Connecting to xiaozhi edu MCP...
[2026-07-25T16:39:43.131Z] Connected!
[2026-07-25T16:39:43.293Z] Closed, reconnecting...
[2026-07-25T16:39:46.522Z] Connecting to xiaozhi edu MCP...
[2026-07-25T16:39:46.771Z] Connected!
[2026-07-25T16:39:46.927Z] Closed, reconnecting...
[2026-07-25T16:39:48.293Z] Connecting to xiaozhi edu MCP...
[2026-07-25T16:39:48.546Z] Connected!
[2026-07-25T16:39:48.702Z] Closed, reconnecting...
[2026-07-25T16:39:51.930Z] Connecting to xiaozhi edu MCP...
[2026-07-25T16:39:52.184Z] Connected!
[2026-07-25T16:39:52.351Z] Closed, reconnecting...
[2026-07-25T16:39:53.704Z] Connecting to xiaozhi edu MCP...
[2026-07-25T16:39:53.977Z] Connected!
[2026-07-25T16:39:54.139Z] Closed, reconnecting...
[2026-07-25T16:39:57.354Z] Connecting to xiaozhi edu MCP...
[2026-07-25T16:39:57.621Z] Connected!
[2026-07-25T16:39:57.781Z] Closed, reconnecting...
[2026-07-25T16:39:59.142Z] Connecting to xiaozhi edu MCP...
[2026-07-25T16:39:59.395Z] Connected!
[2026-07-25T16:39:59.553Z] Closed, reconnecting...
[2026-07-25T16:40:02.782Z] Connecting to xiaozhi edu MCP...
[2026-07-25T16:40:03.046Z] Connected!
[2026-07-25T16:40:03.218Z] Closed, reconnecting...
[2026-07-25T16:40:04.555Z] Connecting to xiaozhi edu MCP...
[2026-07-25T16:40:04.828Z] Connected!
[2026-07-25T16:40:05.010Z] Closed, reconnecting...
[2026-07-25T16:40:08.219Z] Connecting to xiaozhi edu MCP...
[2026-07-25T16:40:08.481Z] Connected!
[2026-07-25T16:40:08.806Z] Closed, reconnecting...
[2026-07-25T16:40:10.013Z] Connecting to xiaozhi edu MCP...
[2026-07-25T16:40:10.275Z] Connected!
[2026-07-25T16:40:10.439Z] Closed, reconnecting...
[2026-07-25T16:40:13.808Z] Connecting to xiaozhi edu MCP...
[2026-07-25T16:40:14.080Z] Connected!
[2026-07-25T16:40:14.240Z] Closed, reconnecting...
[2026-07-25T16:40:15.442Z] Connecting to xiaozhi edu MCP...
[2026-07-25T16:40:15.696Z] Connected!
[2026-07-25T16:40:15.855Z] Closed, reconnecting...
[2026-07-25T16:40:19.242Z] Connecting to xiaozhi edu MCP...
[2026-07-25T16:40:19.945Z] Connected!
[2026-07-25T16:40:20.133Z] Closed, reconnecting...
[2026-07-25T16:40:20.858Z] Connecting to xiaozhi edu MCP...
[2026-07-25T16:40:21.129Z] Connected!
[2026-07-25T16:40:21.295Z] Closed, reconnecting...
[2026-07-25T16:40:25.134Z] Connecting to xiaozhi edu MCP...
[2026-07-25T16:40:25.391Z] Connected!
[2026-07-25T16:40:25.553Z] Closed, reconnecting...
[2026-07-25T16:40:26.298Z] Connecting to xiaozhi edu MCP...
[2026-07-25T16:40:26.549Z] Connected!
[2026-07-25T16:40:26.702Z] Closed, reconnecting...
[2026-07-25T16:40:30.554Z] Connecting to xiaozhi edu MCP...
[2026-07-25T16:40:30.793Z] Connected!
[2026-07-25T16:40:30.949Z] Closed, reconnecting...
[2026-07-25T16:40:31.702Z] Connecting to xiaozhi edu MCP...
[2026-07-25T16:40:31.977Z] Connected!
[2026-07-25T16:40:32.148Z] Closed, reconnecting...
[2026-07-25T16:40:35.951Z] Connecting to xiaozhi edu MCP...
[2026-07-25T16:40:36.185Z] Connected!
[2026-07-25T16:40:36.339Z] Closed, reconnecting...
[2026-07-25T16:40:37.149Z] Connecting to xiaozhi edu MCP...
[2026-07-25T16:40:37.407Z] Connected!
[2026-07-25T16:40:37.574Z] Closed, reconnecting...
[2026-07-25T16:40:41.341Z] Connecting to xiaozhi edu MCP...
[2026-07-25T16:40:41.600Z] Connected!
[2026-07-25T16:40:41.770Z] Closed, reconnecting...
[2026-07-25T16:40:42.575Z] Connecting to xiaozhi edu MCP...
[2026-07-25T16:40:42.824Z] Connected!
[2026-07-25T16:40:42.980Z] Closed, reconnecting...
[2026-07-25T16:40:46.770Z] Connecting to xiaozhi edu MCP...
[2026-07-25T16:40:47.030Z] Connected!
[2026-07-25T16:40:47.199Z] Closed, reconnecting...
[2026-07-25T16:40:47.982Z] Connecting to xiaozhi edu MCP...
[2026-07-25T16:40:48.221Z] Connected!
[2026-07-25T16:40:48.369Z] Closed, reconnecting...
[2026-07-25T16:40:52.202Z] Connecting to xiaozhi edu MCP...
[2026-07-25T16:40:52.462Z] Connected!
[2026-07-25T16:40:52.626Z] Closed, reconnecting...
[2026-07-25T16:40:53.370Z] Connecting to xiaozhi edu MCP...
[2026-07-25T16:40:53.633Z] Connected!
[2026-07-25T16:40:53.797Z] Closed, reconnecting...
[2026-07-25T16:40:57.629Z] Connecting to xiaozhi edu MCP...
[2026-07-25T16:40:57.869Z] Connected!
[2026-07-25T16:40:58.028Z] Closed, reconnecting...
[2026-07-25T16:40:58.799Z] Connecting to xiaozhi edu MCP...
[2026-07-25T16:40:59.051Z] Connected!
[2026-07-25T16:40:59.219Z] Closed, reconnecting...
[2026-07-25T16:41:03.029Z] Connecting to xiaozhi edu MCP...
[2026-07-25T16:41:03.280Z] Connected!
[2026-07-25T16:41:03.442Z] Closed, reconnecting...
[2026-07-25T16:41:04.220Z] Connecting to xiaozhi edu MCP...
[2026-07-25T16:41:04.554Z] Connected!
[2026-07-25T16:41:04.717Z] Closed, reconnecting...
[2026-07-25T16:41:08.442Z] Connecting to xiaozhi edu MCP...
[2026-07-25T16:41:08.696Z] Connected!
[2026-07-25T16:41:08.855Z] Closed, reconnecting...
[2026-07-25T16:41:09.720Z] Connecting to xiaozhi edu MCP...
[2026-07-25T16:41:09.963Z] Connected!
[2026-07-25T16:41:10.137Z] Closed, reconnecting...
[2026-07-25T16:41:13.857Z] Connecting to xiaozhi edu MCP...
[2026-07-25T16:41:14.126Z] Connected!
[2026-07-25T16:41:14.612Z] Closed, reconnecting...
[2026-07-25T16:41:15.139Z] Connecting to xiaozhi edu MCP...
[2026-07-25T16:41:15.397Z] Connected!
[2026-07-25T16:41:15.561Z] Closed, reconnecting...
[2026-07-25T16:41:19.614Z] Connecting to xiaozhi edu MCP...
[2026-07-25T16:41:19.860Z] Connected!
[2026-07-25T16:41:20.021Z] Closed, reconnecting...
[2026-07-25T16:41:20.564Z] Connecting to xiaozhi edu MCP...
[2026-07-25T16:41:20.817Z] Connected!
[2026-07-25T16:41:20.981Z] Closed, reconnecting...
[2026-07-25T16:41:25.022Z] Connecting to xiaozhi edu MCP...
[2026-07-25T16:41:25.263Z] Connected!
[2026-07-25T16:41:25.426Z] Closed, reconnecting...
[2026-07-25T16:41:25.982Z] Connecting to xiaozhi edu MCP...
[2026-07-25T16:41:26.211Z] Connected!
[2026-07-25T16:41:26.357Z] Closed, reconnecting...
[2026-07-25T16:41:30.428Z] Connecting to xiaozhi edu MCP...
[2026-07-25T16:41:30.677Z] Connected!
[2026-07-25T16:41:30.833Z] Closed, reconnecting...
[2026-07-25T16:41:31.360Z] Connecting to xiaozhi edu MCP...
[2026-07-25T16:41:31.626Z] Connected!
[2026-07-25T16:41:31.790Z] Closed, reconnecting...
[2026-07-25T16:41:35.835Z] Connecting to xiaozhi edu MCP...
[2026-07-25T16:41:36.089Z] Connected!
[2026-07-25T16:41:36.250Z] Closed, reconnecting...
[2026-07-25T16:41:36.792Z] Connecting to xiaozhi edu MCP...
[2026-07-25T16:41:37.048Z] Connected!
[2026-07-25T16:41:37.209Z] Closed, reconnecting...
[2026-07-25T16:41:41.252Z] Connecting to xiaozhi edu MCP...
[2026-07-25T16:41:41.502Z] Connected!
[2026-07-25T16:41:41.671Z] Closed, reconnecting...
[2026-07-25T16:41:42.211Z] Connecting to xiaozhi edu MCP...
[2026-07-25T16:41:42.466Z] Connected!
[2026-07-25T16:41:42.631Z] Closed, reconnecting...
[2026-07-25T16:41:46.671Z] Connecting to xiaozhi edu MCP...
[2026-07-25T16:41:46.909Z] Connected!
[2026-07-25T16:41:47.062Z] Closed, reconnecting...
[2026-07-25T16:41:47.633Z] Connecting to xiaozhi edu MCP...
[2026-07-25T16:41:47.895Z] Connected!
[2026-07-25T16:41:48.060Z] Closed, reconnecting...
[2026-07-25T16:41:52.065Z] Connecting to xiaozhi edu MCP...
[2026-07-25T16:41:52.303Z] Connected!
[2026-07-25T16:41:52.460Z] Closed, reconnecting...
[2026-07-25T16:41:53.062Z] Connecting to xiaozhi edu MCP...
[2026-07-25T16:41:53.310Z] Connected!
[2026-07-25T16:41:53.462Z] Closed, reconnecting...
[2026-07-25T16:41:57.462Z] Connecting to xiaozhi edu MCP...
[2026-07-25T16:41:57.701Z] Connected!
[2026-07-25T16:41:57.861Z] Closed, reconnecting...
[2026-07-25T16:41:58.465Z] Connecting to xiaozhi edu MCP...
[2026-07-25T16:41:58.793Z] Connected!
[2026-07-25T16:41:58.948Z] Closed, reconnecting...
[2026-07-25T16:42:02.864Z] Connecting to xiaozhi edu MCP...
[2026-07-25T16:42:03.114Z] Connected!
[2026-07-25T16:42:03.281Z] Closed, reconnecting...
[2026-07-25T16:42:03.948Z] Connecting to xiaozhi edu MCP...
[2026-07-25T16:42:04.211Z] Connected!
[2026-07-25T16:42:04.377Z] Closed, reconnecting...
[2026-07-25T16:42:08.283Z] Connecting to xiaozhi edu MCP...
[2026-07-25T16:42:08.517Z] Connected!
[2026-07-25T16:42:08.828Z] Closed, reconnecting...
[2026-07-25T16:42:09.380Z] Connecting to xiaozhi edu MCP...
[2026-07-25T16:42:09.635Z] Connected!
[2026-07-25T16:42:09.805Z] Closed, reconnecting...
[2026-07-25T16:42:13.831Z] Connecting to xiaozhi edu MCP...
[2026-07-25T16:42:14.088Z] Connected!
[2026-07-25T16:42:14.263Z] Closed, reconnecting...
[2026-07-25T16:42:14.807Z] Connecting to xiaozhi edu MCP...
[2026-07-25T16:42:15.063Z] Connected!
[2026-07-25T16:42:15.235Z] Closed, reconnecting...
[2026-07-25T16:42:19.265Z] Connecting to xiaozhi edu MCP...
[2026-07-25T16:42:20.127Z] Connected!
[2026-07-25T16:42:20.237Z] Connecting to xiaozhi edu MCP...
[2026-07-25T16:42:20.294Z] Closed, reconnecting...
[2026-07-25T16:42:20.467Z] Connected!
[2026-07-25T16:42:20.624Z] Closed, reconnecting...
[2026-07-25T16:42:25.296Z] Connecting to xiaozhi edu MCP...
[2026-07-25T16:42:25.625Z] Connecting to xiaozhi edu MCP...
[2026-07-25T16:42:25.695Z] Connected!
[2026-07-25T16:42:25.866Z] Connected!
[2026-07-25T16:42:25.876Z] Closed, reconnecting...
[2026-07-25T16:42:26.022Z] Closed, reconnecting...
[2026-07-25T16:42:30.879Z] Connecting to xiaozhi edu MCP...
[2026-07-25T16:42:31.025Z] Connecting to xiaozhi edu MCP...
[2026-07-25T16:42:31.150Z] Connected!
[2026-07-25T16:42:31.273Z] Connected!
[2026-07-25T16:42:31.307Z] Closed, reconnecting...
[2026-07-25T16:42:31.424Z] Closed, reconnecting...
[2026-07-25T16:42:36.310Z] Connecting to xiaozhi edu MCP...
[2026-07-25T16:42:36.426Z] Connecting to xiaozhi edu MCP...
[2026-07-25T16:42:36.561Z] Connected!
[2026-07-25T16:42:36.674Z] Connected!
[2026-07-25T16:42:36.713Z] Closed, reconnecting...
[2026-07-25T16:42:36.836Z] Closed, reconnecting...
[2026-07-25T16:42:41.716Z] Connecting to xiaozhi edu MCP...
[2026-07-25T16:42:41.838Z] Connecting to xiaozhi edu MCP...
[2026-07-25T16:42:41.983Z] Connected!
[2026-07-25T16:42:42.100Z] Connected!
[2026-07-25T16:42:42.148Z] Closed, reconnecting...
[2026-07-25T16:42:42.273Z] Closed, reconnecting...
[2026-07-25T16:42:47.150Z] Connecting to xiaozhi edu MCP...
[2026-07-25T16:42:47.274Z] Connecting to xiaozhi edu MCP...
[2026-07-25T16:42:47.399Z] Connected!
[2026-07-25T16:42:47.517Z] Connected!
[2026-07-25T16:42:47.564Z] Closed, reconnecting...
[2026-07-25T16:42:47.675Z] Closed, reconnecting...
[2026-07-25T16:42:52.566Z] Connecting to xiaozhi edu MCP...
[2026-07-25T16:42:52.677Z] Connecting to xiaozhi edu MCP...
[2026-07-25T16:42:52.831Z] Connected!
[2026-07-25T16:42:52.934Z] Connected!
[2026-07-25T16:42:52.995Z] Closed, reconnecting...
[2026-07-25T16:42:53.090Z] Closed, reconnecting...
[2026-07-25T16:42:57.998Z] Connecting to xiaozhi edu MCP...
[2026-07-25T16:42:58.093Z] Connecting to xiaozhi edu MCP...
[2026-07-25T16:42:58.244Z] Connected!
[2026-07-25T16:42:58.360Z] Connected!
[2026-07-25T16:42:58.405Z] Closed, reconnecting...
[2026-07-25T16:42:58.529Z] Closed, reconnecting...
[2026-07-25T16:43:03.407Z] Connecting to xiaozhi edu MCP...
[2026-07-25T16:43:03.529Z] Connecting to xiaozhi edu MCP...
[2026-07-25T16:43:03.673Z] Connected!
[2026-07-25T16:43:03.787Z] Connected!
[2026-07-25T16:43:03.839Z] Closed, reconnecting...
[2026-07-25T16:43:03.952Z] Closed, reconnecting...
[2026-07-25T16:43:08.840Z] Connecting to xiaozhi edu MCP...
[2026-07-25T16:43:08.954Z] Connecting to xiaozhi edu MCP...
[2026-07-25T16:43:09.116Z] Connected!
[2026-07-25T16:43:09.190Z] Connected!
[2026-07-25T16:43:09.285Z] Closed, reconnecting...
[2026-07-25T16:43:09.354Z] Closed, reconnecting...
[2026-07-25T16:43:14.288Z] Connecting to xiaozhi edu MCP...
[2026-07-25T16:43:14.356Z] Connecting to xiaozhi edu MCP...
[2026-07-25T16:43:14.601Z] Connected!
[2026-07-25T16:43:14.623Z] Connected!
[2026-07-25T16:43:14.754Z] Closed, reconnecting...
[2026-07-25T16:43:14.790Z] Closed, reconnecting...
[2026-07-25T16:43:19.757Z] Connecting to xiaozhi edu MCP...
[2026-07-25T16:43:19.792Z] Connecting to xiaozhi edu MCP...
[2026-07-25T16:43:20.155Z] Connected!
[2026-07-25T16:43:20.215Z] Connected!
[2026-07-25T16:43:20.330Z] Closed, reconnecting...
[2026-07-25T16:43:20.399Z] Closed, reconnecting...
[2026-07-25T16:43:25.332Z] Connecting to xiaozhi edu MCP...
[2026-07-25T16:43:25.400Z] Connecting to xiaozhi edu MCP...
[2026-07-25T16:43:25.640Z] Connected!
[2026-07-25T16:43:25.655Z] Connected!
[2026-07-25T16:43:25.800Z] Closed, reconnecting...
[2026-07-25T16:43:25.823Z] Closed, reconnecting...
[2026-07-25T16:43:30.802Z] Connecting to xiaozhi edu MCP...
[2026-07-25T16:43:30.825Z] Connecting to xiaozhi edu MCP...
[2026-07-25T16:43:31.061Z] Connected!
[2026-07-25T16:43:31.104Z] Connected!
[2026-07-25T16:43:31.219Z] Closed, reconnecting...
[2026-07-25T16:43:31.273Z] Closed, reconnecting...
[2026-07-25T16:43:36.222Z] Connecting to xiaozhi edu MCP...
[2026-07-25T16:43:36.276Z] Connecting to xiaozhi edu MCP...
[2026-07-25T16:43:36.482Z] Connected!
[2026-07-25T16:43:36.542Z] Connected!
[2026-07-25T16:43:36.652Z] Closed, reconnecting...
[2026-07-25T16:43:36.709Z] Closed, reconnecting...
[2026-07-25T16:43:41.654Z] Connecting to xiaozhi edu MCP...
[2026-07-25T16:43:41.710Z] Connecting to xiaozhi edu MCP...
[2026-07-25T16:43:41.911Z] Connected!
[2026-07-25T16:43:41.969Z] Connected!
[2026-07-25T16:43:42.064Z] Closed, reconnecting...
[2026-07-25T16:43:42.131Z] Closed, reconnecting...
[2026-07-25T16:43:47.065Z] Connecting to xiaozhi edu MCP...
[2026-07-25T16:43:47.132Z] Connecting to xiaozhi edu MCP...
[2026-07-25T16:43:47.331Z] Connected!
[2026-07-25T16:43:47.394Z] Connected!
[2026-07-25T16:43:47.490Z] Closed, reconnecting...
[2026-07-25T16:43:47.559Z] Closed, reconnecting...
[2026-07-25T16:43:52.492Z] Connecting to xiaozhi edu MCP...
[2026-07-25T16:43:52.562Z] Connecting to xiaozhi edu MCP...
[2026-07-25T16:43:52.751Z] Connected!
[2026-07-25T16:43:52.801Z] Connected!
[2026-07-25T16:43:52.907Z] Closed, reconnecting...
[2026-07-25T16:43:52.955Z] Closed, reconnecting...
[2026-07-25T16:43:57.909Z] Connecting to xiaozhi edu MCP...
[2026-07-25T16:43:57.957Z] Connecting to xiaozhi edu MCP...
[2026-07-25T16:43:58.160Z] Connected!
[2026-07-25T16:43:58.210Z] Connected!
[2026-07-25T16:43:58.318Z] Closed, reconnecting...
[2026-07-25T16:43:58.370Z] Closed, reconnecting...
[2026-07-25T16:44:03.320Z] Connecting to xiaozhi edu MCP...
[2026-07-25T16:44:03.373Z] Connecting to xiaozhi edu MCP...
[2026-07-25T16:44:03.566Z] Connected!
[2026-07-25T16:44:03.641Z] Connected!
[2026-07-25T16:44:03.719Z] Closed, reconnecting...
[2026-07-25T16:44:03.801Z] Closed, reconnecting...
[2026-07-25T16:44:08.720Z] Connecting to xiaozhi edu MCP...
[2026-07-25T16:44:08.803Z] Connecting to xiaozhi edu MCP...
[2026-07-25T16:44:08.985Z] Connected!
[2026-07-25T16:44:09.058Z] Connected!
[2026-07-25T16:44:09.140Z] Closed, reconnecting...
[2026-07-25T16:44:09.222Z] Closed, reconnecting...
[2026-07-25T16:44:14.141Z] Connecting to xiaozhi edu MCP...
[2026-07-25T16:44:14.225Z] Connecting to xiaozhi edu MCP...
[2026-07-25T16:44:14.391Z] Connected!
[2026-07-25T16:44:14.479Z] Connected!
[2026-07-25T16:44:14.557Z] Closed, reconnecting...
[2026-07-25T16:44:14.643Z] Closed, reconnecting...
[2026-07-25T16:44:19.559Z] Connecting to xiaozhi edu MCP...
[2026-07-25T16:44:19.645Z] Connecting to xiaozhi edu MCP...
[2026-07-25T16:44:19.836Z] Connected!
[2026-07-25T16:44:19.895Z] Connected!
[2026-07-25T16:44:20.004Z] Closed, reconnecting...
[2026-07-25T16:44:20.055Z] Closed, reconnecting...
[2026-07-25T16:44:25.006Z] Connecting to xiaozhi edu MCP...
[2026-07-25T16:44:25.056Z] Connecting to xiaozhi edu MCP...
[2026-07-25T16:44:25.277Z] Connected!
[2026-07-25T16:44:25.306Z] Connected!
[2026-07-25T16:44:25.456Z] Closed, reconnecting...
[2026-07-25T16:44:25.471Z] Closed, reconnecting...
[2026-07-25T16:44:30.458Z] Connecting to xiaozhi edu MCP...
[2026-07-25T16:44:30.471Z] Connecting to xiaozhi edu MCP...
[2026-07-25T16:44:30.708Z] Connected!
[2026-07-25T16:44:30.751Z] Connected!
[2026-07-25T16:44:30.867Z] Closed, reconnecting...
[2026-07-25T16:44:30.934Z] Closed, reconnecting...
[2026-07-25T16:44:35.870Z] Connecting to xiaozhi edu MCP...
[2026-07-25T16:44:35.937Z] Connecting to xiaozhi edu MCP...
[2026-07-25T16:44:36.123Z] Connected!
[2026-07-25T16:44:36.173Z] Connected!
[2026-07-25T16:44:36.282Z] Closed, reconnecting...
[2026-07-25T16:44:36.329Z] Closed, reconnecting...
[2026-07-25T16:44:41.283Z] Connecting to xiaozhi edu MCP...
[2026-07-25T16:44:41.332Z] Connecting to xiaozhi edu MCP...
[2026-07-25T16:44:41.518Z] Connected!
[2026-07-25T16:44:41.577Z] Connected!
[2026-07-25T16:44:41.679Z] Closed, reconnecting...
[2026-07-25T16:44:41.735Z] Closed, reconnecting...
[2026-07-25T16:44:46.680Z] Connecting to xiaozhi edu MCP...
[2026-07-25T16:44:46.738Z] Connecting to xiaozhi edu MCP...
[2026-07-25T16:44:46.933Z] Connected!
[2026-07-25T16:44:47.031Z] Connected!
[2026-07-25T16:44:47.094Z] Closed, reconnecting...
[2026-07-25T16:44:47.200Z] Closed, reconnecting...
[2026-07-25T16:44:52.096Z] Connecting to xiaozhi edu MCP...
[2026-07-25T16:44:52.202Z] Connecting to xiaozhi edu MCP...
[2026-07-25T16:44:52.336Z] Connected!
[2026-07-25T16:44:52.468Z] Connected!
[2026-07-25T16:44:52.500Z] Closed, reconnecting...
[2026-07-25T16:44:52.645Z] Closed, reconnecting...
[2026-07-25T16:44:57.503Z] Connecting to xiaozhi edu MCP...
[2026-07-25T16:44:57.646Z] Connecting to xiaozhi edu MCP...
[2026-07-25T16:44:57.780Z] Connected!
[2026-07-25T16:44:57.888Z] Connected!
[2026-07-25T16:44:57.947Z] Closed, reconnecting...
[2026-07-25T16:44:58.043Z] Closed, reconnecting...
[2026-07-25T16:45:02.950Z] Connecting to xiaozhi edu MCP...
[2026-07-25T16:45:03.045Z] Connecting to xiaozhi edu MCP...
[2026-07-25T16:45:03.223Z] Connected!
[2026-07-25T16:45:03.293Z] Connected!
[2026-07-25T16:45:03.391Z] Closed, reconnecting...
[2026-07-25T16:45:03.450Z] Closed, reconnecting...
[2026-07-25T16:45:08.393Z] Connecting to xiaozhi edu MCP...
[2026-07-25T16:45:08.451Z] Connecting to xiaozhi edu MCP...
[2026-07-25T16:45:08.838Z] Connected!
[2026-07-25T16:45:08.935Z] Connected!
[2026-07-25T16:45:09.007Z] Closed, reconnecting...
[2026-07-25T16:45:09.103Z] Closed, reconnecting...
[2026-07-25T16:45:14.009Z] Connecting to xiaozhi edu MCP...
[2026-07-25T16:45:14.106Z] Connecting to xiaozhi edu MCP...
[2026-07-25T16:45:14.280Z] Connected!
[2026-07-25T16:45:14.369Z] Connected!
[2026-07-25T16:45:14.447Z] Closed, reconnecting...
[2026-07-25T16:45:14.536Z] Closed, reconnecting...
[2026-07-25T16:45:19.449Z] Connecting to xiaozhi edu MCP...
[2026-07-25T16:45:19.539Z] Connecting to xiaozhi edu MCP...
[2026-07-25T16:45:19.714Z] Connected!
[2026-07-25T16:45:19.800Z] Connected!
[2026-07-25T16:45:19.882Z] Closed, reconnecting...
[2026-07-25T16:45:19.967Z] Closed, reconnecting...
[2026-07-25T16:45:24.883Z] Connecting to xiaozhi edu MCP...
[2026-07-25T16:45:24.969Z] Connecting to xiaozhi edu MCP...
[2026-07-25T16:45:25.164Z] Connected!
[2026-07-25T16:45:25.212Z] Connected!
[2026-07-25T16:45:25.327Z] Closed, reconnecting...
[2026-07-25T16:45:25.366Z] Closed, reconnecting...
[2026-07-25T16:45:30.329Z] Connecting to xiaozhi edu MCP...
[2026-07-25T16:45:30.368Z] Connecting to xiaozhi edu MCP...
[2026-07-25T16:45:30.569Z] Connected!
[2026-07-25T16:45:30.604Z] Connected!
[2026-07-25T16:45:30.719Z] Closed, reconnecting...
[2026-07-25T16:45:30.736Z] Closed, reconnecting...
[2026-07-25T16:45:35.721Z] Connecting to xiaozhi edu MCP...
[2026-07-25T16:45:35.736Z] Connecting to xiaozhi edu MCP...
[2026-07-25T16:45:35.982Z] Connected!
[2026-07-25T16:45:35.983Z] Connected!
[2026-07-25T16:45:36.138Z] Closed, reconnecting...
[2026-07-25T16:45:36.145Z] Closed, reconnecting...
[2026-07-25T16:45:41.140Z] Connecting to xiaozhi edu MCP...
[2026-07-25T16:45:41.146Z] Connecting to xiaozhi edu MCP...
[2026-07-25T16:45:41.405Z] Connected!
[2026-07-25T16:45:41.409Z] Connected!
[2026-07-25T16:45:41.572Z] Closed, reconnecting...
[2026-07-25T16:45:41.576Z] Closed, reconnecting...
[2026-07-25T16:45:46.575Z] Connecting to xiaozhi edu MCP...
[2026-07-25T16:45:46.576Z] Connecting to xiaozhi edu MCP...
[2026-07-25T16:45:46.818Z] Connected!
[2026-07-25T16:45:46.858Z] Connected!
[2026-07-25T16:45:46.980Z] Closed, reconnecting...
[2026-07-25T16:45:47.023Z] Closed, reconnecting...
[2026-07-25T16:45:51.981Z] Connecting to xiaozhi edu MCP...
[2026-07-25T16:45:52.025Z] Connecting to xiaozhi edu MCP...
[2026-07-25T16:45:52.706Z] Connected!
[2026-07-25T16:45:52.708Z] Connected!
[2026-07-25T16:45:52.864Z] Closed, reconnecting...
[2026-07-25T16:45:52.869Z] Closed, reconnecting...
[2026-07-25T16:45:57.864Z] Connecting to xiaozhi edu MCP...
[2026-07-25T16:45:57.869Z] Connecting to xiaozhi edu MCP...
[2026-07-25T16:45:58.089Z] Connected!
[2026-07-25T16:45:58.112Z] Connected!
[2026-07-25T16:45:58.240Z] Closed, reconnecting...
[2026-07-25T16:45:58.275Z] Closed, reconnecting...
[2026-07-25T16:46:03.244Z] Connecting to xiaozhi edu MCP...
[2026-07-25T16:46:03.277Z] Connecting to xiaozhi edu MCP...
[2026-07-25T16:46:03.495Z] Connected!
[2026-07-25T16:46:03.531Z] Connected!
[2026-07-25T16:46:03.654Z] Closed, reconnecting...
[2026-07-25T16:46:03.696Z] Closed, reconnecting...
[2026-07-25T16:46:08.656Z] Connecting to xiaozhi edu MCP...
[2026-07-25T16:46:08.699Z] Connecting to xiaozhi edu MCP...
[2026-07-25T16:46:09.196Z] Connected!
[2026-07-25T16:46:09.224Z] Connected!
[2026-07-25T16:46:09.365Z] Closed, reconnecting...
[2026-07-25T16:46:09.378Z] Closed, reconnecting...
[2026-07-25T16:46:14.367Z] Connecting to xiaozhi edu MCP...
[2026-07-25T16:46:14.380Z] Connecting to xiaozhi edu MCP...
[2026-07-25T16:46:14.614Z] Connected!
[2026-07-25T16:46:14.615Z] Connected!
[2026-07-25T16:46:14.772Z] Closed, reconnecting...
[2026-07-25T16:46:14.777Z] Closed, reconnecting...
[2026-07-25T16:46:19.774Z] Connecting to xiaozhi edu MCP...
[2026-07-25T16:46:19.777Z] Connecting to xiaozhi edu MCP...
[2026-07-25T16:46:20.043Z] Connected!
[2026-07-25T16:46:20.060Z] Connected!
[2026-07-25T16:46:20.209Z] Closed, reconnecting...
[2026-07-25T16:46:20.226Z] Closed, reconnecting...
[2026-07-25T16:46:25.211Z] Connecting to xiaozhi edu MCP...
[2026-07-25T16:46:25.226Z] Connecting to xiaozhi edu MCP...
[2026-07-25T16:46:25.486Z] Connected!
[2026-07-25T16:46:25.490Z] Connected!
[2026-07-25T16:46:25.649Z] Closed, reconnecting...
[2026-07-25T16:46:25.649Z] Closed, reconnecting...
[2026-07-25T16:46:30.651Z] Connecting to xiaozhi edu MCP...
[2026-07-25T16:46:30.652Z] Connecting to xiaozhi edu MCP...
[2026-07-25T16:46:30.919Z] Connected!
[2026-07-25T16:46:30.930Z] Connected!
[2026-07-25T16:46:31.080Z] Closed, reconnecting...
[2026-07-25T16:46:31.093Z] Closed, reconnecting...
[2026-07-25T16:46:36.081Z] Connecting to xiaozhi edu MCP...
[2026-07-25T16:46:36.095Z] Connecting to xiaozhi edu MCP...
[2026-07-25T16:46:36.331Z] Connected!
[2026-07-25T16:46:36.357Z] Connected!
[2026-07-25T16:46:36.484Z] Closed, reconnecting...
[2026-07-25T16:46:36.522Z] Closed, reconnecting...
[2026-07-25T16:46:41.487Z] Connecting to xiaozhi edu MCP...
[2026-07-25T16:46:41.524Z] Connecting to xiaozhi edu MCP...
[2026-07-25T16:46:41.761Z] Connected!
[2026-07-25T16:46:41.764Z] Connected!
[2026-07-25T16:46:41.912Z] Closed, reconnecting...
[2026-07-25T16:46:41.930Z] Closed, reconnecting...
[2026-07-25T16:46:46.914Z] Connecting to xiaozhi edu MCP...
[2026-07-25T16:46:46.931Z] Connecting to xiaozhi edu MCP...
[2026-07-25T16:46:47.173Z] Connected!
[2026-07-25T16:46:47.188Z] Connected!
[2026-07-25T16:46:47.330Z] Closed, reconnecting...
[2026-07-25T16:46:47.359Z] Closed, reconnecting...
[2026-07-25T16:46:52.331Z] Connecting to xiaozhi edu MCP...
[2026-07-25T16:46:52.361Z] Connecting to xiaozhi edu MCP...
[2026-07-25T16:46:52.581Z] Connected!
[2026-07-25T16:46:52.615Z] Connected!
[2026-07-25T16:46:52.743Z] Closed, reconnecting...
[2026-07-25T16:46:52.771Z] Closed, reconnecting...
[2026-07-25T16:46:57.743Z] Connecting to xiaozhi edu MCP...
[2026-07-25T16:46:57.773Z] Connecting to xiaozhi edu MCP...
[2026-07-25T16:46:57.982Z] Connected!
[2026-07-25T16:46:58.018Z] Connected!
[2026-07-25T16:46:58.127Z] Closed, reconnecting...
[2026-07-25T16:46:58.176Z] Closed, reconnecting...
[2026-07-25T16:47:03.129Z] Connecting to xiaozhi edu MCP...
[2026-07-25T16:47:03.178Z] Connecting to xiaozhi edu MCP...
[2026-07-25T16:47:03.392Z] Connected!
[2026-07-25T16:47:03.412Z] Connected!
[2026-07-25T16:47:03.558Z] Closed, reconnecting...
[2026-07-25T16:47:03.563Z] Closed, reconnecting...
[2026-07-25T16:47:08.560Z] Connecting to xiaozhi edu MCP...
[2026-07-25T16:47:08.564Z] Connecting to xiaozhi edu MCP...
[2026-07-25T16:47:08.800Z] Connected!
[2026-07-25T16:47:08.820Z] Connected!
[2026-07-25T16:47:08.953Z] Closed, reconnecting...
[2026-07-25T16:47:08.983Z] Closed, reconnecting...
[2026-07-25T16:47:13.955Z] Connecting to xiaozhi edu MCP...
[2026-07-25T16:47:13.986Z] Connecting to xiaozhi edu MCP...
[2026-07-25T16:47:14.199Z] Connected!
[2026-07-25T16:47:14.251Z] Connected!
[2026-07-25T16:47:14.358Z] Closed, reconnecting...
[2026-07-25T16:47:14.414Z] Closed, reconnecting...
[2026-07-25T16:47:19.358Z] Connecting to xiaozhi edu MCP...
[2026-07-25T16:47:19.417Z] Connecting to xiaozhi edu MCP...
[2026-07-25T16:47:19.607Z] Connected!
[2026-07-25T16:47:19.671Z] Connected!
[2026-07-25T16:47:19.766Z] Closed, reconnecting...
[2026-07-25T16:47:19.832Z] Closed, reconnecting...
[2026-07-25T16:47:24.769Z] Connecting to xiaozhi edu MCP...
[2026-07-25T16:47:24.835Z] Connecting to xiaozhi edu MCP...
[2026-07-25T16:47:25.025Z] Connected!
[2026-07-25T16:47:25.091Z] Connected!
[2026-07-25T16:47:25.186Z] Closed, reconnecting...
[2026-07-25T16:47:25.254Z] Closed, reconnecting...
[2026-07-25T16:47:30.186Z] Connecting to xiaozhi edu MCP...
[2026-07-25T16:47:30.257Z] Connecting to xiaozhi edu MCP...
[2026-07-25T16:47:30.464Z] Connected!
[2026-07-25T16:47:30.530Z] Connected!
[2026-07-25T16:47:30.678Z] Closed, reconnecting...
[2026-07-25T16:47:30.793Z] Closed, reconnecting...
[2026-07-25T16:47:35.681Z] Connecting to xiaozhi edu MCP...
[2026-07-25T16:47:35.796Z] Connecting to xiaozhi edu MCP...
[2026-07-25T16:47:35.939Z] Connected!
[2026-07-25T16:47:36.042Z] Connected!
[2026-07-25T16:47:36.104Z] Closed, reconnecting...
[2026-07-25T16:47:36.202Z] Closed, reconnecting...
[2026-07-25T16:47:41.107Z] Connecting to xiaozhi edu MCP...
[2026-07-25T16:47:41.202Z] Connecting to xiaozhi edu MCP...
[2026-07-25T16:47:41.357Z] Connected!
[2026-07-25T16:47:41.455Z] Connected!
[2026-07-25T16:47:41.509Z] Closed, reconnecting...
[2026-07-25T16:47:41.617Z] Closed, reconnecting...
[2026-07-25T16:47:46.511Z] Connecting to xiaozhi edu MCP...
[2026-07-25T16:47:46.619Z] Connecting to xiaozhi edu MCP...
[2026-07-25T16:47:46.767Z] Connected!
[2026-07-25T16:47:46.849Z] Connected!
[2026-07-25T16:47:46.931Z] Closed, reconnecting...
[2026-07-25T16:47:47.009Z] Closed, reconnecting...
[2026-07-25T16:47:51.933Z] Connecting to xiaozhi edu MCP...
[2026-07-25T16:47:52.012Z] Connecting to xiaozhi edu MCP...
[2026-07-25T16:47:52.184Z] Connected!
[2026-07-25T16:47:52.250Z] Connected!
[2026-07-25T16:47:52.343Z] Closed, reconnecting...
[2026-07-25T16:47:52.401Z] Closed, reconnecting...
[2026-07-25T16:47:57.346Z] Connecting to xiaozhi edu MCP...
[2026-07-25T16:47:57.404Z] Connecting to xiaozhi edu MCP...
[2026-07-25T16:47:57.586Z] Connected!
[2026-07-25T16:47:57.680Z] Connected!
[2026-07-25T16:47:57.741Z] Closed, reconnecting...
[2026-07-25T16:47:57.855Z] Closed, reconnecting...
[2026-07-25T16:48:02.741Z] Connecting to xiaozhi edu MCP...
[2026-07-25T16:48:02.858Z] Connecting to xiaozhi edu MCP...
[2026-07-25T16:48:02.995Z] Connected!
[2026-07-25T16:48:03.127Z] Connected!
[2026-07-25T16:48:03.154Z] Closed, reconnecting...
[2026-07-25T16:48:03.299Z] Closed, reconnecting...
[2026-07-25T16:48:08.156Z] Connecting to xiaozhi edu MCP...
[2026-07-25T16:48:08.300Z] Connecting to xiaozhi edu MCP...
[2026-07-25T16:48:08.409Z] Connected!
[2026-07-25T16:48:08.560Z] Connected!
[2026-07-25T16:48:08.567Z] Closed, reconnecting...
[2026-07-25T16:48:08.722Z] Closed, reconnecting...
[2026-07-25T16:48:13.569Z] Connecting to xiaozhi edu MCP...
[2026-07-25T16:48:13.724Z] Connecting to xiaozhi edu MCP...
[2026-07-25T16:48:13.823Z] Connected!
[2026-07-25T16:48:13.987Z] Closed, reconnecting...
[2026-07-25T16:48:13.994Z] Connected!
[2026-07-25T16:48:14.167Z] Closed, reconnecting...
[2026-07-25T16:48:18.989Z] Connecting to xiaozhi edu MCP...
[2026-07-25T16:48:19.169Z] Connecting to xiaozhi edu MCP...
[2026-07-25T16:48:19.241Z] Connected!
[2026-07-25T16:48:19.406Z] Closed, reconnecting...
[2026-07-25T16:48:19.409Z] Connected!
[2026-07-25T16:48:19.574Z] Closed, reconnecting...
[2026-07-25T16:48:24.407Z] Connecting to xiaozhi edu MCP...
[2026-07-25T16:48:24.574Z] Connecting to xiaozhi edu MCP...
[2026-07-25T16:48:24.661Z] Connected!
[2026-07-25T16:48:24.825Z] Closed, reconnecting...
[2026-07-25T16:48:24.826Z] Connected!
[2026-07-25T16:48:24.983Z] Closed, reconnecting...
[2026-07-25T16:48:29.827Z] Connecting to xiaozhi edu MCP...
[2026-07-25T16:48:29.984Z] Connecting to xiaozhi edu MCP...
[2026-07-25T16:48:30.080Z] Connected!
[2026-07-25T16:48:30.231Z] Connected!
[2026-07-25T16:48:30.236Z] Closed, reconnecting...
[2026-07-25T16:48:30.393Z] Closed, reconnecting...
[2026-07-25T16:48:35.239Z] Connecting to xiaozhi edu MCP...
[2026-07-25T16:48:35.396Z] Connecting to xiaozhi edu MCP...
[2026-07-25T16:48:35.477Z] Connected!
[2026-07-25T16:48:35.634Z] Closed, reconnecting...
[2026-07-25T16:48:35.644Z] Connected!
[2026-07-25T16:48:35.800Z] Closed, reconnecting...
[2026-07-25T16:48:40.636Z] Connecting to xiaozhi edu MCP...
[2026-07-25T16:48:40.802Z] Connecting to xiaozhi edu MCP...
[2026-07-25T16:48:40.865Z] Connected!
[2026-07-25T16:48:41.017Z] Closed, reconnecting...
[2026-07-25T16:48:41.026Z] Connected!
[2026-07-25T16:48:41.173Z] Closed, reconnecting...
[2026-07-25T16:48:46.019Z] Connecting to xiaozhi edu MCP...
[2026-07-25T16:48:46.174Z] Connecting to xiaozhi edu MCP...
[2026-07-25T16:48:46.281Z] Connected!
[2026-07-25T16:48:46.430Z] Connected!
[2026-07-25T16:48:46.444Z] Closed, reconnecting...
[2026-07-25T16:48:46.597Z] Closed, reconnecting...
[2026-07-25T16:48:51.445Z] Connecting to xiaozhi edu MCP...
[2026-07-25T16:48:51.600Z] Connecting to xiaozhi edu MCP...
[2026-07-25T16:48:51.705Z] Connected!
[2026-07-25T16:48:51.862Z] Connected!
[2026-07-25T16:48:51.873Z] Closed, reconnecting...
[2026-07-25T16:48:52.029Z] Closed, reconnecting...
[2026-07-25T16:48:56.873Z] Connecting to xiaozhi edu MCP...
[2026-07-25T16:48:57.032Z] Connecting to xiaozhi edu MCP...
[2026-07-25T16:48:57.121Z] Connected!
[2026-07-25T16:48:57.277Z] Connected!
[2026-07-25T16:48:57.290Z] Closed, reconnecting...
[2026-07-25T16:48:57.435Z] Closed, reconnecting...
[2026-07-25T16:49:02.292Z] Connecting to xiaozhi edu MCP...
[2026-07-25T16:49:02.436Z] Connecting to xiaozhi edu MCP...
[2026-07-25T16:49:02.563Z] Connected!
[2026-07-25T16:49:02.675Z] Connected!
[2026-07-25T16:49:02.725Z] Closed, reconnecting...
[2026-07-25T16:49:02.829Z] Closed, reconnecting...
[2026-07-25T16:49:07.727Z] Connecting to xiaozhi edu MCP...
[2026-07-25T16:49:07.830Z] Connecting to xiaozhi edu MCP...
[2026-07-25T16:49:07.962Z] Connected!
[2026-07-25T16:49:08.057Z] Connected!
[2026-07-25T16:49:08.112Z] Closed, reconnecting...
[2026-07-25T16:49:08.204Z] Closed, reconnecting...
[2026-07-25T16:49:13.114Z] Connecting to xiaozhi edu MCP...
[2026-07-25T16:49:13.207Z] Connecting to xiaozhi edu MCP...
[2026-07-25T16:49:13.364Z] Connected!
[2026-07-25T16:49:13.437Z] Connected!
[2026-07-25T16:49:13.520Z] Closed, reconnecting...
[2026-07-25T16:49:13.585Z] Closed, reconnecting...
[2026-07-25T16:49:18.523Z] Connecting to xiaozhi edu MCP...
[2026-07-25T16:49:18.587Z] Connecting to xiaozhi edu MCP...
[2026-07-25T16:49:18.767Z] Connected!
[2026-07-25T16:49:18.838Z] Connected!
[2026-07-25T16:49:18.918Z] Closed, reconnecting...
[2026-07-25T16:49:19.004Z] Closed, reconnecting...
[2026-07-25T16:49:23.920Z] Connecting to xiaozhi edu MCP...
[2026-07-25T16:49:24.007Z] Connecting to xiaozhi edu MCP...
[2026-07-25T16:49:24.163Z] Connected!
[2026-07-25T16:49:24.271Z] Connected!
[2026-07-25T16:49:24.318Z] Closed, reconnecting...
[2026-07-25T16:49:24.425Z] Closed, reconnecting...
[2026-07-25T16:49:29.321Z] Connecting to xiaozhi edu MCP...
[2026-07-25T16:49:29.427Z] Connecting to xiaozhi edu MCP...
[2026-07-25T16:49:29.557Z] Connected!
[2026-07-25T16:49:29.688Z] Connected!
[2026-07-25T16:49:29.708Z] Closed, reconnecting...
[2026-07-25T16:49:29.852Z] Closed, reconnecting...
[2026-07-25T16:49:34.709Z] Connecting to xiaozhi edu MCP...
[2026-07-25T16:49:34.854Z] Connecting to xiaozhi edu MCP...
[2026-07-25T16:49:34.949Z] Connected!
[2026-07-25T16:49:35.103Z] Closed, reconnecting...
[2026-07-25T16:49:35.115Z] Connected!
[2026-07-25T16:49:35.287Z] Closed, reconnecting...
[2026-07-25T16:49:40.105Z] Connecting to xiaozhi edu MCP...
[2026-07-25T16:49:40.287Z] Connecting to xiaozhi edu MCP...
[2026-07-25T16:49:40.377Z] Connected!
[2026-07-25T16:49:40.517Z] Connected!
[2026-07-25T16:49:40.542Z] Closed, reconnecting...
[2026-07-25T16:49:40.670Z] Closed, reconnecting...
[2026-07-25T16:49:45.544Z] Connecting to xiaozhi edu MCP...
[2026-07-25T16:49:45.672Z] Connecting to xiaozhi edu MCP...
[2026-07-25T16:49:45.827Z] Connected!
[2026-07-25T16:49:45.934Z] Connected!
[2026-07-25T16:49:46.001Z] Closed, reconnecting...
[2026-07-25T16:49:46.097Z] Closed, reconnecting...
[2026-07-25T16:49:51.003Z] Connecting to xiaozhi edu MCP...
[2026-07-25T16:49:51.099Z] Connecting to xiaozhi edu MCP...
[2026-07-25T16:49:51.341Z] Connected!
[2026-07-25T16:49:51.393Z] Connected!
[2026-07-25T16:49:51.508Z] Closed, reconnecting...
[2026-07-25T16:49:51.555Z] Closed, reconnecting...
[2026-07-25T16:49:56.510Z] Connecting to xiaozhi edu MCP...
[2026-07-25T16:49:56.556Z] Connecting to xiaozhi edu MCP...
[2026-07-25T16:49:56.761Z] Connected!
[2026-07-25T16:49:56.815Z] Connected!
[2026-07-25T16:49:56.938Z] Closed, reconnecting...
[2026-07-25T16:49:56.985Z] Closed, reconnecting...
[2026-07-25T16:50:01.940Z] Connecting to xiaozhi edu MCP...
[2026-07-25T16:50:01.987Z] Connecting to xiaozhi edu MCP...
[2026-07-25T16:50:02.178Z] Connected!
[2026-07-25T16:50:02.252Z] Connected!
[2026-07-25T16:50:02.330Z] Closed, reconnecting...
[2026-07-25T16:50:02.422Z] Closed, reconnecting...
[2026-07-25T16:50:07.333Z] Connecting to xiaozhi edu MCP...
[2026-07-25T16:50:07.425Z] Connecting to xiaozhi edu MCP...
[2026-07-25T16:50:07.595Z] Connected!
[2026-07-25T16:50:07.673Z] Connected!
[2026-07-25T16:50:07.760Z] Closed, reconnecting...
[2026-07-25T16:50:07.827Z] Closed, reconnecting...
[2026-07-25T16:50:12.761Z] Connecting to xiaozhi edu MCP...
[2026-07-25T16:50:12.831Z] Connecting to xiaozhi edu MCP...
[2026-07-25T16:50:13.000Z] Connected!
[2026-07-25T16:50:13.069Z] Connected!
[2026-07-25T16:50:13.152Z] Closed, reconnecting...
[2026-07-25T16:50:13.222Z] Closed, reconnecting...
[2026-07-25T16:50:18.154Z] Connecting to xiaozhi edu MCP...
[2026-07-25T16:50:18.222Z] Connecting to xiaozhi edu MCP...
[2026-07-25T16:50:18.403Z] Connected!
[2026-07-25T16:50:18.484Z] Connected!
[2026-07-25T16:50:18.555Z] Closed, reconnecting...
[2026-07-25T16:50:18.654Z] Closed, reconnecting...
[2026-07-25T16:50:23.557Z] Connecting to xiaozhi edu MCP...
[2026-07-25T16:50:23.654Z] Connecting to xiaozhi edu MCP...
[2026-07-25T16:50:23.796Z] Connected!
[2026-07-25T16:50:23.909Z] Connected!
[2026-07-25T16:50:23.949Z] Closed, reconnecting...
[2026-07-25T16:50:24.074Z] Closed, reconnecting...
[2026-07-25T16:50:28.951Z] Connecting to xiaozhi edu MCP...
[2026-07-25T16:50:29.076Z] Connecting to xiaozhi edu MCP...
[2026-07-25T16:50:29.207Z] Connected!
[2026-07-25T16:50:29.347Z] Connected!
[2026-07-25T16:50:29.365Z] Closed, reconnecting...
[2026-07-25T16:50:29.509Z] Closed, reconnecting...
[2026-07-25T16:50:34.366Z] Connecting to xiaozhi edu MCP...
[2026-07-25T16:50:34.510Z] Connecting to xiaozhi edu MCP...
[2026-07-25T16:50:34.618Z] Connected!
[2026-07-25T16:50:34.764Z] Connected!
[2026-07-25T16:50:34.785Z] Closed, reconnecting...
[2026-07-25T16:50:34.922Z] Closed, reconnecting...
[2026-07-25T16:50:39.786Z] Connecting to xiaozhi edu MCP...
[2026-07-25T16:50:39.923Z] Connecting to xiaozhi edu MCP...
[2026-07-25T16:50:40.029Z] Connected!
[2026-07-25T16:50:40.179Z] Connected!
[2026-07-25T16:50:40.187Z] Closed, reconnecting...
[2026-07-25T16:50:40.344Z] Closed, reconnecting...
[2026-07-25T16:50:45.187Z] Connecting to xiaozhi edu MCP...
[2026-07-25T16:50:45.347Z] Connecting to xiaozhi edu MCP...
[2026-07-25T16:50:45.450Z] Connected!
[2026-07-25T16:50:45.621Z] Closed, reconnecting...
[2026-07-25T16:50:45.631Z] Connected!
[2026-07-25T16:50:45.801Z] Closed, reconnecting...
[2026-07-25T16:50:50.624Z] Connecting to xiaozhi edu MCP...
[2026-07-25T16:50:50.803Z] Connecting to xiaozhi edu MCP...
[2026-07-25T16:50:50.880Z] Connected!
[2026-07-25T16:50:51.039Z] Closed, reconnecting...
[2026-07-25T16:50:51.048Z] Connected!
[2026-07-25T16:50:51.213Z] Closed, reconnecting...
[2026-07-25T16:50:56.042Z] Connecting to xiaozhi edu MCP...
[2026-07-25T16:50:56.215Z] Connecting to xiaozhi edu MCP...
[2026-07-25T16:50:56.289Z] Connected!
[2026-07-25T16:50:56.451Z] Closed, reconnecting...
[2026-07-25T16:50:56.471Z] Connected!
[2026-07-25T16:50:56.626Z] Closed, reconnecting...
[2026-07-25T16:51:01.452Z] Connecting to xiaozhi edu MCP...
[2026-07-25T16:51:01.628Z] Connecting to xiaozhi edu MCP...
[2026-07-25T16:51:01.725Z] Connected!
[2026-07-25T16:51:01.901Z] Connected!
[2026-07-25T16:51:01.904Z] Closed, reconnecting...
[2026-07-25T16:51:02.061Z] Closed, reconnecting...
[2026-07-25T16:51:06.906Z] Connecting to xiaozhi edu MCP...
[2026-07-25T16:51:07.063Z] Connecting to xiaozhi edu MCP...
[2026-07-25T16:51:07.163Z] Connected!
[2026-07-25T16:51:07.326Z] Connected!
[2026-07-25T16:51:07.332Z] Closed, reconnecting...
[2026-07-25T16:51:07.501Z] Closed, reconnecting...
[2026-07-25T16:51:12.335Z] Connecting to xiaozhi edu MCP...
[2026-07-25T16:51:12.503Z] Connecting to xiaozhi edu MCP...
[2026-07-25T16:51:12.580Z] Connected!
[2026-07-25T16:51:12.743Z] Closed, reconnecting...
[2026-07-25T16:51:12.754Z] Connected!
[2026-07-25T16:51:12.915Z] Closed, reconnecting...
[2026-07-25T16:51:17.745Z] Connecting to xiaozhi edu MCP...
[2026-07-25T16:51:17.916Z] Connecting to xiaozhi edu MCP...
[2026-07-25T16:51:17.985Z] Connected!
[2026-07-25T16:51:18.138Z] Closed, reconnecting...
[2026-07-25T16:51:18.286Z] Connected!
[2026-07-25T16:51:18.451Z] Closed, reconnecting...
[2026-07-25T16:51:23.140Z] Connecting to xiaozhi edu MCP...
[2026-07-25T16:51:23.402Z] Connected!
[2026-07-25T16:51:23.452Z] Connecting to xiaozhi edu MCP...
[2026-07-25T16:51:23.581Z] Closed, reconnecting...
[2026-07-25T16:51:23.706Z] Connected!
[2026-07-25T16:51:23.870Z] Closed, reconnecting...
[2026-07-25T16:51:28.582Z] Connecting to xiaozhi edu MCP...
[2026-07-25T16:51:28.827Z] Connected!
[2026-07-25T16:51:28.873Z] Connecting to xiaozhi edu MCP...
[2026-07-25T16:51:28.994Z] Closed, reconnecting...
[2026-07-25T16:51:29.117Z] Connected!
[2026-07-25T16:51:29.280Z] Closed, reconnecting...
[2026-07-25T16:51:33.995Z] Connecting to xiaozhi edu MCP...
[2026-07-25T16:51:34.241Z] Connected!
[2026-07-25T16:51:34.280Z] Connecting to xiaozhi edu MCP...
[2026-07-25T16:51:34.398Z] Closed, reconnecting...
[2026-07-25T16:51:34.519Z] Connected!
[2026-07-25T16:51:34.671Z] Closed, reconnecting...
[2026-07-25T16:51:39.401Z] Connecting to xiaozhi edu MCP...
[2026-07-25T16:51:39.655Z] Connected!
[2026-07-25T16:51:39.674Z] Connecting to xiaozhi edu MCP...
[2026-07-25T16:51:39.814Z] Closed, reconnecting...
[2026-07-25T16:51:39.922Z] Connected!
[2026-07-25T16:51:40.081Z] Closed, reconnecting...
[2026-07-25T16:51:44.817Z] Connecting to xiaozhi edu MCP...
[2026-07-25T16:51:45.063Z] Connected!
[2026-07-25T16:51:45.084Z] Connecting to xiaozhi edu MCP...
[2026-07-25T16:51:45.221Z] Closed, reconnecting...
[2026-07-25T16:51:45.320Z] Connected!
[2026-07-25T16:51:45.471Z] Closed, reconnecting...
[2026-07-25T16:51:50.224Z] Connecting to xiaozhi edu MCP...
[2026-07-25T16:51:50.474Z] Connecting to xiaozhi edu MCP...
[2026-07-25T16:51:50.496Z] Connected!
[2026-07-25T16:51:50.720Z] Connected!
[2026-07-25T16:51:50.818Z] Closed, reconnecting...
[2026-07-25T16:51:50.879Z] Closed, reconnecting...
[2026-07-25T16:51:55.821Z] Connecting to xiaozhi edu MCP...
[2026-07-25T16:51:55.880Z] Connecting to xiaozhi edu MCP...
[2026-07-25T16:51:56.081Z] Connected!
[2026-07-25T16:51:56.149Z] Connected!
[2026-07-25T16:51:56.249Z] Closed, reconnecting...
[2026-07-25T16:51:56.310Z] Closed, reconnecting...
[2026-07-25T16:52:01.251Z] Connecting to xiaozhi edu MCP...
[2026-07-25T16:52:01.311Z] Connecting to xiaozhi edu MCP...
[2026-07-25T16:52:01.506Z] Connected!
[2026-07-25T16:52:01.561Z] Connected!
[2026-07-25T16:52:01.665Z] Closed, reconnecting...
[2026-07-25T16:52:01.721Z] Closed, reconnecting...
[2026-07-25T16:52:06.666Z] Connecting to xiaozhi edu MCP...
[2026-07-25T16:52:06.722Z] Connecting to xiaozhi edu MCP...
[2026-07-25T16:52:06.916Z] Connected!
[2026-07-25T16:52:06.984Z] Connected!
[2026-07-25T16:52:07.082Z] Closed, reconnecting...
[2026-07-25T16:52:07.149Z] Closed, reconnecting...
[2026-07-25T16:52:12.083Z] Connecting to xiaozhi edu MCP...
[2026-07-25T16:52:12.150Z] Connecting to xiaozhi edu MCP...
[2026-07-25T16:52:12.337Z] Connected!
[2026-07-25T16:52:12.390Z] Connected!
[2026-07-25T16:52:12.496Z] Closed, reconnecting...
[2026-07-25T16:52:12.547Z] Closed, reconnecting...
[2026-07-25T16:52:17.499Z] Connecting to xiaozhi edu MCP...
[2026-07-25T16:52:17.549Z] Connecting to xiaozhi edu MCP...
[2026-07-25T16:52:17.745Z] Connected!
[2026-07-25T16:52:17.791Z] Connected!
[2026-07-25T16:52:17.903Z] Closed, reconnecting...
[2026-07-25T16:52:17.940Z] Closed, reconnecting...
[2026-07-25T16:52:22.906Z] Connecting to xiaozhi edu MCP...
[2026-07-25T16:52:22.943Z] Connecting to xiaozhi edu MCP...
[2026-07-25T16:52:23.165Z] Connected!
[2026-07-25T16:52:23.202Z] Connected!
[2026-07-25T16:52:23.332Z] Closed, reconnecting...
[2026-07-25T16:52:23.347Z] Closed, reconnecting...
[2026-07-25T16:52:28.334Z] Connecting to xiaozhi edu MCP...
[2026-07-25T16:52:28.348Z] Connecting to xiaozhi edu MCP...
[2026-07-25T16:52:28.595Z] Connected!
[2026-07-25T16:52:28.602Z] Connected!
[2026-07-25T16:52:28.761Z] Closed, reconnecting...
[2026-07-25T16:52:28.762Z] Closed, reconnecting...
[2026-07-25T16:52:33.764Z] Connecting to xiaozhi edu MCP...
[2026-07-25T16:52:33.765Z] Connecting to xiaozhi edu MCP...
[2026-07-25T16:52:34.010Z] Connected!
[2026-07-25T16:52:34.020Z] Connected!
[2026-07-25T16:52:34.162Z] Closed, reconnecting...
[2026-07-25T16:52:34.183Z] Closed, reconnecting...
[2026-07-25T16:52:39.162Z] Connecting to xiaozhi edu MCP...
[2026-07-25T16:52:39.186Z] Connecting to xiaozhi edu MCP...
[2026-07-25T16:52:39.392Z] Connected!
[2026-07-25T16:52:39.450Z] Connected!
[2026-07-25T16:52:39.541Z] Closed, reconnecting...
[2026-07-25T16:52:39.609Z] Closed, reconnecting...
[2026-07-25T16:52:44.543Z] Connecting to xiaozhi edu MCP...
[2026-07-25T16:52:44.609Z] Connecting to xiaozhi edu MCP...
[2026-07-25T16:52:44.808Z] Connected!
[2026-07-25T16:52:44.898Z] Connected!
[2026-07-25T16:52:44.970Z] Closed, reconnecting...
[2026-07-25T16:52:45.072Z] Closed, reconnecting...
[2026-07-25T16:52:49.972Z] Connecting to xiaozhi edu MCP...
[2026-07-25T16:52:50.074Z] Connecting to xiaozhi edu MCP...
[2026-07-25T16:52:50.233Z] Connected!
[2026-07-25T16:52:50.324Z] Connected!
[2026-07-25T16:52:50.408Z] Closed, reconnecting...
[2026-07-25T16:52:50.485Z] Closed, reconnecting...
[2026-07-25T16:52:55.410Z] Connecting to xiaozhi edu MCP...
[2026-07-25T16:52:55.486Z] Connecting to xiaozhi edu MCP...
[2026-07-25T16:52:55.675Z] Connected!
[2026-07-25T16:52:55.724Z] Connected!
[2026-07-25T16:52:55.839Z] Closed, reconnecting...
[2026-07-25T16:52:55.874Z] Closed, reconnecting...
[2026-07-25T16:53:00.840Z] Connecting to xiaozhi edu MCP...
[2026-07-25T16:53:00.877Z] Connecting to xiaozhi edu MCP...
[2026-07-25T16:53:01.087Z] Connected!
[2026-07-25T16:53:01.131Z] Connected!
[2026-07-25T16:53:01.247Z] Closed, reconnecting...
[2026-07-25T16:53:01.302Z] Closed, reconnecting...
[2026-07-25T16:53:06.249Z] Connecting to xiaozhi edu MCP...
[2026-07-25T16:53:06.303Z] Connecting to xiaozhi edu MCP...
[2026-07-25T16:53:06.508Z] Connected!
[2026-07-25T16:53:06.550Z] Connected!
[2026-07-25T16:53:06.671Z] Closed, reconnecting...
[2026-07-25T16:53:06.711Z] Closed, reconnecting...
[2026-07-25T16:53:11.673Z] Connecting to xiaozhi edu MCP...
[2026-07-25T16:53:11.713Z] Connecting to xiaozhi edu MCP...
[2026-07-25T16:53:11.920Z] Connected!
[2026-07-25T16:53:11.977Z] Connected!
[2026-07-25T16:53:12.088Z] Closed, reconnecting...
[2026-07-25T16:53:12.144Z] Closed, reconnecting...
[2026-07-25T16:53:17.090Z] Connecting to xiaozhi edu MCP...
[2026-07-25T16:53:17.145Z] Connecting to xiaozhi edu MCP...
[2026-07-25T16:53:17.359Z] Connected!
[2026-07-25T16:53:17.415Z] Connected!
[2026-07-25T16:53:17.522Z] Closed, reconnecting...
[2026-07-25T16:53:17.593Z] Closed, reconnecting...
[2026-07-25T16:53:22.525Z] Connecting to xiaozhi edu MCP...
[2026-07-25T16:53:22.596Z] Connecting to xiaozhi edu MCP...
[2026-07-25T16:53:22.785Z] Connected!
[2026-07-25T16:53:22.862Z] Connected!
[2026-07-25T16:53:22.947Z] Closed, reconnecting...
[2026-07-25T16:53:23.033Z] Closed, reconnecting...
[2026-07-25T16:53:27.949Z] Connecting to xiaozhi edu MCP...
[2026-07-25T16:53:28.036Z] Connecting to xiaozhi edu MCP...
[2026-07-25T16:53:28.176Z] Connected!
[2026-07-25T16:53:28.292Z] Connected!
[2026-07-25T16:53:28.324Z] Closed, reconnecting...
[2026-07-25T16:53:28.462Z] Closed, reconnecting...
[2026-07-25T16:53:33.325Z] Connecting to xiaozhi edu MCP...
[2026-07-25T16:53:33.464Z] Connecting to xiaozhi edu MCP...
[2026-07-25T16:53:33.596Z] Connected!
[2026-07-25T16:53:33.708Z] Connected!
[2026-07-25T16:53:33.758Z] Closed, reconnecting...
[2026-07-25T16:53:33.860Z] Closed, reconnecting...
[2026-07-25T16:53:38.760Z] Connecting to xiaozhi edu MCP...
[2026-07-25T16:53:38.862Z] Connecting to xiaozhi edu MCP...
[2026-07-25T16:53:38.991Z] Connected!
[2026-07-25T16:53:39.105Z] Connected!
[2026-07-25T16:53:39.142Z] Closed, reconnecting...
[2026-07-25T16:53:39.269Z] Closed, reconnecting...
[2026-07-25T16:53:44.145Z] Connecting to xiaozhi edu MCP...
[2026-07-25T16:53:44.271Z] Connecting to xiaozhi edu MCP...
[2026-07-25T16:53:44.428Z] Connected!
[2026-07-25T16:53:44.512Z] Connected!
[2026-07-25T16:53:44.600Z] Closed, reconnecting...
[2026-07-25T16:53:44.668Z] Closed, reconnecting...
[2026-07-25T16:53:49.603Z] Connecting to xiaozhi edu MCP...
[2026-07-25T16:53:49.671Z] Connecting to xiaozhi edu MCP...
[2026-07-25T16:53:49.868Z] Connected!
[2026-07-25T16:53:49.941Z] Connected!
[2026-07-25T16:53:50.041Z] Closed, reconnecting...
[2026-07-25T16:53:50.112Z] Closed, reconnecting...
[2026-07-25T16:53:55.044Z] Connecting to xiaozhi edu MCP...
[2026-07-25T16:53:55.114Z] Connecting to xiaozhi edu MCP...
[2026-07-25T16:53:55.307Z] Connected!
[2026-07-25T16:53:55.377Z] Connected!
[2026-07-25T16:53:55.486Z] Closed, reconnecting...
[2026-07-25T16:53:55.542Z] Closed, reconnecting...
[2026-07-25T16:54:00.488Z] Connecting to xiaozhi edu MCP...
[2026-07-25T16:54:00.543Z] Connecting to xiaozhi edu MCP...
[2026-07-25T16:54:00.745Z] Connected!
[2026-07-25T16:54:00.790Z] Connected!
[2026-07-25T16:54:00.899Z] Closed, reconnecting...
[2026-07-25T16:54:00.947Z] Closed, reconnecting...
[2026-07-25T16:54:05.901Z] Connecting to xiaozhi edu MCP...
[2026-07-25T16:54:05.949Z] Connecting to xiaozhi edu MCP...
[2026-07-25T16:54:06.147Z] Connected!
[2026-07-25T16:54:06.198Z] Connected!
[2026-07-25T16:54:06.307Z] Closed, reconnecting...
[2026-07-25T16:54:06.359Z] Closed, reconnecting...
[2026-07-25T16:54:11.310Z] Connecting to xiaozhi edu MCP...
[2026-07-25T16:54:11.361Z] Connecting to xiaozhi edu MCP...
[2026-07-25T16:54:11.562Z] Connected!
[2026-07-25T16:54:11.596Z] Connected!
[2026-07-25T16:54:11.718Z] Closed, reconnecting...
[2026-07-25T16:54:11.748Z] Closed, reconnecting...
[2026-07-25T16:54:16.721Z] Connecting to xiaozhi edu MCP...
[2026-07-25T16:54:16.750Z] Connecting to xiaozhi edu MCP...
[2026-07-25T16:54:16.960Z] Connected!
[2026-07-25T16:54:17.022Z] Connected!
[2026-07-25T16:54:17.123Z] Closed, reconnecting...
[2026-07-25T16:54:17.196Z] Closed, reconnecting...
[2026-07-25T16:54:22.125Z] Connecting to xiaozhi edu MCP...
[2026-07-25T16:54:22.197Z] Connecting to xiaozhi edu MCP...
[2026-07-25T16:54:22.389Z] Connected!
[2026-07-25T16:54:22.430Z] Connected!
[2026-07-25T16:54:22.555Z] Closed, reconnecting...
[2026-07-25T16:54:22.580Z] Closed, reconnecting...
[2026-07-25T16:54:27.558Z] Connecting to xiaozhi edu MCP...
[2026-07-25T16:54:27.581Z] Connecting to xiaozhi edu MCP...
[2026-07-25T16:54:27.796Z] Connected!
[2026-07-25T16:54:27.825Z] Connected!
[2026-07-25T16:54:27.952Z] Closed, reconnecting...
[2026-07-25T16:54:27.978Z] Closed, reconnecting...
[2026-07-25T16:54:32.954Z] Connecting to xiaozhi edu MCP...
[2026-07-25T16:54:32.979Z] Connecting to xiaozhi edu MCP...
[2026-07-25T16:54:33.192Z] Connected!
[2026-07-25T16:54:33.220Z] Connected!
[2026-07-25T16:54:33.346Z] Closed, reconnecting...
[2026-07-25T16:54:33.379Z] Closed, reconnecting...
[2026-07-25T16:54:38.347Z] Connecting to xiaozhi edu MCP...
[2026-07-25T16:54:38.379Z] Connecting to xiaozhi edu MCP...
[2026-07-25T16:54:38.585Z] Connected!
[2026-07-25T16:54:38.627Z] Connected!
[2026-07-25T16:54:38.740Z] Closed, reconnecting...
[2026-07-25T16:54:38.788Z] Closed, reconnecting...
[2026-07-25T16:54:43.743Z] Connecting to xiaozhi edu MCP...
[2026-07-25T16:54:43.790Z] Connecting to xiaozhi edu MCP...
[2026-07-25T16:54:43.991Z] Connected!
[2026-07-25T16:54:44.041Z] Connected!
[2026-07-25T16:54:44.143Z] Closed, reconnecting...
[2026-07-25T16:54:44.200Z] Closed, reconnecting...
[2026-07-25T16:54:49.143Z] Connecting to xiaozhi edu MCP...
[2026-07-25T16:54:49.202Z] Connecting to xiaozhi edu MCP...
[2026-07-25T16:54:49.408Z] Connected!
[2026-07-25T16:54:49.466Z] Connected!
[2026-07-25T16:54:49.571Z] Closed, reconnecting...
[2026-07-25T16:54:49.630Z] Closed, reconnecting...
[2026-07-25T16:54:54.573Z] Connecting to xiaozhi edu MCP...
[2026-07-25T16:54:54.634Z] Connecting to xiaozhi edu MCP...
[2026-07-25T16:54:54.827Z] Connected!
[2026-07-25T16:54:54.906Z] Connected!
[2026-07-25T16:54:54.983Z] Closed, reconnecting...
[2026-07-25T16:54:55.077Z] Closed, reconnecting...
[2026-07-25T16:54:59.983Z] Connecting to xiaozhi edu MCP...
[2026-07-25T16:55:00.079Z] Connecting to xiaozhi edu MCP...
[2026-07-25T16:55:00.234Z] Connected!
[2026-07-25T16:55:00.335Z] Connected!
[2026-07-25T16:55:00.413Z] Closed, reconnecting...
[2026-07-25T16:55:00.501Z] Closed, reconnecting...
[2026-07-25T16:55:05.416Z] Connecting to xiaozhi edu MCP...
[2026-07-25T16:55:05.503Z] Connecting to xiaozhi edu MCP...
[2026-07-25T16:55:05.655Z] Connected!
[2026-07-25T16:55:05.751Z] Connected!
[2026-07-25T16:55:05.814Z] Closed, reconnecting...
[2026-07-25T16:55:05.916Z] Closed, reconnecting...
[2026-07-25T16:55:10.816Z] Connecting to xiaozhi edu MCP...
[2026-07-25T16:55:10.918Z] Connecting to xiaozhi edu MCP...
[2026-07-25T16:55:11.061Z] Connected!
[2026-07-25T16:55:11.144Z] Connected!
[2026-07-25T16:55:11.222Z] Closed, reconnecting...
[2026-07-25T16:55:11.289Z] Closed, reconnecting...
[2026-07-25T16:55:16.225Z] Connecting to xiaozhi edu MCP...
[2026-07-25T16:55:16.291Z] Connecting to xiaozhi edu MCP...
[2026-07-25T16:55:16.474Z] Connected!
[2026-07-25T16:55:16.520Z] Connected!
[2026-07-25T16:55:16.630Z] Closed, reconnecting...
[2026-07-25T16:55:16.668Z] Closed, reconnecting...
[2026-07-25T16:55:21.633Z] Connecting to xiaozhi edu MCP...
[2026-07-25T16:55:21.670Z] Connecting to xiaozhi edu MCP...
[2026-07-25T16:55:21.892Z] Connected!
[2026-07-25T16:55:21.933Z] Connected!
[2026-07-25T16:55:22.061Z] Closed, reconnecting...
[2026-07-25T16:55:22.103Z] Closed, reconnecting...
[2026-07-25T16:55:27.062Z] Connecting to xiaozhi edu MCP...
[2026-07-25T16:55:27.105Z] Connecting to xiaozhi edu MCP...
[2026-07-25T16:55:27.300Z] Connected!
[2026-07-25T16:55:27.349Z] Connected!
[2026-07-25T16:55:27.451Z] Closed, reconnecting...
[2026-07-25T16:55:27.502Z] Closed, reconnecting...
[2026-07-25T16:55:32.454Z] Connecting to xiaozhi edu MCP...
[2026-07-25T16:55:32.504Z] Connecting to xiaozhi edu MCP...
[2026-07-25T16:55:32.718Z] Connected!
[2026-07-25T16:55:32.744Z] Connected!
[2026-07-25T16:55:32.883Z] Closed, reconnecting...
[2026-07-25T16:55:32.900Z] Closed, reconnecting...
[2026-07-25T16:55:37.883Z] Connecting to xiaozhi edu MCP...
[2026-07-25T16:55:37.901Z] Connecting to xiaozhi edu MCP...
[2026-07-25T16:55:38.138Z] Connected!
[2026-07-25T16:55:38.152Z] Connected!
[2026-07-25T16:55:38.304Z] Closed, reconnecting...
[2026-07-25T16:55:38.315Z] Closed, reconnecting...
[2026-07-25T16:55:43.304Z] Connecting to xiaozhi edu MCP...
[2026-07-25T16:55:43.316Z] Connecting to xiaozhi edu MCP...
[2026-07-25T16:55:43.529Z] Connected!
[2026-07-25T16:55:43.542Z] Connected!
[2026-07-25T16:55:43.681Z] Closed, reconnecting...
[2026-07-25T16:55:43.703Z] Closed, reconnecting...
[2026-07-25T16:55:48.684Z] Connecting to xiaozhi edu MCP...
[2026-07-25T16:55:48.706Z] Connecting to xiaozhi edu MCP...
[2026-07-25T16:55:48.955Z] Connected!
[2026-07-25T16:55:48.966Z] Connected!
[2026-07-25T16:55:49.082Z] Closed, reconnecting...
[2026-07-25T16:55:49.126Z] Closed, reconnecting...
[2026-07-25T16:55:54.084Z] Connecting to xiaozhi edu MCP...
[2026-07-25T16:55:54.129Z] Connecting to xiaozhi edu MCP...
[2026-07-25T16:55:54.343Z] Connected!
[2026-07-25T16:55:54.379Z] Connected!
[2026-07-25T16:55:54.505Z] Closed, reconnecting...
[2026-07-25T16:55:54.541Z] Closed, reconnecting...
[2026-07-25T16:55:59.507Z] Connecting to xiaozhi edu MCP...
[2026-07-25T16:55:59.543Z] Connecting to xiaozhi edu MCP...
[2026-07-25T16:55:59.744Z] Connected!
[2026-07-25T16:55:59.797Z] Connected!
[2026-07-25T16:55:59.895Z] Closed, reconnecting...
[2026-07-25T16:55:59.960Z] Closed, reconnecting...
[2026-07-25T16:56:04.895Z] Connecting to xiaozhi edu MCP...
[2026-07-25T16:56:04.961Z] Connecting to xiaozhi edu MCP...
[2026-07-25T16:56:05.151Z] Connected!
[2026-07-25T16:56:05.206Z] Connected!
[2026-07-25T16:56:05.325Z] Closed, reconnecting...
[2026-07-25T16:56:05.369Z] Closed, reconnecting...
[2026-07-25T16:56:10.327Z] Connecting to xiaozhi edu MCP...
[2026-07-25T16:56:10.370Z] Connecting to xiaozhi edu MCP...
[2026-07-25T16:56:10.579Z] Connected!
[2026-07-25T16:56:10.636Z] Connected!
[2026-07-25T16:56:10.744Z] Closed, reconnecting...
[2026-07-25T16:56:10.802Z] Closed, reconnecting...
[2026-07-25T16:56:15.744Z] Connecting to xiaozhi edu MCP...
[2026-07-25T16:56:15.804Z] Connecting to xiaozhi edu MCP...
[2026-07-25T16:56:16.004Z] Connected!
[2026-07-25T16:56:16.060Z] Connected!
[2026-07-25T16:56:16.171Z] Closed, reconnecting...
[2026-07-25T16:56:16.182Z] Closed, reconnecting...
[2026-07-25T16:56:21.173Z] Connecting to xiaozhi edu MCP...
[2026-07-25T16:56:21.182Z] Connecting to xiaozhi edu MCP...
[2026-07-25T16:56:21.429Z] Connected!
[2026-07-25T16:56:21.435Z] Connected!
[2026-07-25T16:56:21.593Z] Closed, reconnecting...
[2026-07-25T16:56:21.596Z] Closed, reconnecting...
[2026-07-25T16:56:26.594Z] Connecting to xiaozhi edu MCP...
[2026-07-25T16:56:26.596Z] Connecting to xiaozhi edu MCP...
[2026-07-25T16:56:26.853Z] Connected!
[2026-07-25T16:56:26.856Z] Connected!
[2026-07-25T16:56:27.022Z] Closed, reconnecting...
[2026-07-25T16:56:27.022Z] Closed, reconnecting...
[2026-07-25T16:56:32.025Z] Connecting to xiaozhi edu MCP...
[2026-07-25T16:56:32.026Z] Connecting to xiaozhi edu MCP...
[2026-07-25T16:56:32.261Z] Connected!
[2026-07-25T16:56:32.285Z] Connected!
[2026-07-25T16:56:32.416Z] Closed, reconnecting...
[2026-07-25T16:56:32.450Z] Closed, reconnecting...
[2026-07-25T16:56:37.418Z] Connecting to xiaozhi edu MCP...
[2026-07-25T16:56:37.452Z] Connecting to xiaozhi edu MCP...
[2026-07-25T16:56:37.664Z] Connected!
[2026-07-25T16:56:37.688Z] Connected!
[2026-07-25T16:56:37.821Z] Closed, reconnecting...
[2026-07-25T16:56:37.843Z] Closed, reconnecting...
[2026-07-25T16:56:42.824Z] Connecting to xiaozhi edu MCP...
[2026-07-25T16:56:42.843Z] Connecting to xiaozhi edu MCP...
[2026-07-25T16:56:43.072Z] Connected!
[2026-07-25T16:56:43.110Z] Connected!
[2026-07-25T16:56:43.246Z] Closed, reconnecting...
[2026-07-25T16:56:43.269Z] Closed, reconnecting...
[2026-07-25T16:56:48.247Z] Connecting to xiaozhi edu MCP...
[2026-07-25T16:56:48.271Z] Connecting to xiaozhi edu MCP...
[2026-07-25T16:56:48.494Z] Connected!
[2026-07-25T16:56:48.520Z] Connected!
[2026-07-25T16:56:48.659Z] Closed, reconnecting...
[2026-07-25T16:56:48.681Z] Closed, reconnecting...
[2026-07-25T16:56:53.659Z] Connecting to xiaozhi edu MCP...
[2026-07-25T16:56:53.682Z] Connecting to xiaozhi edu MCP...
[2026-07-25T16:56:53.898Z] Connected!
[2026-07-25T16:56:54.083Z] Closed, reconnecting...
[2026-07-25T16:56:54.151Z] Connected!
[2026-07-25T16:56:54.325Z] Closed, reconnecting...
[2026-07-25T16:56:59.085Z] Connecting to xiaozhi edu MCP...
[2026-07-25T16:56:59.326Z] Connecting to xiaozhi edu MCP...
[2026-07-25T16:56:59.328Z] Connected!
[2026-07-25T16:56:59.479Z] Closed, reconnecting...
[2026-07-25T16:56:59.585Z] Connected!
[2026-07-25T16:56:59.744Z] Closed, reconnecting...
[2026-07-25T16:57:04.481Z] Connecting to xiaozhi edu MCP...
[2026-07-25T16:57:04.729Z] Connected!
[2026-07-25T16:57:04.747Z] Connecting to xiaozhi edu MCP...
[2026-07-25T16:57:04.889Z] Closed, reconnecting...
[2026-07-25T16:57:05.013Z] Connected!
[2026-07-25T16:57:05.183Z] Closed, reconnecting...
[2026-07-25T16:57:09.892Z] Connecting to xiaozhi edu MCP...
[2026-07-25T16:57:10.137Z] Connected!
[2026-07-25T16:57:10.185Z] Connecting to xiaozhi edu MCP...
[2026-07-25T16:57:10.306Z] Closed, reconnecting...
[2026-07-25T16:57:10.448Z] Connected!
[2026-07-25T16:57:10.610Z] Closed, reconnecting...
[2026-07-25T16:57:15.309Z] Connecting to xiaozhi edu MCP...
[2026-07-25T16:57:15.557Z] Connected!
[2026-07-25T16:57:15.610Z] Connecting to xiaozhi edu MCP...
[2026-07-25T16:57:15.742Z] Closed, reconnecting...
[2026-07-25T16:57:16.421Z] Connected!
[2026-07-25T16:57:16.578Z] Closed, reconnecting...
[2026-07-25T16:57:20.743Z] Connecting to xiaozhi edu MCP...
[2026-07-25T16:57:20.996Z] Connected!
[2026-07-25T16:57:21.151Z] Closed, reconnecting...
[2026-07-25T16:57:21.581Z] Connecting to xiaozhi edu MCP...
[2026-07-25T16:57:21.851Z] Connected!
[2026-07-25T16:57:22.025Z] Closed, reconnecting...
[2026-07-25T16:57:26.153Z] Connecting to xiaozhi edu MCP...
[2026-07-25T16:57:26.412Z] Connected!
[2026-07-25T16:57:26.561Z] Closed, reconnecting...
[2026-07-25T16:57:27.026Z] Connecting to xiaozhi edu MCP...
[2026-07-25T16:57:27.288Z] Connected!
[2026-07-25T16:57:27.444Z] Closed, reconnecting...
[2026-07-25T16:57:31.563Z] Connecting to xiaozhi edu MCP...
[2026-07-25T16:57:31.829Z] Connected!
[2026-07-25T16:57:31.992Z] Closed, reconnecting...
[2026-07-25T16:57:32.447Z] Connecting to xiaozhi edu MCP...
[2026-07-25T16:57:32.701Z] Connected!
[2026-07-25T16:57:32.861Z] Closed, reconnecting...
[2026-07-25T16:57:36.995Z] Connecting to xiaozhi edu MCP...
[2026-07-25T16:57:37.262Z] Connected!
[2026-07-25T16:57:37.422Z] Closed, reconnecting...
[2026-07-25T16:57:37.864Z] Connecting to xiaozhi edu MCP...
[2026-07-25T16:57:38.126Z] Connected!
[2026-07-25T16:57:38.290Z] Closed, reconnecting...
[2026-07-25T16:57:42.422Z] Connecting to xiaozhi edu MCP...
[2026-07-25T16:57:42.679Z] Connected!
[2026-07-25T16:57:42.844Z] Closed, reconnecting...
[2026-07-25T16:57:43.292Z] Connecting to xiaozhi edu MCP...
[2026-07-25T16:57:43.558Z] Connected!
[2026-07-25T16:57:43.850Z] Closed, reconnecting...
[2026-07-25T16:57:47.846Z] Connecting to xiaozhi edu MCP...
[2026-07-25T16:57:48.096Z] Connected!
[2026-07-25T16:57:48.253Z] Closed, reconnecting...
[2026-07-25T16:57:48.852Z] Connecting to xiaozhi edu MCP...
[2026-07-25T16:57:49.119Z] Connected!
[2026-07-25T16:57:49.279Z] Closed, reconnecting...
[2026-07-25T16:57:53.255Z] Connecting to xiaozhi edu MCP...
[2026-07-25T16:57:53.528Z] Connected!
[2026-07-25T16:57:53.694Z] Closed, reconnecting...
[2026-07-25T16:57:54.282Z] Connecting to xiaozhi edu MCP...
[2026-07-25T16:57:54.541Z] Connected!
[2026-07-25T16:57:54.701Z] Closed, reconnecting...
[2026-07-25T16:57:58.695Z] Connecting to xiaozhi edu MCP...
[2026-07-25T16:57:59.027Z] Connected!
[2026-07-25T16:57:59.182Z] Closed, reconnecting...
[2026-07-25T16:57:59.702Z] Connecting to xiaozhi edu MCP...
[2026-07-25T16:57:59.956Z] Connected!
[2026-07-25T16:58:00.115Z] Closed, reconnecting...
[2026-07-25T16:58:04.185Z] Connecting to xiaozhi edu MCP...
[2026-07-25T16:58:05.118Z] Connecting to xiaozhi edu MCP...
[2026-07-25T16:58:05.214Z] Connected!
[2026-07-25T16:58:05.356Z] Connected!
[2026-07-25T16:58:05.371Z] Closed, reconnecting...
[2026-07-25T16:58:05.505Z] Closed, reconnecting...
[2026-07-25T16:58:10.372Z] Connecting to xiaozhi edu MCP...
[2026-07-25T16:58:10.505Z] Connecting to xiaozhi edu MCP...
[2026-07-25T16:58:10.617Z] Connected!
[2026-07-25T16:58:10.761Z] Connected!
[2026-07-25T16:58:10.774Z] Closed, reconnecting...
[2026-07-25T16:58:10.928Z] Closed, reconnecting...
[2026-07-25T16:58:15.774Z] Connecting to xiaozhi edu MCP...
[2026-07-25T16:58:15.930Z] Connecting to xiaozhi edu MCP...
[2026-07-25T16:58:16.038Z] Connected!
[2026-07-25T16:58:16.161Z] Connected!
[2026-07-25T16:58:16.204Z] Closed, reconnecting...
[2026-07-25T16:58:16.316Z] Closed, reconnecting...
[2026-07-25T16:58:21.205Z] Connecting to xiaozhi edu MCP...
[2026-07-25T16:58:21.317Z] Connecting to xiaozhi edu MCP...
[2026-07-25T16:58:21.456Z] Connected!
[2026-07-25T16:58:21.577Z] Connected!
[2026-07-25T16:58:21.615Z] Closed, reconnecting...
[2026-07-25T16:58:21.745Z] Closed, reconnecting...
[2026-07-25T16:58:26.617Z] Connecting to xiaozhi edu MCP...
[2026-07-25T16:58:26.747Z] Connecting to xiaozhi edu MCP...
[2026-07-25T16:58:26.884Z] Connected!
[2026-07-25T16:58:27.013Z] Connected!
[2026-07-25T16:58:27.044Z] Closed, reconnecting...
[2026-07-25T16:58:27.186Z] Closed, reconnecting...
[2026-07-25T16:58:32.046Z] Connecting to xiaozhi edu MCP...
[2026-07-25T16:58:32.188Z] Connecting to xiaozhi edu MCP...
[2026-07-25T16:58:32.285Z] Connected!
[2026-07-25T16:58:32.439Z] Closed, reconnecting...
[2026-07-25T16:58:32.440Z] Connected!
[2026-07-25T16:58:32.598Z] Closed, reconnecting...
[2026-07-25T16:58:37.440Z] Connecting to xiaozhi edu MCP...
[2026-07-25T16:58:37.600Z] Connecting to xiaozhi edu MCP...
[2026-07-25T16:58:37.706Z] Connected!
[2026-07-25T16:58:37.847Z] Connected!
[2026-07-25T16:58:37.886Z] Closed, reconnecting...
[2026-07-25T16:58:38.005Z] Closed, reconnecting...
[2026-07-25T16:58:42.888Z] Connecting to xiaozhi edu MCP...
[2026-07-25T16:58:43.007Z] Connecting to xiaozhi edu MCP...
[2026-07-25T16:58:43.124Z] Connected!
[2026-07-25T16:58:43.271Z] Connected!
[2026-07-25T16:58:43.280Z] Closed, reconnecting...
[2026-07-25T16:58:43.440Z] Closed, reconnecting...
[2026-07-25T16:58:48.280Z] Connecting to xiaozhi edu MCP...
[2026-07-25T16:58:48.443Z] Connecting to xiaozhi edu MCP...
[2026-07-25T16:58:48.532Z] Connected!
[2026-07-25T16:58:48.692Z] Connected!
[2026-07-25T16:58:48.698Z] Closed, reconnecting...
[2026-07-25T16:58:48.853Z] Closed, reconnecting...
[2026-07-25T16:58:53.699Z] Connecting to xiaozhi edu MCP...
[2026-07-25T16:58:53.855Z] Connecting to xiaozhi edu MCP...
[2026-07-25T16:58:53.941Z] Connected!
[2026-07-25T16:58:54.095Z] Connected!
[2026-07-25T16:58:54.097Z] Closed, reconnecting...
[2026-07-25T16:58:54.256Z] Closed, reconnecting...
[2026-07-25T16:58:59.100Z] Connecting to xiaozhi edu MCP...
[2026-07-25T16:58:59.256Z] Connecting to xiaozhi edu MCP...
[2026-07-25T16:58:59.357Z] Connected!
[2026-07-25T16:58:59.504Z] Connected!
[2026-07-25T16:58:59.527Z] Closed, reconnecting...
[2026-07-25T16:58:59.665Z] Closed, reconnecting...
[2026-07-25T16:59:04.529Z] Connecting to xiaozhi edu MCP...
[2026-07-25T16:59:04.666Z] Connecting to xiaozhi edu MCP...
[2026-07-25T16:59:04.769Z] Connected!
[2026-07-25T16:59:04.915Z] Connected!
[2026-07-25T16:59:04.922Z] Closed, reconnecting...
[2026-07-25T16:59:05.066Z] Closed, reconnecting...
[2026-07-25T16:59:09.923Z] Connecting to xiaozhi edu MCP...
[2026-07-25T16:59:10.067Z] Connecting to xiaozhi edu MCP...
[2026-07-25T16:59:10.183Z] Connected!
[2026-07-25T16:59:10.333Z] Connected!
[2026-07-25T16:59:10.343Z] Closed, reconnecting...
[2026-07-25T16:59:10.502Z] Closed, reconnecting...
[2026-07-25T16:59:15.345Z] Connecting to xiaozhi edu MCP...
[2026-07-25T16:59:15.504Z] Connecting to xiaozhi edu MCP...
[2026-07-25T16:59:15.602Z] Connected!
[2026-07-25T16:59:15.757Z] Connected!
[2026-07-25T16:59:15.764Z] Closed, reconnecting...
[2026-07-25T16:59:15.921Z] Closed, reconnecting...
[2026-07-25T16:59:20.766Z] Connecting to xiaozhi edu MCP...
[2026-07-25T16:59:20.923Z] Connecting to xiaozhi edu MCP...
[2026-07-25T16:59:21.094Z] Connected!
[2026-07-25T16:59:21.166Z] Connected!
[2026-07-25T16:59:21.266Z] Closed, reconnecting...
[2026-07-25T16:59:21.321Z] Closed, reconnecting...
[2026-07-25T16:59:26.266Z] Connecting to xiaozhi edu MCP...
[2026-07-25T16:59:26.322Z] Connecting to xiaozhi edu MCP...
[2026-07-25T16:59:26.539Z] Connected!
[2026-07-25T16:59:26.592Z] Connected!
[2026-07-25T16:59:26.701Z] Closed, reconnecting...
[2026-07-25T16:59:26.720Z] Closed, reconnecting...
[2026-07-25T16:59:31.703Z] Connecting to xiaozhi edu MCP...
[2026-07-25T16:59:31.721Z] Connecting to xiaozhi edu MCP...
[2026-07-25T16:59:31.954Z] Connected!
[2026-07-25T16:59:32.113Z] Closed, reconnecting...
[2026-07-25T16:59:32.205Z] Connected!
[2026-07-25T16:59:32.360Z] Closed, reconnecting...
[2026-07-25T16:59:37.114Z] Connecting to xiaozhi edu MCP...
[2026-07-25T16:59:37.347Z] Connected!
[2026-07-25T16:59:37.362Z] Connecting to xiaozhi edu MCP...
[2026-07-25T16:59:37.497Z] Closed, reconnecting...
[2026-07-25T16:59:37.609Z] Connected!
[2026-07-25T16:59:37.767Z] Closed, reconnecting...
[2026-07-25T16:59:42.500Z] Connecting to xiaozhi edu MCP...
[2026-07-25T16:59:42.755Z] Connected!
[2026-07-25T16:59:42.769Z] Connecting to xiaozhi edu MCP...
[2026-07-25T16:59:42.918Z] Closed, reconnecting...
[2026-07-25T16:59:43.018Z] Connected!
[2026-07-25T16:59:43.183Z] Closed, reconnecting...
[2026-07-25T16:59:47.920Z] Connecting to xiaozhi edu MCP...
[2026-07-25T16:59:48.166Z] Connected!
[2026-07-25T16:59:48.184Z] Connecting to xiaozhi edu MCP...
[2026-07-25T16:59:48.324Z] Closed, reconnecting...
[2026-07-25T16:59:48.445Z] Connected!
[2026-07-25T16:59:48.611Z] Closed, reconnecting...
[2026-07-25T16:59:53.327Z] Connecting to xiaozhi edu MCP...
[2026-07-25T16:59:53.593Z] Connected!
[2026-07-25T16:59:53.611Z] Connecting to xiaozhi edu MCP...
[2026-07-25T16:59:53.756Z] Closed, reconnecting...
[2026-07-25T16:59:53.865Z] Connected!
[2026-07-25T16:59:54.027Z] Closed, reconnecting...
[2026-07-25T16:59:58.758Z] Connecting to xiaozhi edu MCP...
[2026-07-25T16:59:59.005Z] Connected!
[2026-07-25T16:59:59.028Z] Connecting to xiaozhi edu MCP...
[2026-07-25T16:59:59.161Z] Closed, reconnecting...
[2026-07-25T16:59:59.265Z] Connected!
[2026-07-25T16:59:59.424Z] Closed, reconnecting...
[2026-07-25T17:00:04.163Z] Connecting to xiaozhi edu MCP...
[2026-07-25T17:00:04.409Z] Connected!
[2026-07-25T17:00:04.424Z] Connecting to xiaozhi edu MCP...
[2026-07-25T17:00:04.562Z] Closed, reconnecting...
[2026-07-25T17:00:04.678Z] Connected!
[2026-07-25T17:00:04.842Z] Closed, reconnecting...
[2026-07-25T17:00:09.564Z] Connecting to xiaozhi edu MCP...
[2026-07-25T17:00:09.843Z] Connecting to xiaozhi edu MCP...
[2026-07-25T17:00:09.935Z] Connected!
[2026-07-25T17:00:10.087Z] Connected!
[2026-07-25T17:00:10.092Z] Closed, reconnecting...
[2026-07-25T17:00:10.253Z] Closed, reconnecting...
[2026-07-25T17:00:15.094Z] Connecting to xiaozhi edu MCP...
[2026-07-25T17:00:15.253Z] Connecting to xiaozhi edu MCP...
[2026-07-25T17:00:15.350Z] Connected!
[2026-07-25T17:00:15.496Z] Connected!
[2026-07-25T17:00:15.512Z] Closed, reconnecting...
[2026-07-25T17:00:15.648Z] Closed, reconnecting...
[2026-07-25T17:00:20.515Z] Connecting to xiaozhi edu MCP...
[2026-07-25T17:00:20.648Z] Connecting to xiaozhi edu MCP...
[2026-07-25T17:00:20.753Z] Connected!
[2026-07-25T17:00:20.903Z] Connected!
[2026-07-25T17:00:20.908Z] Closed, reconnecting...
[2026-07-25T17:00:21.066Z] Closed, reconnecting...
[2026-07-25T17:00:25.910Z] Connecting to xiaozhi edu MCP...
[2026-07-25T17:00:26.067Z] Connecting to xiaozhi edu MCP...
[2026-07-25T17:00:26.170Z] Connected!
[2026-07-25T17:00:26.305Z] Connected!
[2026-07-25T17:00:26.327Z] Closed, reconnecting...
[2026-07-25T17:00:26.457Z] Closed, reconnecting...
[2026-07-25T17:00:31.329Z] Connecting to xiaozhi edu MCP...
[2026-07-25T17:00:31.458Z] Connecting to xiaozhi edu MCP...
[2026-07-25T17:00:31.563Z] Connected!
[2026-07-25T17:00:31.709Z] Connected!
[2026-07-25T17:00:31.713Z] Closed, reconnecting...
[2026-07-25T17:00:31.873Z] Closed, reconnecting...
[2026-07-25T17:00:36.715Z] Connecting to xiaozhi edu MCP...
[2026-07-25T17:00:36.873Z] Connecting to xiaozhi edu MCP...
[2026-07-25T17:00:36.957Z] Connected!
[2026-07-25T17:00:37.111Z] Closed, reconnecting...
[2026-07-25T17:00:37.125Z] Connected!
[2026-07-25T17:00:37.287Z] Closed, reconnecting...
[2026-07-25T17:00:42.113Z] Connecting to xiaozhi edu MCP...
[2026-07-25T17:00:42.289Z] Connecting to xiaozhi edu MCP...
[2026-07-25T17:00:42.665Z] Connected!
[2026-07-25T17:00:42.693Z] Connected!
[2026-07-25T17:00:42.875Z] Closed, reconnecting...
[2026-07-25T17:00:42.889Z] Closed, reconnecting...
[2026-07-25T17:00:47.876Z] Connecting to xiaozhi edu MCP...
[2026-07-25T17:00:47.890Z] Connecting to xiaozhi edu MCP...
[2026-07-25T17:00:48.111Z] Connected!
[2026-07-25T17:00:48.133Z] Connected!
[2026-07-25T17:00:48.262Z] Closed, reconnecting...
[2026-07-25T17:00:48.287Z] Closed, reconnecting...
[2026-07-25T17:00:53.264Z] Connecting to xiaozhi edu MCP...
[2026-07-25T17:00:53.287Z] Connecting to xiaozhi edu MCP...
[2026-07-25T17:00:53.505Z] Connected!
[2026-07-25T17:00:53.536Z] Connected!
[2026-07-25T17:00:53.662Z] Closed, reconnecting...
[2026-07-25T17:00:53.694Z] Closed, reconnecting...
[2026-07-25T17:00:58.664Z] Connecting to xiaozhi edu MCP...
[2026-07-25T17:00:58.697Z] Connecting to xiaozhi edu MCP...
[2026-07-25T17:00:58.911Z] Connected!
[2026-07-25T17:00:58.934Z] Connected!
[2026-07-25T17:00:59.078Z] Closed, reconnecting...
[2026-07-25T17:00:59.085Z] Closed, reconnecting...
[2026-07-25T17:01:04.078Z] Connecting to xiaozhi edu MCP...
[2026-07-25T17:01:04.086Z] Connecting to xiaozhi edu MCP...
[2026-07-25T17:01:04.324Z] Connected!
[2026-07-25T17:01:04.343Z] Connected!
[2026-07-25T17:01:04.482Z] Closed, reconnecting...
[2026-07-25T17:01:04.510Z] Closed, reconnecting...
[2026-07-25T17:01:09.485Z] Connecting to xiaozhi edu MCP...
[2026-07-25T17:01:09.512Z] Connecting to xiaozhi edu MCP...
[2026-07-25T17:01:09.717Z] Connected!
[2026-07-25T17:01:09.759Z] Connected!
[2026-07-25T17:01:09.869Z] Closed, reconnecting...
[2026-07-25T17:01:10.245Z] Closed, reconnecting...
[2026-07-25T17:01:14.869Z] Connecting to xiaozhi edu MCP...
[2026-07-25T17:01:15.127Z] Connected!
[2026-07-25T17:01:15.246Z] Connecting to xiaozhi edu MCP...
[2026-07-25T17:01:15.295Z] Closed, reconnecting...
[2026-07-25T17:01:15.504Z] Connected!
[2026-07-25T17:01:15.672Z] Closed, reconnecting...
[2026-07-25T17:01:20.296Z] Connecting to xiaozhi edu MCP...
[2026-07-25T17:01:20.543Z] Connected!
[2026-07-25T17:01:20.674Z] Connecting to xiaozhi edu MCP...
[2026-07-25T17:01:20.700Z] Closed, reconnecting...
[2026-07-25T17:01:20.902Z] Connected!
[2026-07-25T17:01:21.056Z] Closed, reconnecting...
[2026-07-25T17:01:25.700Z] Connecting to xiaozhi edu MCP...
[2026-07-25T17:01:25.957Z] Connected!
[2026-07-25T17:01:26.056Z] Connecting to xiaozhi edu MCP...
[2026-07-25T17:01:26.130Z] Closed, reconnecting...
[2026-07-25T17:01:26.313Z] Connected!
[2026-07-25T17:01:26.478Z] Closed, reconnecting...
[2026-07-25T17:01:31.129Z] Connecting to xiaozhi edu MCP...
[2026-07-25T17:01:31.365Z] Connected!
[2026-07-25T17:01:31.480Z] Connecting to xiaozhi edu MCP...
[2026-07-25T17:01:31.518Z] Closed, reconnecting...
[2026-07-25T17:01:31.717Z] Connected!
[2026-07-25T17:01:31.866Z] Closed, reconnecting...
[2026-07-25T17:01:36.519Z] Connecting to xiaozhi edu MCP...
[2026-07-25T17:01:36.780Z] Connected!
[2026-07-25T17:01:36.866Z] Connecting to xiaozhi edu MCP...
[2026-07-25T17:01:36.920Z] Closed, reconnecting...
[2026-07-25T17:01:37.093Z] Connected!
[2026-07-25T17:01:37.239Z] Closed, reconnecting...
[2026-07-25T17:01:41.922Z] Connecting to xiaozhi edu MCP...
[2026-07-25T17:01:42.241Z] Connecting to xiaozhi edu MCP...
[2026-07-25T17:01:42.425Z] Connected!
[2026-07-25T17:01:42.479Z] Connected!
[2026-07-25T17:01:42.589Z] Closed, reconnecting...
[2026-07-25T17:01:42.635Z] Closed, reconnecting...
[2026-07-25T17:01:47.591Z] Connecting to xiaozhi edu MCP...
[2026-07-25T17:01:47.636Z] Connecting to xiaozhi edu MCP...
[2026-07-25T17:01:47.854Z] Connected!
[2026-07-25T17:01:47.875Z] Connected!
[2026-07-25T17:01:48.022Z] Closed, reconnecting...
[2026-07-25T17:01:48.026Z] Closed, reconnecting...
[2026-07-25T17:01:53.025Z] Connecting to xiaozhi edu MCP...
[2026-07-25T17:01:53.026Z] Connecting to xiaozhi edu MCP...
[2026-07-25T17:01:53.277Z] Connected!
[2026-07-25T17:01:53.281Z] Connected!
[2026-07-25T17:01:53.435Z] Closed, reconnecting...
[2026-07-25T17:01:53.440Z] Closed, reconnecting...
[2026-07-25T17:01:58.438Z] Connecting to xiaozhi edu MCP...
[2026-07-25T17:01:58.439Z] Connecting to xiaozhi edu MCP...
[2026-07-25T17:01:58.688Z] Connected!
[2026-07-25T17:01:58.694Z] Connected!
[2026-07-25T17:01:58.847Z] Closed, reconnecting...
[2026-07-25T17:01:58.857Z] Closed, reconnecting...
[2026-07-25T17:02:03.849Z] Connecting to xiaozhi edu MCP...
[2026-07-25T17:02:03.859Z] Connecting to xiaozhi edu MCP...
[2026-07-25T17:02:04.105Z] Connected!
[2026-07-25T17:02:04.148Z] Connected!
[2026-07-25T17:02:04.274Z] Closed, reconnecting...
[2026-07-25T17:02:04.296Z] Closed, reconnecting...
[2026-07-25T17:02:09.275Z] Connecting to xiaozhi edu MCP...
[2026-07-25T17:02:09.299Z] Connecting to xiaozhi edu MCP...
[2026-07-25T17:02:09.532Z] Connected!
[2026-07-25T17:02:09.561Z] Connected!
[2026-07-25T17:02:09.697Z] Closed, reconnecting...
[2026-07-25T17:02:09.705Z] Closed, reconnecting...
[2026-07-25T17:02:14.697Z] Connecting to xiaozhi edu MCP...
[2026-07-25T17:02:14.705Z] Connecting to xiaozhi edu MCP...
[2026-07-25T17:02:14.948Z] Connected!
[2026-07-25T17:02:14.957Z] Connected!
[2026-07-25T17:02:15.107Z] Closed, reconnecting...
[2026-07-25T17:02:15.123Z] Closed, reconnecting...
[2026-07-25T17:02:20.110Z] Connecting to xiaozhi edu MCP...
[2026-07-25T17:02:20.126Z] Connecting to xiaozhi edu MCP...
[2026-07-25T17:02:20.351Z] Connected!
[2026-07-25T17:02:20.363Z] Connected!
[2026-07-25T17:02:20.507Z] Closed, reconnecting...
[2026-07-25T17:02:20.520Z] Closed, reconnecting...
[2026-07-25T17:02:25.510Z] Connecting to xiaozhi edu MCP...
[2026-07-25T17:02:25.520Z] Connecting to xiaozhi edu MCP...
[2026-07-25T17:02:25.751Z] Connected!
[2026-07-25T17:02:25.752Z] Connected!
[2026-07-25T17:02:25.904Z] Closed, reconnecting...
[2026-07-25T17:02:25.910Z] Closed, reconnecting...
[2026-07-25T17:02:30.906Z] Connecting to xiaozhi edu MCP...
[2026-07-25T17:02:30.909Z] Connecting to xiaozhi edu MCP...
[2026-07-25T17:02:31.142Z] Connected!
[2026-07-25T17:02:31.150Z] Connected!
[2026-07-25T17:02:31.290Z] Closed, reconnecting...
[2026-07-25T17:02:31.306Z] Closed, reconnecting...
[2026-07-25T17:02:36.292Z] Connecting to xiaozhi edu MCP...
[2026-07-25T17:02:36.307Z] Connecting to xiaozhi edu MCP...
[2026-07-25T17:02:36.534Z] Connected!
[2026-07-25T17:02:36.547Z] Connected!
[2026-07-25T17:02:36.691Z] Closed, reconnecting...
[2026-07-25T17:02:36.708Z] Closed, reconnecting...
[2026-07-25T17:02:41.694Z] Connecting to xiaozhi edu MCP...
[2026-07-25T17:02:41.711Z] Connecting to xiaozhi edu MCP...
[2026-07-25T17:02:41.946Z] Connected!
[2026-07-25T17:02:41.955Z] Connected!
[2026-07-25T17:02:42.106Z] Closed, reconnecting...
[2026-07-25T17:02:42.112Z] Closed, reconnecting...
[2026-07-25T17:02:47.107Z] Connecting to xiaozhi edu MCP...
[2026-07-25T17:02:47.113Z] Connecting to xiaozhi edu MCP...
[2026-07-25T17:02:47.349Z] Connected!
[2026-07-25T17:02:47.362Z] Connected!
[2026-07-25T17:02:47.502Z] Closed, reconnecting...
[2026-07-25T17:02:47.515Z] Closed, reconnecting...
[2026-07-25T17:02:52.503Z] Connecting to xiaozhi edu MCP...
[2026-07-25T17:02:52.516Z] Connecting to xiaozhi edu MCP...
[2026-07-25T17:02:52.766Z] Connected!
[2026-07-25T17:02:52.769Z] Connected!
[2026-07-25T17:02:52.924Z] Closed, reconnecting...
[2026-07-25T17:02:52.928Z] Closed, reconnecting...
[2026-07-25T17:02:57.926Z] Connecting to xiaozhi edu MCP...
[2026-07-25T17:02:57.928Z] Connecting to xiaozhi edu MCP...
[2026-07-25T17:02:58.167Z] Connected!
[2026-07-25T17:02:58.185Z] Connected!
[2026-07-25T17:02:58.330Z] Closed, reconnecting...
[2026-07-25T17:02:58.340Z] Closed, reconnecting...
[2026-07-25T17:03:03.333Z] Connecting to xiaozhi edu MCP...
[2026-07-25T17:03:03.341Z] Connecting to xiaozhi edu MCP...
[2026-07-25T17:03:03.595Z] Connected!
[2026-07-25T17:03:03.605Z] Connected!
[2026-07-25T17:03:03.756Z] Closed, reconnecting...
[2026-07-25T17:03:03.779Z] Closed, reconnecting...
[2026-07-25T17:03:08.759Z] Connecting to xiaozhi edu MCP...
[2026-07-25T17:03:08.781Z] Connecting to xiaozhi edu MCP...
[2026-07-25T17:03:08.990Z] Connected!
[2026-07-25T17:03:09.041Z] Connected!
[2026-07-25T17:03:09.140Z] Closed, reconnecting...
[2026-07-25T17:03:09.209Z] Closed, reconnecting...
[2026-07-25T17:03:14.142Z] Connecting to xiaozhi edu MCP...
[2026-07-25T17:03:14.211Z] Connecting to xiaozhi edu MCP...
[2026-07-25T17:03:14.403Z] Connected!
[2026-07-25T17:03:14.471Z] Connected!
[2026-07-25T17:03:14.551Z] Closed, reconnecting...
[2026-07-25T17:03:14.632Z] Closed, reconnecting...
[2026-07-25T17:03:19.553Z] Connecting to xiaozhi edu MCP...
[2026-07-25T17:03:19.632Z] Connecting to xiaozhi edu MCP...
[2026-07-25T17:03:19.782Z] Connected!
[2026-07-25T17:03:19.898Z] Connected!
[2026-07-25T17:03:19.929Z] Closed, reconnecting...
[2026-07-25T17:03:20.066Z] Closed, reconnecting...
[2026-07-25T17:03:24.932Z] Connecting to xiaozhi edu MCP...
[2026-07-25T17:03:25.066Z] Connecting to xiaozhi edu MCP...
[2026-07-25T17:03:25.177Z] Connected!
[2026-07-25T17:03:25.328Z] Connected!
[2026-07-25T17:03:25.335Z] Closed, reconnecting...
[2026-07-25T17:03:25.492Z] Closed, reconnecting...
[2026-07-25T17:03:30.337Z] Connecting to xiaozhi edu MCP...
[2026-07-25T17:03:30.494Z] Connecting to xiaozhi edu MCP...
[2026-07-25T17:03:30.585Z] Connected!
[2026-07-25T17:03:30.736Z] Closed, reconnecting...
[2026-07-25T17:03:30.742Z] Connected!
[2026-07-25T17:03:30.901Z] Closed, reconnecting...
[2026-07-25T17:03:35.739Z] Connecting to xiaozhi edu MCP...
[2026-07-25T17:03:35.903Z] Connecting to xiaozhi edu MCP...
[2026-07-25T17:03:35.989Z] Connected!
[2026-07-25T17:03:36.153Z] Closed, reconnecting...
[2026-07-25T17:03:36.176Z] Connected!
[2026-07-25T17:03:36.373Z] Closed, reconnecting...
[2026-07-25T17:03:41.155Z] Connecting to xiaozhi edu MCP...
[2026-07-25T17:03:41.375Z] Connecting to xiaozhi edu MCP...
[2026-07-25T17:03:41.397Z] Connected!
[2026-07-25T17:03:41.549Z] Closed, reconnecting...
[2026-07-25T17:03:41.625Z] Connected!
[2026-07-25T17:03:41.791Z] Closed, reconnecting...
[2026-07-25T17:03:46.551Z] Connecting to xiaozhi edu MCP...
[2026-07-25T17:03:46.792Z] Connecting to xiaozhi edu MCP...
[2026-07-25T17:03:46.853Z] Connected!
[2026-07-25T17:03:47.022Z] Closed, reconnecting...
[2026-07-25T17:03:47.037Z] Connected!
[2026-07-25T17:03:47.691Z] Closed, reconnecting...
[2026-07-25T17:03:52.024Z] Connecting to xiaozhi edu MCP...
[2026-07-25T17:03:52.279Z] Connected!
[2026-07-25T17:03:52.444Z] Closed, reconnecting...
[2026-07-25T17:03:52.693Z] Connecting to xiaozhi edu MCP...
[2026-07-25T17:03:52.962Z] Connected!
[2026-07-25T17:03:53.121Z] Closed, reconnecting...
[2026-07-25T17:03:57.445Z] Connecting to xiaozhi edu MCP...
[2026-07-25T17:03:57.696Z] Connected!
[2026-07-25T17:03:57.858Z] Closed, reconnecting...
[2026-07-25T17:03:58.123Z] Connecting to xiaozhi edu MCP...
[2026-07-25T17:03:58.360Z] Connected!
[2026-07-25T17:03:58.507Z] Closed, reconnecting...
[2026-07-25T17:04:02.859Z] Connecting to xiaozhi edu MCP...
[2026-07-25T17:04:03.118Z] Connected!
[2026-07-25T17:04:03.280Z] Closed, reconnecting...
[2026-07-25T17:04:03.509Z] Connecting to xiaozhi edu MCP...
[2026-07-25T17:04:03.764Z] Connected!
[2026-07-25T17:04:03.924Z] Closed, reconnecting...
[2026-07-25T17:04:08.281Z] Connecting to xiaozhi edu MCP...
[2026-07-25T17:04:08.563Z] Connected!
[2026-07-25T17:04:08.735Z] Closed, reconnecting...
[2026-07-25T17:04:08.926Z] Connecting to xiaozhi edu MCP...
[2026-07-25T17:04:09.154Z] Connected!
[2026-07-25T17:04:09.300Z] Closed, reconnecting...
[2026-07-25T17:04:13.738Z] Connecting to xiaozhi edu MCP...
[2026-07-25T17:04:13.994Z] Connected!
[2026-07-25T17:04:14.159Z] Closed, reconnecting...
[2026-07-25T17:04:14.302Z] Connecting to xiaozhi edu MCP...
[2026-07-25T17:04:14.560Z] Connected!
[2026-07-25T17:04:14.723Z] Closed, reconnecting...
[2026-07-25T17:04:19.162Z] Connecting to xiaozhi edu MCP...
[2026-07-25T17:04:19.466Z] Connected!
[2026-07-25T17:04:19.640Z] Closed, reconnecting...
[2026-07-25T17:04:19.725Z] Connecting to xiaozhi edu MCP...
[2026-07-25T17:04:19.957Z] Connected!
[2026-07-25T17:04:20.108Z] Closed, reconnecting...
[2026-07-25T17:04:24.641Z] Connecting to xiaozhi edu MCP...
[2026-07-25T17:04:24.888Z] Connected!
[2026-07-25T17:04:25.050Z] Closed, reconnecting...
[2026-07-25T17:04:25.110Z] Connecting to xiaozhi edu MCP...
[2026-07-25T17:04:25.370Z] Connected!
[2026-07-25T17:04:25.538Z] Closed, reconnecting...
[2026-07-25T17:04:30.052Z] Connecting to xiaozhi edu MCP...
[2026-07-25T17:04:30.310Z] Connected!
[2026-07-25T17:04:30.475Z] Closed, reconnecting...
[2026-07-25T17:04:30.542Z] Connecting to xiaozhi edu MCP...
[2026-07-25T17:04:30.805Z] Connected!
[2026-07-25T17:04:30.970Z] Closed, reconnecting...
[2026-07-25T17:04:35.477Z] Connecting to xiaozhi edu MCP...
[2026-07-25T17:04:35.717Z] Connected!
[2026-07-25T17:04:35.888Z] Closed, reconnecting...
[2026-07-25T17:04:35.972Z] Connecting to xiaozhi edu MCP...
[2026-07-25T17:04:36.218Z] Connected!
[2026-07-25T17:04:36.387Z] Closed, reconnecting...
[2026-07-25T17:04:40.890Z] Connecting to xiaozhi edu MCP...
[2026-07-25T17:04:41.137Z] Connected!
[2026-07-25T17:04:41.298Z] Closed, reconnecting...
[2026-07-25T17:04:41.389Z] Connecting to xiaozhi edu MCP...
[2026-07-25T17:04:41.620Z] Connected!
[2026-07-25T17:04:41.773Z] Closed, reconnecting...
[2026-07-25T17:04:46.300Z] Connecting to xiaozhi edu MCP...
[2026-07-25T17:04:46.551Z] Connected!
[2026-07-25T17:04:46.704Z] Closed, reconnecting...
[2026-07-25T17:04:46.774Z] Connecting to xiaozhi edu MCP...
[2026-07-25T17:04:47.023Z] Connected!
[2026-07-25T17:04:47.182Z] Closed, reconnecting...
[2026-07-25T17:04:51.706Z] Connecting to xiaozhi edu MCP...
[2026-07-25T17:04:51.941Z] Connected!
[2026-07-25T17:04:52.091Z] Closed, reconnecting...
[2026-07-25T17:04:52.185Z] Connecting to xiaozhi edu MCP...
[2026-07-25T17:04:52.441Z] Connected!
[2026-07-25T17:04:52.603Z] Closed, reconnecting...
[2026-07-25T17:04:57.093Z] Connecting to xiaozhi edu MCP...
[2026-07-25T17:04:57.486Z] Connected!
[2026-07-25T17:04:57.606Z] Connecting to xiaozhi edu MCP...
[2026-07-25T17:04:57.651Z] Closed, reconnecting...
[2026-07-25T17:04:57.873Z] Connected!
[2026-07-25T17:04:58.044Z] Closed, reconnecting...
[2026-07-25T17:05:02.653Z] Connecting to xiaozhi edu MCP...
[2026-07-25T17:05:02.926Z] Connected!
[2026-07-25T17:05:03.045Z] Connecting to xiaozhi edu MCP...
[2026-07-25T17:05:03.093Z] Closed, reconnecting...
[2026-07-25T17:05:03.296Z] Connected!
[2026-07-25T17:05:03.455Z] Closed, reconnecting...
[2026-07-25T17:05:08.095Z] Connecting to xiaozhi edu MCP...
[2026-07-25T17:05:08.348Z] Connected!
[2026-07-25T17:05:08.457Z] Connecting to xiaozhi edu MCP...
[2026-07-25T17:05:08.511Z] Closed, reconnecting...
[2026-07-25T17:05:08.693Z] Connected!
[2026-07-25T17:05:08.848Z] Closed, reconnecting...
[2026-07-25T17:05:13.513Z] Connecting to xiaozhi edu MCP...
[2026-07-25T17:05:13.762Z] Connected!
[2026-07-25T17:05:13.850Z] Connecting to xiaozhi edu MCP...
[2026-07-25T17:05:13.924Z] Closed, reconnecting...
[2026-07-25T17:05:14.098Z] Connected!
[2026-07-25T17:05:14.261Z] Closed, reconnecting...
[2026-07-25T17:05:18.926Z] Connecting to xiaozhi edu MCP...
[2026-07-25T17:05:19.169Z] Connected!
[2026-07-25T17:05:19.263Z] Connecting to xiaozhi edu MCP...
[2026-07-25T17:05:19.322Z] Closed, reconnecting...
[2026-07-25T17:05:19.533Z] Connected!
[2026-07-25T17:05:19.835Z] Closed, reconnecting...
[2026-07-25T17:05:24.323Z] Connecting to xiaozhi edu MCP...
[2026-07-25T17:05:24.568Z] Connected!
[2026-07-25T17:05:24.724Z] Closed, reconnecting...
[2026-07-25T17:05:24.835Z] Connecting to xiaozhi edu MCP...
[2026-07-25T17:05:25.089Z] Connected!
[2026-07-25T17:05:25.256Z] Closed, reconnecting...
[2026-07-25T17:05:29.726Z] Connecting to xiaozhi edu MCP...
[2026-07-25T17:05:29.983Z] Connected!
[2026-07-25T17:05:30.146Z] Closed, reconnecting...
[2026-07-25T17:05:30.258Z] Connecting to xiaozhi edu MCP...
[2026-07-25T17:05:30.547Z] Connected!
[2026-07-25T17:05:30.718Z] Closed, reconnecting...
[2026-07-25T17:05:35.148Z] Connecting to xiaozhi edu MCP...
[2026-07-25T17:05:35.412Z] Connected!
[2026-07-25T17:05:35.584Z] Closed, reconnecting...
[2026-07-25T17:05:35.720Z] Connecting to xiaozhi edu MCP...
[2026-07-25T17:05:35.990Z] Connected!
[2026-07-25T17:05:36.160Z] Closed, reconnecting...
[2026-07-25T17:05:40.586Z] Connecting to xiaozhi edu MCP...
[2026-07-25T17:05:40.832Z] Connected!
[2026-07-25T17:05:40.991Z] Closed, reconnecting...
[2026-07-25T17:05:41.162Z] Connecting to xiaozhi edu MCP...
[2026-07-25T17:05:41.423Z] Connected!
[2026-07-25T17:05:41.581Z] Closed, reconnecting...
[2026-07-25T17:05:45.992Z] Connecting to xiaozhi edu MCP...
[2026-07-25T17:05:46.238Z] Connected!
[2026-07-25T17:05:46.402Z] Closed, reconnecting...
[2026-07-25T17:05:46.583Z] Connecting to xiaozhi edu MCP...
[2026-07-25T17:05:46.822Z] Connected!
[2026-07-25T17:05:46.988Z] Closed, reconnecting...
[2026-07-25T17:05:51.404Z] Connecting to xiaozhi edu MCP...
[2026-07-25T17:05:51.663Z] Connected!
[2026-07-25T17:05:51.831Z] Closed, reconnecting...
[2026-07-25T17:05:51.989Z] Connecting to xiaozhi edu MCP...
[2026-07-25T17:05:52.233Z] Connected!
[2026-07-25T17:05:52.395Z] Closed, reconnecting...
[2026-07-25T17:05:56.831Z] Connecting to xiaozhi edu MCP...
[2026-07-25T17:05:57.104Z] Connected!
[2026-07-25T17:05:57.269Z] Closed, reconnecting...
[2026-07-25T17:05:57.398Z] Connecting to xiaozhi edu MCP...
[2026-07-25T17:05:57.653Z] Connected!
[2026-07-25T17:05:57.818Z] Closed, reconnecting...
[2026-07-25T17:06:02.272Z] Connecting to xiaozhi edu MCP...
[2026-07-25T17:06:02.507Z] Connected!
[2026-07-25T17:06:02.658Z] Closed, reconnecting...
[2026-07-25T17:06:02.821Z] Connecting to xiaozhi edu MCP...
[2026-07-25T17:06:03.067Z] Connected!
[2026-07-25T17:06:03.223Z] Closed, reconnecting...
[2026-07-25T17:06:07.659Z] Connecting to xiaozhi edu MCP...
[2026-07-25T17:06:07.947Z] Connected!
[2026-07-25T17:06:08.137Z] Closed, reconnecting...
[2026-07-25T17:06:08.225Z] Connecting to xiaozhi edu MCP...
[2026-07-25T17:06:08.485Z] Connected!
[2026-07-25T17:06:08.654Z] Closed, reconnecting...
[2026-07-25T17:06:13.138Z] Connecting to xiaozhi edu MCP...
[2026-07-25T17:06:13.391Z] Connected!
[2026-07-25T17:06:13.555Z] Closed, reconnecting...
[2026-07-25T17:06:13.656Z] Connecting to xiaozhi edu MCP...
[2026-07-25T17:06:13.893Z] Connected!
[2026-07-25T17:06:14.047Z] Closed, reconnecting...
[2026-07-25T17:06:18.557Z] Connecting to xiaozhi edu MCP...
[2026-07-25T17:06:18.795Z] Connected!
[2026-07-25T17:06:18.942Z] Closed, reconnecting...
[2026-07-25T17:06:19.048Z] Connecting to xiaozhi edu MCP...
[2026-07-25T17:06:19.309Z] Connected!
[2026-07-25T17:06:19.627Z] Closed, reconnecting...
[2026-07-25T17:06:23.944Z] Connecting to xiaozhi edu MCP...
[2026-07-25T17:06:24.191Z] Connected!
[2026-07-25T17:06:24.355Z] Closed, reconnecting...
[2026-07-25T17:06:24.627Z] Connecting to xiaozhi edu MCP...
[2026-07-25T17:06:24.895Z] Connected!
[2026-07-25T17:06:25.068Z] Closed, reconnecting...
[2026-07-25T17:06:29.358Z] Connecting to xiaozhi edu MCP...
[2026-07-25T17:06:29.629Z] Connected!
[2026-07-25T17:06:29.944Z] Closed, reconnecting...
[2026-07-25T17:06:30.071Z] Connecting to xiaozhi edu MCP...
[2026-07-25T17:06:30.339Z] Connected!
[2026-07-25T17:06:30.506Z] Closed, reconnecting...
[2026-07-25T17:06:34.944Z] Connecting to xiaozhi edu MCP...
[2026-07-25T17:06:35.183Z] Connected!
[2026-07-25T17:06:35.339Z] Closed, reconnecting...
[2026-07-25T17:06:35.507Z] Connecting to xiaozhi edu MCP...
[2026-07-25T17:06:35.773Z] Connected!
[2026-07-25T17:06:35.943Z] Closed, reconnecting...
[2026-07-25T17:06:40.341Z] Connecting to xiaozhi edu MCP...
[2026-07-25T17:06:40.617Z] Connected!
[2026-07-25T17:06:40.791Z] Closed, reconnecting...
[2026-07-25T17:06:40.944Z] Connecting to xiaozhi edu MCP...
[2026-07-25T17:06:41.199Z] Connected!
[2026-07-25T17:06:41.366Z] Closed, reconnecting...
[2026-07-25T17:06:45.793Z] Connecting to xiaozhi edu MCP...
[2026-07-25T17:06:46.041Z] Connected!
[2026-07-25T17:06:46.205Z] Closed, reconnecting...
[2026-07-25T17:06:46.368Z] Connecting to xiaozhi edu MCP...
[2026-07-25T17:06:46.626Z] Connected!
[2026-07-25T17:06:46.786Z] Closed, reconnecting...
[2026-07-25T17:06:51.208Z] Connecting to xiaozhi edu MCP...
[2026-07-25T17:06:51.457Z] Connected!
[2026-07-25T17:06:51.618Z] Closed, reconnecting...
[2026-07-25T17:06:51.789Z] Connecting to xiaozhi edu MCP...
[2026-07-25T17:06:52.040Z] Connected!
[2026-07-25T17:06:52.205Z] Closed, reconnecting...
[2026-07-25T17:06:56.620Z] Connecting to xiaozhi edu MCP...
[2026-07-25T17:06:56.891Z] Connected!
[2026-07-25T17:06:57.054Z] Closed, reconnecting...
[2026-07-25T17:06:57.207Z] Connecting to xiaozhi edu MCP...
[2026-07-25T17:06:57.460Z] Connected!
[2026-07-25T17:06:57.625Z] Closed, reconnecting...
[2026-07-25T17:07:02.055Z] Connecting to xiaozhi edu MCP...
[2026-07-25T17:07:02.311Z] Connected!
[2026-07-25T17:07:02.476Z] Closed, reconnecting...
[2026-07-25T17:07:02.627Z] Connecting to xiaozhi edu MCP...
[2026-07-25T17:07:02.887Z] Connected!
[2026-07-25T17:07:03.054Z] Closed, reconnecting...
[2026-07-25T17:07:07.476Z] Connecting to xiaozhi edu MCP...
[2026-07-25T17:07:07.739Z] Connected!
[2026-07-25T17:07:07.905Z] Closed, reconnecting...
[2026-07-25T17:07:08.056Z] Connecting to xiaozhi edu MCP...
[2026-07-25T17:07:08.313Z] Connected!
[2026-07-25T17:07:08.478Z] Closed, reconnecting...
[2026-07-25T17:07:12.907Z] Connecting to xiaozhi edu MCP...
[2026-07-25T17:07:13.153Z] Connected!
[2026-07-25T17:07:13.306Z] Closed, reconnecting...
[2026-07-25T17:07:13.479Z] Connecting to xiaozhi edu MCP...
[2026-07-25T17:07:13.737Z] Connected!
[2026-07-25T17:07:13.908Z] Closed, reconnecting...
[2026-07-25T17:07:18.309Z] Connecting to xiaozhi edu MCP...
[2026-07-25T17:07:18.564Z] Connected!
[2026-07-25T17:07:18.727Z] Closed, reconnecting...
[2026-07-25T17:07:18.909Z] Connecting to xiaozhi edu MCP...
[2026-07-25T17:07:19.148Z] Connected!
[2026-07-25T17:07:19.302Z] Closed, reconnecting...
[2026-07-25T17:07:23.730Z] Connecting to xiaozhi edu MCP...
[2026-07-25T17:07:23.985Z] Connected!
[2026-07-25T17:07:24.149Z] Closed, reconnecting...
[2026-07-25T17:07:24.304Z] Connecting to xiaozhi edu MCP...
[2026-07-25T17:07:24.559Z] Connected!
[2026-07-25T17:07:24.727Z] Closed, reconnecting...
[2026-07-25T17:07:29.151Z] Connecting to xiaozhi edu MCP...
[2026-07-25T17:07:29.410Z] Connected!
[2026-07-25T17:07:29.582Z] Closed, reconnecting...
[2026-07-25T17:07:29.730Z] Connecting to xiaozhi edu MCP...
[2026-07-25T17:07:30.217Z] Connected!
[2026-07-25T17:07:30.392Z] Closed, reconnecting...
[2026-07-25T17:07:34.584Z] Connecting to xiaozhi edu MCP...
[2026-07-25T17:07:34.837Z] Connected!
[2026-07-25T17:07:34.998Z] Closed, reconnecting...
[2026-07-25T17:07:35.393Z] Connecting to xiaozhi edu MCP...
[2026-07-25T17:07:35.653Z] Connected!
[2026-07-25T17:07:35.812Z] Closed, reconnecting...
[2026-07-25T17:07:40.001Z] Connecting to xiaozhi edu MCP...
[2026-07-25T17:07:40.251Z] Connected!
[2026-07-25T17:07:40.410Z] Closed, reconnecting...
[2026-07-25T17:07:40.814Z] Connecting to xiaozhi edu MCP...
[2026-07-25T17:07:41.079Z] Connected!
[2026-07-25T17:07:41.242Z] Closed, reconnecting...
[2026-07-25T17:07:45.412Z] Connecting to xiaozhi edu MCP...
[2026-07-25T17:07:45.670Z] Connected!
[2026-07-25T17:07:45.835Z] Closed, reconnecting...
[2026-07-25T17:07:46.245Z] Connecting to xiaozhi edu MCP...
[2026-07-25T17:07:46.504Z] Connected!
[2026-07-25T17:07:46.678Z] Closed, reconnecting...
[2026-07-25T17:07:50.837Z] Connecting to xiaozhi edu MCP...
[2026-07-25T17:07:51.079Z] Connected!
[2026-07-25T17:07:51.241Z] Closed, reconnecting...
[2026-07-25T17:07:51.680Z] Connecting to xiaozhi edu MCP...
[2026-07-25T17:07:51.934Z] Connected!
[2026-07-25T17:07:52.094Z] Closed, reconnecting...
[2026-07-25T17:07:56.241Z] Connecting to xiaozhi edu MCP...
[2026-07-25T17:07:56.484Z] Connected!
[2026-07-25T17:07:56.642Z] Closed, reconnecting...
[2026-07-25T17:07:57.097Z] Connecting to xiaozhi edu MCP...
[2026-07-25T17:07:57.341Z] Connected!
[2026-07-25T17:07:57.489Z] Closed, reconnecting...
[2026-07-25T17:08:01.642Z] Connecting to xiaozhi edu MCP...
[2026-07-25T17:08:01.875Z] Connected!
[2026-07-25T17:08:02.019Z] Closed, reconnecting...
[2026-07-25T17:08:02.491Z] Connecting to xiaozhi edu MCP...
[2026-07-25T17:08:02.738Z] Connected!
[2026-07-25T17:08:02.896Z] Closed, reconnecting...
[2026-07-25T17:08:07.022Z] Connecting to xiaozhi edu MCP...
[2026-07-25T17:08:07.263Z] Connected!
[2026-07-25T17:08:07.578Z] Closed, reconnecting...
[2026-07-25T17:08:07.898Z] Connecting to xiaozhi edu MCP...
[2026-07-25T17:08:08.129Z] Connected!
[2026-07-25T17:08:08.279Z] Closed, reconnecting...
[2026-07-25T17:08:12.581Z] Connecting to xiaozhi edu MCP...
[2026-07-25T17:08:12.818Z] Connected!
[2026-07-25T17:08:12.976Z] Closed, reconnecting...
[2026-07-25T17:08:13.282Z] Connecting to xiaozhi edu MCP...
[2026-07-25T17:08:13.514Z] Connected!
[2026-07-25T17:08:13.662Z] Closed, reconnecting...
[2026-07-25T17:08:17.978Z] Connecting to xiaozhi edu MCP...
[2026-07-25T17:08:18.212Z] Connected!
[2026-07-25T17:08:18.366Z] Closed, reconnecting...
[2026-07-25T17:08:18.664Z] Connecting to xiaozhi edu MCP...
[2026-07-25T17:08:18.921Z] Connected!
[2026-07-25T17:08:19.086Z] Closed, reconnecting...
[2026-07-25T17:08:23.368Z] Connecting to xiaozhi edu MCP...
[2026-07-25T17:08:23.614Z] Connected!
[2026-07-25T17:08:23.776Z] Closed, reconnecting...
[2026-07-25T17:08:24.089Z] Connecting to xiaozhi edu MCP...
[2026-07-25T17:08:24.353Z] Connected!
[2026-07-25T17:08:24.514Z] Closed, reconnecting...
[2026-07-25T17:08:28.778Z] Connecting to xiaozhi edu MCP...
[2026-07-25T17:08:29.040Z] Connected!
[2026-07-25T17:08:29.203Z] Closed, reconnecting...
[2026-07-25T17:08:29.516Z] Connecting to xiaozhi edu MCP...
[2026-07-25T17:08:29.782Z] Connected!
[2026-07-25T17:08:29.954Z] Closed, reconnecting...
[2026-07-25T17:08:34.206Z] Connecting to xiaozhi edu MCP...
[2026-07-25T17:08:34.466Z] Connected!
[2026-07-25T17:08:34.630Z] Closed, reconnecting...
[2026-07-25T17:08:34.956Z] Connecting to xiaozhi edu MCP...
[2026-07-25T17:08:35.197Z] Connected!
[2026-07-25T17:08:35.351Z] Closed, reconnecting...
[2026-07-25T17:08:39.633Z] Connecting to xiaozhi edu MCP...
[2026-07-25T17:08:39.889Z] Connected!
[2026-07-25T17:08:40.057Z] Closed, reconnecting...
[2026-07-25T17:08:40.353Z] Connecting to xiaozhi edu MCP...
[2026-07-25T17:08:40.619Z] Connected!
[2026-07-25T17:08:40.783Z] Closed, reconnecting...
[2026-07-25T17:08:45.057Z] Connecting to xiaozhi edu MCP...
[2026-07-25T17:08:45.294Z] Connected!
[2026-07-25T17:08:45.445Z] Closed, reconnecting...
[2026-07-25T17:08:45.785Z] Connecting to xiaozhi edu MCP...
[2026-07-25T17:08:46.039Z] Connected!
[2026-07-25T17:08:46.194Z] Closed, reconnecting...
[2026-07-25T17:08:50.447Z] Connecting to xiaozhi edu MCP...
[2026-07-25T17:08:50.712Z] Connected!
[2026-07-25T17:08:50.883Z] Closed, reconnecting...
[2026-07-25T17:08:51.196Z] Connecting to xiaozhi edu MCP...
[2026-07-25T17:08:51.446Z] Connected!
[2026-07-25T17:08:51.609Z] Closed, reconnecting...
[2026-07-25T17:08:55.885Z] Connecting to xiaozhi edu MCP...
[2026-07-25T17:08:56.144Z] Connected!
[2026-07-25T17:08:56.317Z] Closed, reconnecting...
[2026-07-25T17:08:56.611Z] Connecting to xiaozhi edu MCP...
[2026-07-25T17:08:56.846Z] Connected!
[2026-07-25T17:08:57.001Z] Closed, reconnecting...
[2026-07-25T17:09:01.319Z] Connecting to xiaozhi edu MCP...
[2026-07-25T17:09:01.582Z] Connected!
[2026-07-25T17:09:01.753Z] Closed, reconnecting...
[2026-07-25T17:09:02.003Z] Connecting to xiaozhi edu MCP...
[2026-07-25T17:09:02.280Z] Connected!
[2026-07-25T17:09:02.448Z] Closed, reconnecting...
[2026-07-25T17:09:06.755Z] Connecting to xiaozhi edu MCP...
[2026-07-25T17:09:07.006Z] Connected!
[2026-07-25T17:09:07.169Z] Closed, reconnecting...
[2026-07-25T17:09:07.451Z] Connecting to xiaozhi edu MCP...
[2026-07-25T17:09:07.716Z] Connected!
[2026-07-25T17:09:07.885Z] Closed, reconnecting...
[2026-07-25T17:09:12.171Z] Connecting to xiaozhi edu MCP...
[2026-07-25T17:09:12.413Z] Connected!
[2026-07-25T17:09:12.573Z] Closed, reconnecting...
[2026-07-25T17:09:12.888Z] Connecting to xiaozhi edu MCP...
[2026-07-25T17:09:13.158Z] Connected!
[2026-07-25T17:09:13.319Z] Closed, reconnecting...
[2026-07-25T17:09:17.573Z] Connecting to xiaozhi edu MCP...
[2026-07-25T17:09:17.830Z] Connected!
[2026-07-25T17:09:18.019Z] Closed, reconnecting...
[2026-07-25T17:09:18.321Z] Connecting to xiaozhi edu MCP...
[2026-07-25T17:09:18.567Z] Connected!
[2026-07-25T17:09:18.726Z] Closed, reconnecting...
[2026-07-25T17:09:23.021Z] Connecting to xiaozhi edu MCP...
[2026-07-25T17:09:23.273Z] Connected!
[2026-07-25T17:09:23.438Z] Closed, reconnecting...
[2026-07-25T17:09:23.729Z] Connecting to xiaozhi edu MCP...
[2026-07-25T17:09:23.975Z] Connected!
[2026-07-25T17:09:24.128Z] Closed, reconnecting...
[2026-07-25T17:09:28.439Z] Connecting to xiaozhi edu MCP...
[2026-07-25T17:09:28.697Z] Connected!
[2026-07-25T17:09:28.864Z] Closed, reconnecting...
[2026-07-25T17:09:29.129Z] Connecting to xiaozhi edu MCP...
[2026-07-25T17:09:29.383Z] Connected!
[2026-07-25T17:09:29.540Z] Closed, reconnecting...
[2026-07-25T17:09:33.866Z] Connecting to xiaozhi edu MCP...
[2026-07-25T17:09:34.113Z] Connected!
[2026-07-25T17:09:34.269Z] Closed, reconnecting...
[2026-07-25T17:09:34.542Z] Connecting to xiaozhi edu MCP...
[2026-07-25T17:09:34.794Z] Connected!
[2026-07-25T17:09:34.965Z] Closed, reconnecting...
[2026-07-25T17:09:39.271Z] Connecting to xiaozhi edu MCP...
[2026-07-25T17:09:39.622Z] Connected!
[2026-07-25T17:09:39.789Z] Closed, reconnecting...
[2026-07-25T17:09:39.968Z] Connecting to xiaozhi edu MCP...
[2026-07-25T17:09:40.217Z] Connected!
[2026-07-25T17:09:40.382Z] Closed, reconnecting...
[2026-07-25T17:09:44.791Z] Connecting to xiaozhi edu MCP...
[2026-07-25T17:09:45.043Z] Connected!
[2026-07-25T17:09:45.205Z] Closed, reconnecting...
[2026-07-25T17:09:45.384Z] Connecting to xiaozhi edu MCP...
[2026-07-25T17:09:45.639Z] Connected!
[2026-07-25T17:09:45.798Z] Closed, reconnecting...
[2026-07-25T17:09:50.205Z] Connecting to xiaozhi edu MCP...
[2026-07-25T17:09:50.458Z] Connected!
[2026-07-25T17:09:50.616Z] Closed, reconnecting...
[2026-07-25T17:09:50.800Z] Connecting to xiaozhi edu MCP...
[2026-07-25T17:09:51.035Z] Connected!
[2026-07-25T17:09:51.191Z] Closed, reconnecting...
[2026-07-25T17:09:55.618Z] Connecting to xiaozhi edu MCP...
[2026-07-25T17:09:55.884Z] Connected!
[2026-07-25T17:09:56.057Z] Closed, reconnecting...
[2026-07-25T17:09:56.191Z] Connecting to xiaozhi edu MCP...
[2026-07-25T17:09:56.623Z] Connected!
[2026-07-25T17:09:56.795Z] Closed, reconnecting...
[2026-07-25T17:10:01.059Z] Connecting to xiaozhi edu MCP...
[2026-07-25T17:10:01.301Z] Connected!
[2026-07-25T17:10:01.457Z] Closed, reconnecting...
[2026-07-25T17:10:01.797Z] Connecting to xiaozhi edu MCP...
[2026-07-25T17:10:02.053Z] Connected!
[2026-07-25T17:10:02.223Z] Closed, reconnecting...
[2026-07-25T17:10:06.460Z] Connecting to xiaozhi edu MCP...
[2026-07-25T17:10:06.720Z] Connected!
[2026-07-25T17:10:06.882Z] Closed, reconnecting...
[2026-07-25T17:10:07.224Z] Connecting to xiaozhi edu MCP...
[2026-07-25T17:10:07.452Z] Connected!
[2026-07-25T17:10:07.594Z] Closed, reconnecting...
[2026-07-25T17:10:11.885Z] Connecting to xiaozhi edu MCP...
[2026-07-25T17:10:12.137Z] Connected!
[2026-07-25T17:10:12.299Z] Closed, reconnecting...
[2026-07-25T17:10:12.596Z] Connecting to xiaozhi edu MCP...
[2026-07-25T17:10:12.865Z] Connected!
[2026-07-25T17:10:13.039Z] Closed, reconnecting...
[2026-07-25T17:10:17.301Z] Connecting to xiaozhi edu MCP...
[2026-07-25T17:10:17.556Z] Connected!
[2026-07-25T17:10:17.733Z] Closed, reconnecting...
[2026-07-25T17:10:18.041Z] Connecting to xiaozhi edu MCP...
[2026-07-25T17:10:18.312Z] Connected!
[2026-07-25T17:10:18.482Z] Closed, reconnecting...
[2026-07-25T17:10:22.735Z] Connecting to xiaozhi edu MCP...
[2026-07-25T17:10:22.978Z] Connected!
[2026-07-25T17:10:23.137Z] Closed, reconnecting...
[2026-07-25T17:10:23.485Z] Connecting to xiaozhi edu MCP...
[2026-07-25T17:10:23.733Z] Connected!
[2026-07-25T17:10:23.889Z] Closed, reconnecting...
[2026-07-25T17:10:28.137Z] Connecting to xiaozhi edu MCP...
[2026-07-25T17:10:28.414Z] Connected!
[2026-07-25T17:10:28.591Z] Closed, reconnecting...
[2026-07-25T17:10:28.890Z] Connecting to xiaozhi edu MCP...
[2026-07-25T17:10:29.164Z] Connected!
[2026-07-25T17:10:29.334Z] Closed, reconnecting...
[2026-07-25T17:10:33.592Z] Connecting to xiaozhi edu MCP...
[2026-07-25T17:10:33.854Z] Connected!
[2026-07-25T17:10:34.010Z] Closed, reconnecting...
[2026-07-25T17:10:34.337Z] Connecting to xiaozhi edu MCP...
[2026-07-25T17:10:34.606Z] Connected!
[2026-07-25T17:10:34.779Z] Closed, reconnecting...
[2026-07-25T17:10:39.013Z] Connecting to xiaozhi edu MCP...
[2026-07-25T17:10:39.276Z] Connected!
[2026-07-25T17:10:39.437Z] Closed, reconnecting...
[2026-07-25T17:10:39.782Z] Connecting to xiaozhi edu MCP...
[2026-07-25T17:10:40.124Z] Connected!
[2026-07-25T17:10:40.287Z] Closed, reconnecting...
[2026-07-25T17:10:44.439Z] Connecting to xiaozhi edu MCP...
[2026-07-25T17:10:44.698Z] Connected!
[2026-07-25T17:10:44.862Z] Closed, reconnecting...
[2026-07-25T17:10:45.287Z] Connecting to xiaozhi edu MCP...
[2026-07-25T17:10:45.547Z] Connected!
[2026-07-25T17:10:45.712Z] Closed, reconnecting...
[2026-07-25T17:10:49.864Z] Connecting to xiaozhi edu MCP...
[2026-07-25T17:10:50.119Z] Connected!
[2026-07-25T17:10:50.280Z] Closed, reconnecting...
[2026-07-25T17:10:50.712Z] Connecting to xiaozhi edu MCP...
[2026-07-25T17:10:51.014Z] Connected!
[2026-07-25T17:10:51.213Z] Closed, reconnecting...
[2026-07-25T17:10:55.282Z] Connecting to xiaozhi edu MCP...
[2026-07-25T17:10:55.555Z] Connected!
[2026-07-25T17:10:55.723Z] Closed, reconnecting...
[2026-07-25T17:10:56.215Z] Connecting to xiaozhi edu MCP...
[2026-07-25T17:10:56.726Z] Connected!
[2026-07-25T17:10:56.884Z] Closed, reconnecting...
[2026-07-25T17:11:00.724Z] Connecting to xiaozhi edu MCP...
[2026-07-25T17:11:00.979Z] Connected!
[2026-07-25T17:11:01.135Z] Closed, reconnecting...
[2026-07-25T17:11:01.887Z] Connecting to xiaozhi edu MCP...
[2026-07-25T17:11:02.127Z] Connected!
[2026-07-25T17:11:02.282Z] Closed, reconnecting...
[2026-07-25T17:11:06.136Z] Connecting to xiaozhi edu MCP...
[2026-07-25T17:11:06.390Z] Connected!
[2026-07-25T17:11:06.550Z] Closed, reconnecting...
[2026-07-25T17:11:07.285Z] Connecting to xiaozhi edu MCP...
[2026-07-25T17:11:07.537Z] Connected!
[2026-07-25T17:11:07.697Z] Closed, reconnecting...
[2026-07-25T17:11:11.553Z] Connecting to xiaozhi edu MCP...
[2026-07-25T17:11:11.814Z] Connected!
[2026-07-25T17:11:11.976Z] Closed, reconnecting...
[2026-07-25T17:11:12.700Z] Connecting to xiaozhi edu MCP...
[2026-07-25T17:11:12.948Z] Connected!
[2026-07-25T17:11:13.108Z] Closed, reconnecting...
[2026-07-25T17:11:16.975Z] Connecting to xiaozhi edu MCP...
[2026-07-25T17:11:17.223Z] Connected!
[2026-07-25T17:11:17.383Z] Closed, reconnecting...
[2026-07-25T17:11:18.111Z] Connecting to xiaozhi edu MCP...
[2026-07-25T17:11:18.359Z] Connected!
[2026-07-25T17:11:18.519Z] Closed, reconnecting...
[2026-07-25T17:11:22.385Z] Connecting to xiaozhi edu MCP...
[2026-07-25T17:11:22.642Z] Connected!
[2026-07-25T17:11:22.796Z] Closed, reconnecting...
[2026-07-25T17:11:23.519Z] Connecting to xiaozhi edu MCP...
[2026-07-25T17:11:23.783Z] Connected!
[2026-07-25T17:11:23.947Z] Closed, reconnecting...
[2026-07-25T17:11:27.799Z] Connecting to xiaozhi edu MCP...
[2026-07-25T17:11:28.053Z] Connected!
[2026-07-25T17:11:28.207Z] Closed, reconnecting...
[2026-07-25T17:11:28.948Z] Connecting to xiaozhi edu MCP...
[2026-07-25T17:11:29.210Z] Connected!
[2026-07-25T17:11:29.371Z] Closed, reconnecting...
[2026-07-25T17:11:33.210Z] Connecting to xiaozhi edu MCP...
[2026-07-25T17:11:33.448Z] Connected!
[2026-07-25T17:11:33.600Z] Closed, reconnecting...
[2026-07-25T17:11:34.375Z] Connecting to xiaozhi edu MCP...
[2026-07-25T17:11:34.630Z] Connected!
[2026-07-25T17:11:34.796Z] Closed, reconnecting...
[2026-07-25T17:11:38.602Z] Connecting to xiaozhi edu MCP...
[2026-07-25T17:11:38.877Z] Connected!
[2026-07-25T17:11:39.047Z] Closed, reconnecting...
[2026-07-25T17:11:39.799Z] Connecting to xiaozhi edu MCP...
[2026-07-25T17:11:40.057Z] Connected!
[2026-07-25T17:11:40.219Z] Closed, reconnecting...
[2026-07-25T17:11:44.049Z] Connecting to xiaozhi edu MCP...
[2026-07-25T17:11:44.319Z] Connected!
[2026-07-25T17:11:44.484Z] Closed, reconnecting...
[2026-07-25T17:11:45.222Z] Connecting to xiaozhi edu MCP...
[2026-07-25T17:11:45.483Z] Connected!
[2026-07-25T17:11:45.642Z] Closed, reconnecting...
[2026-07-25T17:11:49.485Z] Connecting to xiaozhi edu MCP...
[2026-07-25T17:11:49.734Z] Connected!
[2026-07-25T17:11:49.896Z] Closed, reconnecting...
[2026-07-25T17:11:50.644Z] Connecting to xiaozhi edu MCP...
[2026-07-25T17:11:50.881Z] Connected!
[2026-07-25T17:11:51.037Z] Closed, reconnecting...
[2026-07-25T17:11:54.898Z] Connecting to xiaozhi edu MCP...
[2026-07-25T17:11:55.146Z] Connected!
[2026-07-25T17:11:55.308Z] Closed, reconnecting...
[2026-07-25T17:11:56.040Z] Connecting to xiaozhi edu MCP...
[2026-07-25T17:11:56.319Z] Connected!
[2026-07-25T17:11:56.489Z] Closed, reconnecting...
[2026-07-25T17:12:00.310Z] Connecting to xiaozhi edu MCP...
[2026-07-25T17:12:00.570Z] Connected!
[2026-07-25T17:12:00.732Z] Closed, reconnecting...
[2026-07-25T17:12:01.489Z] Connecting to xiaozhi edu MCP...
[2026-07-25T17:12:01.746Z] Connected!
[2026-07-25T17:12:01.901Z] Closed, reconnecting...
[2026-07-25T17:12:05.733Z] Connecting to xiaozhi edu MCP...
[2026-07-25T17:12:05.983Z] Connected!
[2026-07-25T17:12:06.175Z] Closed, reconnecting...
[2026-07-25T17:12:06.902Z] Connecting to xiaozhi edu MCP...
[2026-07-25T17:12:07.141Z] Connected!
[2026-07-25T17:12:07.298Z] Closed, reconnecting...
[2026-07-25T17:12:11.178Z] Connecting to xiaozhi edu MCP...
[2026-07-25T17:12:11.438Z] Connected!
[2026-07-25T17:12:11.602Z] Closed, reconnecting...
[2026-07-25T17:12:12.300Z] Connecting to xiaozhi edu MCP...
[2026-07-25T17:12:12.623Z] Connected!
[2026-07-25T17:12:12.780Z] Closed, reconnecting...
[2026-07-25T17:12:16.605Z] Connecting to xiaozhi edu MCP...
[2026-07-25T17:12:16.888Z] Connected!
[2026-07-25T17:12:17.059Z] Closed, reconnecting...
[2026-07-25T17:12:17.782Z] Connecting to xiaozhi edu MCP...
[2026-07-25T17:12:18.026Z] Connected!
[2026-07-25T17:12:18.182Z] Closed, reconnecting...
[2026-07-25T17:12:22.062Z] Connecting to xiaozhi edu MCP...
[2026-07-25T17:12:22.306Z] Connected!
[2026-07-25T17:12:22.465Z] Closed, reconnecting...
[2026-07-25T17:12:23.184Z] Connecting to xiaozhi edu MCP...
[2026-07-25T17:12:23.429Z] Connected!
[2026-07-25T17:12:23.584Z] Closed, reconnecting...
[2026-07-25T17:12:27.467Z] Connecting to xiaozhi edu MCP...
[2026-07-25T17:12:27.718Z] Connected!
[2026-07-25T17:12:27.872Z] Closed, reconnecting...
[2026-07-25T17:12:28.586Z] Connecting to xiaozhi edu MCP...
[2026-07-25T17:12:28.829Z] Connected!
[2026-07-25T17:12:28.980Z] Closed, reconnecting...
[2026-07-25T17:12:32.874Z] Connecting to xiaozhi edu MCP...
[2026-07-25T17:12:33.139Z] Connected!
[2026-07-25T17:12:33.294Z] Closed, reconnecting...
[2026-07-25T17:12:33.982Z] Connecting to xiaozhi edu MCP...
[2026-07-25T17:12:34.231Z] Connected!
[2026-07-25T17:12:34.390Z] Closed, reconnecting...
[2026-07-25T17:12:38.296Z] Connecting to xiaozhi edu MCP...
[2026-07-25T17:12:38.564Z] Connected!
[2026-07-25T17:12:38.732Z] Closed, reconnecting...
[2026-07-25T17:12:39.392Z] Connecting to xiaozhi edu MCP...
[2026-07-25T17:12:39.650Z] Connected!
[2026-07-25T17:12:39.817Z] Closed, reconnecting...
[2026-07-25T17:12:43.734Z] Connecting to xiaozhi edu MCP...
[2026-07-25T17:12:44.003Z] Connected!
[2026-07-25T17:12:44.169Z] Closed, reconnecting...
[2026-07-25T17:12:44.819Z] Connecting to xiaozhi edu MCP...
[2026-07-25T17:12:45.072Z] Connected!
[2026-07-25T17:12:45.229Z] Closed, reconnecting...
[2026-07-25T17:12:49.169Z] Connecting to xiaozhi edu MCP...
[2026-07-25T17:12:49.405Z] Connected!
[2026-07-25T17:12:49.566Z] Closed, reconnecting...
[2026-07-25T17:12:50.232Z] Connecting to xiaozhi edu MCP...
[2026-07-25T17:12:50.468Z] Connected!
[2026-07-25T17:12:50.619Z] Closed, reconnecting...
[2026-07-25T17:12:54.566Z] Connecting to xiaozhi edu MCP...
[2026-07-25T17:12:54.791Z] Connected!
[2026-07-25T17:12:54.951Z] Closed, reconnecting...
[2026-07-25T17:12:55.620Z] Connecting to xiaozhi edu MCP...
[2026-07-25T17:12:55.855Z] Connected!
[2026-07-25T17:12:56.006Z] Closed, reconnecting...
[2026-07-25T17:12:59.953Z] Connecting to xiaozhi edu MCP...
[2026-07-25T17:13:00.219Z] Connected!
[2026-07-25T17:13:00.380Z] Closed, reconnecting...
[2026-07-25T17:13:01.009Z] Connecting to xiaozhi edu MCP...
[2026-07-25T17:13:01.290Z] Connected!
[2026-07-25T17:13:01.453Z] Closed, reconnecting...
[2026-07-25T17:13:05.382Z] Connecting to xiaozhi edu MCP...
[2026-07-25T17:13:05.896Z] Connected!
[2026-07-25T17:13:06.190Z] Closed, reconnecting...
[2026-07-25T17:13:06.455Z] Connecting to xiaozhi edu MCP...
[2026-07-25T17:13:06.710Z] Connected!
[2026-07-25T17:13:06.877Z] Closed, reconnecting...
[2026-07-25T17:13:11.191Z] Connecting to xiaozhi edu MCP...
[2026-07-25T17:13:11.462Z] Connected!
[2026-07-25T17:13:11.630Z] Closed, reconnecting...
[2026-07-25T17:13:11.879Z] Connecting to xiaozhi edu MCP...
[2026-07-25T17:13:12.120Z] Connected!
[2026-07-25T17:13:12.277Z] Closed, reconnecting...
[2026-07-25T17:13:16.631Z] Connecting to xiaozhi edu MCP...
[2026-07-25T17:13:16.882Z] Connected!
[2026-07-25T17:13:17.039Z] Closed, reconnecting...
[2026-07-25T17:13:17.279Z] Connecting to xiaozhi edu MCP...
[2026-07-25T17:13:17.523Z] Connected!
[2026-07-25T17:13:17.678Z] Closed, reconnecting...
[2026-07-25T17:13:22.042Z] Connecting to xiaozhi edu MCP...
[2026-07-25T17:13:22.299Z] Connected!
[2026-07-25T17:13:22.458Z] Closed, reconnecting...
[2026-07-25T17:13:22.680Z] Connecting to xiaozhi edu MCP...
[2026-07-25T17:13:22.928Z] Connected!
[2026-07-25T17:13:23.098Z] Closed, reconnecting...
[2026-07-25T17:13:27.460Z] Connecting to xiaozhi edu MCP...
[2026-07-25T17:13:27.723Z] Connected!
[2026-07-25T17:13:27.884Z] Closed, reconnecting...
[2026-07-25T17:13:28.100Z] Connecting to xiaozhi edu MCP...
[2026-07-25T17:13:28.349Z] Connected!
[2026-07-25T17:13:28.516Z] Closed, reconnecting...
[2026-07-25T17:13:32.886Z] Connecting to xiaozhi edu MCP...
[2026-07-25T17:13:33.143Z] Connected!
[2026-07-25T17:13:33.303Z] Closed, reconnecting...
[2026-07-25T17:13:33.516Z] Connecting to xiaozhi edu MCP...
[2026-07-25T17:13:33.756Z] Connected!
[2026-07-25T17:13:33.911Z] Closed, reconnecting...
[2026-07-25T17:13:38.305Z] Connecting to xiaozhi edu MCP...
[2026-07-25T17:13:38.566Z] Connected!
[2026-07-25T17:13:38.733Z] Closed, reconnecting...
[2026-07-25T17:13:38.913Z] Connecting to xiaozhi edu MCP...
[2026-07-25T17:13:39.158Z] Connected!
[2026-07-25T17:13:39.327Z] Closed, reconnecting...
[2026-07-25T17:13:43.736Z] Connecting to xiaozhi edu MCP...
[2026-07-25T17:13:43.979Z] Connected!
[2026-07-25T17:13:44.135Z] Closed, reconnecting...
[2026-07-25T17:13:44.329Z] Connecting to xiaozhi edu MCP...
[2026-07-25T17:13:44.582Z] Connected!
[2026-07-25T17:13:44.737Z] Closed, reconnecting...
[2026-07-25T17:13:49.137Z] Connecting to xiaozhi edu MCP...
[2026-07-25T17:13:49.406Z] Connected!
[2026-07-25T17:13:49.579Z] Closed, reconnecting...
[2026-07-25T17:13:49.738Z] Connecting to xiaozhi edu MCP...
[2026-07-25T17:13:49.983Z] Connected!
[2026-07-25T17:13:50.134Z] Closed, reconnecting...
[2026-07-25T17:13:54.581Z] Connecting to xiaozhi edu MCP...
[2026-07-25T17:13:54.808Z] Connected!
[2026-07-25T17:13:54.957Z] Closed, reconnecting...
[2026-07-25T17:13:55.137Z] Connecting to xiaozhi edu MCP...
[2026-07-25T17:13:55.394Z] Connected!
[2026-07-25T17:13:55.637Z] Closed, reconnecting...
[2026-07-25T17:13:59.959Z] Connecting to xiaozhi edu MCP...
[2026-07-25T17:14:00.639Z] Connecting to xiaozhi edu MCP...
[2026-07-25T17:14:01.158Z] Connected!
[2026-07-25T17:14:01.314Z] Connected!
[2026-07-25T17:14:01.582Z] Closed, reconnecting...
[2026-07-25T17:14:01.745Z] Closed, reconnecting...
[2026-07-25T17:14:06.585Z] Connecting to xiaozhi edu MCP...
[2026-07-25T17:14:06.747Z] Connecting to xiaozhi edu MCP...
[2026-07-25T17:14:06.994Z] Connected!
[2026-07-25T17:14:07.091Z] Connected!
[2026-07-25T17:14:07.249Z] Closed, reconnecting...
[2026-07-25T17:14:07.663Z] Closed, reconnecting...
[2026-07-25T17:14:12.251Z] Connecting to xiaozhi edu MCP...
[2026-07-25T17:14:12.509Z] Connected!
[2026-07-25T17:14:12.665Z] Connecting to xiaozhi edu MCP...
[2026-07-25T17:14:12.684Z] Closed, reconnecting...
[2026-07-25T17:14:12.930Z] Connected!
[2026-07-25T17:14:13.495Z] Closed, reconnecting...
[2026-07-25T17:14:17.687Z] Connecting to xiaozhi edu MCP...
[2026-07-25T17:14:17.960Z] Connected!
[2026-07-25T17:14:18.215Z] Closed, reconnecting...
[2026-07-25T17:14:18.497Z] Connecting to xiaozhi edu MCP...
[2026-07-25T17:14:18.759Z] Connected!
[2026-07-25T17:14:19.181Z] Closed, reconnecting...
[2026-07-25T17:14:23.217Z] Connecting to xiaozhi edu MCP...
[2026-07-25T17:14:23.470Z] Connected!
[2026-07-25T17:14:23.629Z] Closed, reconnecting...
[2026-07-25T17:14:24.181Z] Connecting to xiaozhi edu MCP...
[2026-07-25T17:14:24.444Z] Connected!
[2026-07-25T17:14:24.613Z] Closed, reconnecting...
[2026-07-25T17:14:28.630Z] Connecting to xiaozhi edu MCP...
[2026-07-25T17:14:28.900Z] Connected!
[2026-07-25T17:14:29.072Z] Closed, reconnecting...
[2026-07-25T17:14:29.614Z] Connecting to xiaozhi edu MCP...
[2026-07-25T17:14:29.867Z] Connected!
[2026-07-25T17:14:30.032Z] Closed, reconnecting...
[2026-07-25T17:14:34.073Z] Connecting to xiaozhi edu MCP...
[2026-07-25T17:14:34.340Z] Connected!
[2026-07-25T17:14:34.500Z] Closed, reconnecting...
[2026-07-25T17:14:35.034Z] Connecting to xiaozhi edu MCP...
[2026-07-25T17:14:35.282Z] Connected!
[2026-07-25T17:14:35.445Z] Closed, reconnecting...
[2026-07-25T17:14:39.502Z] Connecting to xiaozhi edu MCP...
[2026-07-25T17:14:39.775Z] Connected!
[2026-07-25T17:14:39.940Z] Closed, reconnecting...
[2026-07-25T17:14:40.447Z] Connecting to xiaozhi edu MCP...
[2026-07-25T17:14:40.706Z] Connected!
[2026-07-25T17:14:40.869Z] Closed, reconnecting...
[2026-07-25T17:14:44.943Z] Connecting to xiaozhi edu MCP...
[2026-07-25T17:14:45.803Z] Connected!
[2026-07-25T17:14:45.872Z] Connecting to xiaozhi edu MCP...
[2026-07-25T17:14:47.269Z] Closed, reconnecting...
[2026-07-25T17:14:48.019Z] Connected!
[2026-07-25T17:14:49.395Z] Closed, reconnecting...
[2026-07-25T17:14:52.270Z] Connecting to xiaozhi edu MCP...
[2026-07-25T17:14:52.520Z] Connected!
[2026-07-25T17:14:52.675Z] Closed, reconnecting...
[2026-07-25T17:14:54.397Z] Connecting to xiaozhi edu MCP...
[2026-07-25T17:14:54.633Z] Connected!
[2026-07-25T17:14:54.809Z] Closed, reconnecting...
[2026-07-25T17:14:57.675Z] Connecting to xiaozhi edu MCP...
[2026-07-25T17:14:57.926Z] Connected!
[2026-07-25T17:14:58.088Z] Closed, reconnecting...
[2026-07-25T17:14:59.811Z] Connecting to xiaozhi edu MCP...
[2026-07-25T17:15:00.065Z] Connected!
[2026-07-25T17:15:00.242Z] Closed, reconnecting...
[2026-07-25T17:15:03.090Z] Connecting to xiaozhi edu MCP...
[2026-07-25T17:15:03.322Z] Connected!
[2026-07-25T17:15:03.468Z] Closed, reconnecting...
[2026-07-25T17:15:05.245Z] Connecting to xiaozhi edu MCP...
[2026-07-25T17:15:05.500Z] Connected!
[2026-07-25T17:15:05.656Z] Closed, reconnecting...
[2026-07-25T17:15:08.471Z] Connecting to xiaozhi edu MCP...
[2026-07-25T17:15:08.753Z] Connected!
[2026-07-25T17:15:08.919Z] Closed, reconnecting...
[2026-07-25T17:15:10.658Z] Connecting to xiaozhi edu MCP...
[2026-07-25T17:15:10.909Z] Connected!
[2026-07-25T17:15:11.084Z] Closed, reconnecting...
[2026-07-25T17:15:13.921Z] Connecting to xiaozhi edu MCP...
[2026-07-25T17:15:14.178Z] Connected!
[2026-07-25T17:15:14.348Z] Closed, reconnecting...
[2026-07-25T17:15:16.085Z] Connecting to xiaozhi edu MCP...
[2026-07-25T17:15:16.333Z] Connected!
[2026-07-25T17:15:16.507Z] Closed, reconnecting...
[2026-07-25T17:15:19.351Z] Connecting to xiaozhi edu MCP...
[2026-07-25T17:15:19.630Z] Connected!
[2026-07-25T17:15:20.449Z] Closed, reconnecting...
[2026-07-25T17:15:21.508Z] Connecting to xiaozhi edu MCP...
[2026-07-25T17:15:22.775Z] Connected!
[2026-07-25T17:15:22.944Z] Closed, reconnecting...
[2026-07-25T17:15:25.449Z] Connecting to xiaozhi edu MCP...
[2026-07-25T17:15:25.708Z] Connected!
[2026-07-25T17:15:25.902Z] Closed, reconnecting...
[2026-07-25T17:15:27.945Z] Connecting to xiaozhi edu MCP...
[2026-07-25T17:15:28.228Z] Connected!
[2026-07-25T17:15:28.434Z] Closed, reconnecting...
[2026-07-25T17:15:30.905Z] Connecting to xiaozhi edu MCP...
[2026-07-25T17:15:31.169Z] Connected!
[2026-07-25T17:15:31.331Z] Closed, reconnecting...
[2026-07-25T17:15:33.436Z] Connecting to xiaozhi edu MCP...
[2026-07-25T17:15:33.679Z] Connected!
[2026-07-25T17:15:33.847Z] Closed, reconnecting...
[2026-07-25T17:15:36.332Z] Connecting to xiaozhi edu MCP...
[2026-07-25T17:15:36.654Z] Connected!
[2026-07-25T17:15:36.814Z] Closed, reconnecting...
[2026-07-25T17:15:38.849Z] Connecting to xiaozhi edu MCP...
[2026-07-25T17:15:39.101Z] Connected!
[2026-07-25T17:15:39.270Z] Closed, reconnecting...
[2026-07-25T17:15:41.816Z] Connecting to xiaozhi edu MCP...
[2026-07-25T17:15:42.083Z] Connected!
[2026-07-25T17:15:42.241Z] Closed, reconnecting...
[2026-07-25T17:15:44.272Z] Connecting to xiaozhi edu MCP...
[2026-07-25T17:15:44.529Z] Connected!
[2026-07-25T17:15:44.690Z] Closed, reconnecting...
[2026-07-25T17:15:47.244Z] Connecting to xiaozhi edu MCP...
[2026-07-25T17:15:47.696Z] Connected!
[2026-07-25T17:15:47.865Z] Closed, reconnecting...
[2026-07-25T17:15:49.692Z] Connecting to xiaozhi edu MCP...
[2026-07-25T17:15:49.936Z] Connected!
[2026-07-25T17:15:50.093Z] Closed, reconnecting...
[2026-07-25T17:15:52.867Z] Connecting to xiaozhi edu MCP...
[2026-07-25T17:15:53.136Z] Connected!
[2026-07-25T17:15:53.300Z] Closed, reconnecting...
[2026-07-25T17:15:55.095Z] Connecting to xiaozhi edu MCP...
[2026-07-25T17:15:55.344Z] Connected!
[2026-07-25T17:15:55.533Z] Closed, reconnecting...
[2026-07-25T17:15:58.302Z] Connecting to xiaozhi edu MCP...
[2026-07-25T17:15:58.559Z] Connected!
[2026-07-25T17:15:58.725Z] Closed, reconnecting...
[2026-07-25T17:16:00.535Z] Connecting to xiaozhi edu MCP...
[2026-07-25T17:16:00.801Z] Connected!
[2026-07-25T17:16:00.981Z] Closed, reconnecting...
[2026-07-25T17:16:03.728Z] Connecting to xiaozhi edu MCP...
[2026-07-25T17:16:04.343Z] Connected!
[2026-07-25T17:16:04.509Z] Closed, reconnecting...
[2026-07-25T17:16:05.982Z] Connecting to xiaozhi edu MCP...
[2026-07-25T17:16:06.245Z] Connected!
[2026-07-25T17:16:06.955Z] Closed, reconnecting...
[2026-07-25T17:16:09.510Z] Connecting to xiaozhi edu MCP...
[2026-07-25T17:16:09.801Z] Connected!
[2026-07-25T17:16:10.432Z] Closed, reconnecting...
[2026-07-25T17:16:11.957Z] Connecting to xiaozhi edu MCP...
[2026-07-25T17:16:12.224Z] Connected!
[2026-07-25T17:16:12.473Z] Closed, reconnecting...
[2026-07-25T17:16:15.434Z] Connecting to xiaozhi edu MCP...
[2026-07-25T17:16:15.688Z] Connected!
[2026-07-25T17:16:15.857Z] Closed, reconnecting...
[2026-07-25T17:16:17.474Z] Connecting to xiaozhi edu MCP...
[2026-07-25T17:16:17.717Z] Connected!
[2026-07-25T17:16:17.879Z] Closed, reconnecting...
[2026-07-25T17:16:20.860Z] Connecting to xiaozhi edu MCP...
[2026-07-25T17:16:21.119Z] Connected!
[2026-07-25T17:16:21.285Z] Closed, reconnecting...
[2026-07-25T17:16:22.879Z] Connecting to xiaozhi edu MCP...
[2026-07-25T17:16:23.129Z] Connected!
[2026-07-25T17:16:23.299Z] Closed, reconnecting...
[2026-07-25T17:16:26.288Z] Connecting to xiaozhi edu MCP...
[2026-07-25T17:16:26.542Z] Connected!
[2026-07-25T17:16:26.698Z] Closed, reconnecting...
[2026-07-25T17:16:28.301Z] Connecting to xiaozhi edu MCP...
[2026-07-25T17:16:28.566Z] Connected!
[2026-07-25T17:16:28.721Z] Closed, reconnecting...
[2026-07-25T17:16:31.700Z] Connecting to xiaozhi edu MCP...
[2026-07-25T17:16:31.932Z] Connected!
[2026-07-25T17:16:32.089Z] Closed, reconnecting...
[2026-07-25T17:16:33.721Z] Connecting to xiaozhi edu MCP...
[2026-07-25T17:16:33.992Z] Connected!
[2026-07-25T17:16:34.155Z] Closed, reconnecting...
[2026-07-25T17:16:37.092Z] Connecting to xiaozhi edu MCP...
[2026-07-25T17:16:37.362Z] Connected!
[2026-07-25T17:16:37.531Z] Closed, reconnecting...
[2026-07-25T17:16:39.157Z] Connecting to xiaozhi edu MCP...
[2026-07-25T17:16:39.390Z] Connected!
[2026-07-25T17:16:39.973Z] Closed, reconnecting...
[2026-07-25T17:16:42.533Z] Connecting to xiaozhi edu MCP...
[2026-07-25T17:16:42.786Z] Connected!
[2026-07-25T17:16:42.946Z] Closed, reconnecting...
[2026-07-25T17:16:44.974Z] Connecting to xiaozhi edu MCP...
[2026-07-25T17:16:45.227Z] Connected!
[2026-07-25T17:16:45.391Z] Closed, reconnecting...
[2026-07-25T17:16:47.949Z] Connecting to xiaozhi edu MCP...
[2026-07-25T17:16:48.204Z] Connected!
[2026-07-25T17:16:48.369Z] Closed, reconnecting...
[2026-07-25T17:16:50.393Z] Connecting to xiaozhi edu MCP...
[2026-07-25T17:16:50.630Z] Connected!
[2026-07-25T17:16:50.786Z] Closed, reconnecting...
[2026-07-25T17:16:53.371Z] Connecting to xiaozhi edu MCP...
[2026-07-25T17:16:53.647Z] Connected!
[2026-07-25T17:16:53.810Z] Closed, reconnecting...
[2026-07-25T17:16:55.788Z] Connecting to xiaozhi edu MCP...
[2026-07-25T17:16:56.340Z] Connected!
[2026-07-25T17:16:56.492Z] Closed, reconnecting...
[2026-07-25T17:16:58.810Z] Connecting to xiaozhi edu MCP...
[2026-07-25T17:16:59.071Z] Connected!
[2026-07-25T17:16:59.247Z] Closed, reconnecting...
[2026-07-25T17:17:01.493Z] Connecting to xiaozhi edu MCP...
[2026-07-25T17:17:01.738Z] Connected!
[2026-07-25T17:17:01.889Z] Closed, reconnecting...
[2026-07-25T17:17:04.250Z] Connecting to xiaozhi edu MCP...
[2026-07-25T17:17:04.510Z] Connected!
[2026-07-25T17:17:04.674Z] Closed, reconnecting...
[2026-07-25T17:17:06.892Z] Connecting to xiaozhi edu MCP...
[2026-07-25T17:17:07.142Z] Connected!
[2026-07-25T17:17:07.307Z] Closed, reconnecting...
[2026-07-25T17:17:09.674Z] Connecting to xiaozhi edu MCP...
[2026-07-25T17:17:09.946Z] Connected!
[2026-07-25T17:17:10.116Z] Closed, reconnecting...
[2026-07-25T17:17:12.309Z] Connecting to xiaozhi edu MCP...
[2026-07-25T17:17:12.562Z] Connected!
[2026-07-25T17:17:12.715Z] Closed, reconnecting...
[2026-07-25T17:17:15.118Z] Connecting to xiaozhi edu MCP...
[2026-07-25T17:17:15.343Z] Connected!
[2026-07-25T17:17:15.494Z] Closed, reconnecting...
[2026-07-25T17:17:17.717Z] Connecting to xiaozhi edu MCP...
[2026-07-25T17:17:17.975Z] Connected!
[2026-07-25T17:17:18.140Z] Closed, reconnecting...
[2026-07-25T17:17:20.494Z] Connecting to xiaozhi edu MCP...
[2026-07-25T17:17:20.749Z] Connected!
[2026-07-25T17:17:20.913Z] Closed, reconnecting...
[2026-07-25T17:17:23.142Z] Connecting to xiaozhi edu MCP...
[2026-07-25T17:17:23.397Z] Connected!
[2026-07-25T17:17:23.549Z] Closed, reconnecting...
[2026-07-25T17:17:25.915Z] Connecting to xiaozhi edu MCP...
[2026-07-25T17:17:26.174Z] Connected!
[2026-07-25T17:17:26.342Z] Closed, reconnecting...
[2026-07-25T17:17:28.552Z] Connecting to xiaozhi edu MCP...
[2026-07-25T17:17:28.798Z] Connected!
[2026-07-25T17:17:28.954Z] Closed, reconnecting...
[2026-07-25T17:17:31.343Z] Connecting to xiaozhi edu MCP...
[2026-07-25T17:17:31.582Z] Connected!
[2026-07-25T17:17:31.731Z] Closed, reconnecting...
[2026-07-25T17:17:33.956Z] Connecting to xiaozhi edu MCP...
[2026-07-25T17:17:34.220Z] Connected!
[2026-07-25T17:17:34.376Z] Closed, reconnecting...
[2026-07-25T17:17:36.734Z] Connecting to xiaozhi edu MCP...
[2026-07-25T17:17:37.000Z] Connected!
[2026-07-25T17:17:37.167Z] Closed, reconnecting...
[2026-07-25T17:17:39.379Z] Connecting to xiaozhi edu MCP...
[2026-07-25T17:17:39.632Z] Connected!
[2026-07-25T17:17:39.792Z] Closed, reconnecting...
[2026-07-25T17:17:42.170Z] Connecting to xiaozhi edu MCP...
[2026-07-25T17:17:42.417Z] Connected!
[2026-07-25T17:17:42.575Z] Closed, reconnecting...
[2026-07-25T17:17:44.795Z] Connecting to xiaozhi edu MCP...
[2026-07-25T17:17:45.039Z] Connected!
[2026-07-25T17:17:45.190Z] Closed, reconnecting...
[2026-07-25T17:17:47.576Z] Connecting to xiaozhi edu MCP...
[2026-07-25T17:17:47.818Z] Connected!
[2026-07-25T17:17:47.978Z] Closed, reconnecting...
[2026-07-25T17:17:50.191Z] Connecting to xiaozhi edu MCP...
[2026-07-25T17:17:50.435Z] Connected!
[2026-07-25T17:17:50.591Z] Closed, reconnecting...
[2026-07-25T17:17:52.980Z] Connecting to xiaozhi edu MCP...
[2026-07-25T17:17:53.248Z] Connected!
[2026-07-25T17:17:53.422Z] Closed, reconnecting...
[2026-07-25T17:17:55.592Z] Connecting to xiaozhi edu MCP...
[2026-07-25T17:17:55.838Z] Connected!
[2026-07-25T17:17:55.993Z] Closed, reconnecting...
[2026-07-25T17:17:58.424Z] Connecting to xiaozhi edu MCP...
[2026-07-25T17:17:58.677Z] Connected!
[2026-07-25T17:17:58.832Z] Closed, reconnecting...
[2026-07-25T17:18:00.996Z] Connecting to xiaozhi edu MCP...
[2026-07-25T17:18:01.260Z] Connected!
[2026-07-25T17:18:01.446Z] Closed, reconnecting...
[2026-07-25T17:18:03.834Z] Connecting to xiaozhi edu MCP...
[2026-07-25T17:18:04.081Z] Connected!
[2026-07-25T17:18:04.238Z] Closed, reconnecting...
[2026-07-25T17:18:06.448Z] Connecting to xiaozhi edu MCP...
[2026-07-25T17:18:06.709Z] Connected!
[2026-07-25T17:18:06.872Z] Closed, reconnecting...
[2026-07-25T17:18:09.240Z] Connecting to xiaozhi edu MCP...
[2026-07-25T17:18:09.498Z] Connected!
[2026-07-25T17:18:09.658Z] Closed, reconnecting...
[2026-07-25T17:18:11.874Z] Connecting to xiaozhi edu MCP...
[2026-07-25T17:18:12.135Z] Connected!
[2026-07-25T17:18:12.292Z] Closed, reconnecting...
[2026-07-25T17:18:14.658Z] Connecting to xiaozhi edu MCP...
[2026-07-25T17:18:14.896Z] Connected!
[2026-07-25T17:18:15.062Z] Closed, reconnecting...
[2026-07-25T17:18:17.295Z] Connecting to xiaozhi edu MCP...
[2026-07-25T17:18:17.538Z] Connected!
[2026-07-25T17:18:17.688Z] Closed, reconnecting...
[2026-07-25T17:18:20.065Z] Connecting to xiaozhi edu MCP...
[2026-07-25T17:18:20.332Z] Connected!
[2026-07-25T17:18:20.473Z] Closed, reconnecting...
[2026-07-25T17:18:22.690Z] Connecting to xiaozhi edu MCP...
[2026-07-25T17:18:22.926Z] Connected!
[2026-07-25T17:18:23.081Z] Closed, reconnecting...
[2026-07-25T17:18:25.473Z] Connecting to xiaozhi edu MCP...
[2026-07-25T17:18:25.728Z] Connected!
[2026-07-25T17:18:25.892Z] Closed, reconnecting...
[2026-07-25T17:18:28.083Z] Connecting to xiaozhi edu MCP...
[2026-07-25T17:18:28.361Z] Connected!
[2026-07-25T17:18:28.537Z] Closed, reconnecting...
[2026-07-25T17:18:30.892Z] Connecting to xiaozhi edu MCP...
[2026-07-25T17:18:31.137Z] Connected!
[2026-07-25T17:18:31.295Z] Closed, reconnecting...
[2026-07-25T17:18:33.540Z] Connecting to xiaozhi edu MCP...
[2026-07-25T17:18:33.775Z] Connected!
[2026-07-25T17:18:33.922Z] Closed, reconnecting...
[2026-07-25T17:18:36.298Z] Connecting to xiaozhi edu MCP...
[2026-07-25T17:18:36.561Z] Connected!
[2026-07-25T17:18:36.724Z] Closed, reconnecting...
[2026-07-25T17:18:38.924Z] Connecting to xiaozhi edu MCP...
[2026-07-25T17:18:39.190Z] Connected!
[2026-07-25T17:18:39.352Z] Closed, reconnecting...
[2026-07-25T17:18:41.724Z] Connecting to xiaozhi edu MCP...
[2026-07-25T17:18:42.004Z] Connected!
[2026-07-25T17:18:42.179Z] Closed, reconnecting...
[2026-07-25T17:18:44.354Z] Connecting to xiaozhi edu MCP...
[2026-07-25T17:18:44.625Z] Connected!
[2026-07-25T17:18:44.786Z] Closed, reconnecting...
[2026-07-25T17:18:47.182Z] Connecting to xiaozhi edu MCP...
[2026-07-25T17:18:47.429Z] Connected!
[2026-07-25T17:18:47.590Z] Closed, reconnecting...
[2026-07-25T17:18:49.788Z] Connecting to xiaozhi edu MCP...
[2026-07-25T17:18:50.035Z] Connected!
[2026-07-25T17:18:50.185Z] Closed, reconnecting...
[2026-07-25T17:18:52.591Z] Connecting to xiaozhi edu MCP...
[2026-07-25T17:18:52.835Z] Connected!
[2026-07-25T17:18:52.986Z] Closed, reconnecting...
[2026-07-25T17:18:55.187Z] Connecting to xiaozhi edu MCP...
[2026-07-25T17:18:55.435Z] Connected!
[2026-07-25T17:18:55.596Z] Closed, reconnecting...
[2026-07-25T17:18:57.989Z] Connecting to xiaozhi edu MCP...
[2026-07-25T17:18:58.235Z] Connected!
[2026-07-25T17:18:58.404Z] Closed, reconnecting...
[2026-07-25T17:19:00.596Z] Connecting to xiaozhi edu MCP...
[2026-07-25T17:19:00.841Z] Connected!
[2026-07-25T17:19:01.003Z] Closed, reconnecting...
[2026-07-25T17:19:03.406Z] Connecting to xiaozhi edu MCP...
[2026-07-25T17:19:03.669Z] Connected!
[2026-07-25T17:19:03.828Z] Closed, reconnecting...
[2026-07-25T17:19:06.005Z] Connecting to xiaozhi edu MCP...
[2026-07-25T17:19:06.265Z] Connected!
[2026-07-25T17:19:06.430Z] Closed, reconnecting...
[2026-07-25T17:19:08.829Z] Connecting to xiaozhi edu MCP...
[2026-07-25T17:19:09.078Z] Connected!
[2026-07-25T17:19:09.239Z] Closed, reconnecting...
[2026-07-25T17:19:11.432Z] Connecting to xiaozhi edu MCP...
[2026-07-25T17:19:11.668Z] Connected!
[2026-07-25T17:19:11.818Z] Closed, reconnecting...
[2026-07-25T17:19:14.240Z] Connecting to xiaozhi edu MCP...
[2026-07-25T17:19:14.521Z] Connected!
[2026-07-25T17:19:14.701Z] Closed, reconnecting...
[2026-07-25T17:19:16.821Z] Connecting to xiaozhi edu MCP...
[2026-07-25T17:19:17.081Z] Connected!
[2026-07-25T17:19:17.242Z] Closed, reconnecting...
[2026-07-25T17:19:19.703Z] Connecting to xiaozhi edu MCP...
[2026-07-25T17:19:19.969Z] Connected!
[2026-07-25T17:19:20.138Z] Closed, reconnecting...
[2026-07-25T17:19:22.245Z] Connecting to xiaozhi edu MCP...
[2026-07-25T17:19:22.503Z] Connected!
[2026-07-25T17:19:22.665Z] Closed, reconnecting...
[2026-07-25T17:19:25.139Z] Connecting to xiaozhi edu MCP...
[2026-07-25T17:19:25.391Z] Connected!
[2026-07-25T17:19:25.556Z] Closed, reconnecting...
[2026-07-25T17:19:27.666Z] Connecting to xiaozhi edu MCP...
[2026-07-25T17:19:27.914Z] Connected!
[2026-07-25T17:19:28.068Z] Closed, reconnecting...
[2026-07-25T17:19:30.559Z] Connecting to xiaozhi edu MCP...
[2026-07-25T17:19:30.825Z] Connected!
[2026-07-25T17:19:30.996Z] Closed, reconnecting...
[2026-07-25T17:19:33.070Z] Connecting to xiaozhi edu MCP...
[2026-07-25T17:19:33.331Z] Connected!
[2026-07-25T17:19:33.500Z] Closed, reconnecting...
[2026-07-25T17:19:35.998Z] Connecting to xiaozhi edu MCP...
[2026-07-25T17:19:36.257Z] Connected!
[2026-07-25T17:19:36.422Z] Closed, reconnecting...
[2026-07-25T17:19:38.503Z] Connecting to xiaozhi edu MCP...
[2026-07-25T17:19:38.753Z] Connected!
[2026-07-25T17:19:38.909Z] Closed, reconnecting...
[2026-07-25T17:19:41.422Z] Connecting to xiaozhi edu MCP...
[2026-07-25T17:19:41.688Z] Connected!
[2026-07-25T17:19:41.860Z] Closed, reconnecting...
[2026-07-25T17:19:43.910Z] Connecting to xiaozhi edu MCP...
[2026-07-25T17:19:44.148Z] Connected!
[2026-07-25T17:19:44.305Z] Closed, reconnecting...
[2026-07-25T17:19:46.862Z] Connecting to xiaozhi edu MCP...
[2026-07-25T17:19:47.122Z] Connected!
[2026-07-25T17:19:47.285Z] Closed, reconnecting...
[2026-07-25T17:19:49.308Z] Connecting to xiaozhi edu MCP...
[2026-07-25T17:19:49.558Z] Connected!
[2026-07-25T17:19:49.708Z] Closed, reconnecting...
[2026-07-25T17:19:52.288Z] Connecting to xiaozhi edu MCP...
[2026-07-25T17:19:52.524Z] Connected!
[2026-07-25T17:19:52.676Z] Closed, reconnecting...
[2026-07-25T17:19:54.708Z] Connecting to xiaozhi edu MCP...
[2026-07-25T17:19:54.953Z] Connected!
[2026-07-25T17:19:55.110Z] Closed, reconnecting...
[2026-07-25T17:19:57.679Z] Connecting to xiaozhi edu MCP...
[2026-07-25T17:19:57.951Z] Connected!
[2026-07-25T17:19:58.127Z] Closed, reconnecting...
[2026-07-25T17:20:00.113Z] Connecting to xiaozhi edu MCP...
[2026-07-25T17:20:00.367Z] Connected!
[2026-07-25T17:20:00.539Z] Closed, reconnecting...
[2026-07-25T17:20:03.129Z] Connecting to xiaozhi edu MCP...
[2026-07-25T17:20:03.380Z] Connected!
[2026-07-25T17:20:03.533Z] Closed, reconnecting...
[2026-07-25T17:20:05.542Z] Connecting to xiaozhi edu MCP...
[2026-07-25T17:20:05.806Z] Connected!
[2026-07-25T17:20:05.975Z] Closed, reconnecting...
[2026-07-25T17:20:08.536Z] Connecting to xiaozhi edu MCP...
[2026-07-25T17:20:08.790Z] Connected!
[2026-07-25T17:20:08.955Z] Closed, reconnecting...
[2026-07-25T17:20:10.976Z] Connecting to xiaozhi edu MCP...
[2026-07-25T17:20:11.236Z] Connected!
[2026-07-25T17:20:11.398Z] Closed, reconnecting...
[2026-07-25T17:20:13.955Z] Connecting to xiaozhi edu MCP...
[2026-07-25T17:20:14.208Z] Connected!
[2026-07-25T17:20:14.373Z] Closed, reconnecting...
[2026-07-25T17:20:16.400Z] Connecting to xiaozhi edu MCP...
[2026-07-25T17:20:16.658Z] Connected!
[2026-07-25T17:20:16.820Z] Closed, reconnecting...
[2026-07-25T17:20:19.376Z] Connecting to xiaozhi edu MCP...
[2026-07-25T17:20:19.609Z] Connected!
[2026-07-25T17:20:19.759Z] Closed, reconnecting...
[2026-07-25T17:20:21.821Z] Connecting to xiaozhi edu MCP...
[2026-07-25T17:20:22.072Z] Connected!
[2026-07-25T17:20:22.231Z] Closed, reconnecting...
[2026-07-25T17:20:24.761Z] Connecting to xiaozhi edu MCP...
[2026-07-25T17:20:25.067Z] Connected!
[2026-07-25T17:20:25.223Z] Closed, reconnecting...
[2026-07-25T17:20:27.234Z] Connecting to xiaozhi edu MCP...
[2026-07-25T17:20:27.476Z] Connected!
[2026-07-25T17:20:27.631Z] Closed, reconnecting...
[2026-07-25T17:20:30.225Z] Connecting to xiaozhi edu MCP...
[2026-07-25T17:20:30.484Z] Connected!
[2026-07-25T17:20:30.651Z] Closed, reconnecting...
[2026-07-25T17:20:32.633Z] Connecting to xiaozhi edu MCP...
[2026-07-25T17:20:32.897Z] Connected!
[2026-07-25T17:20:33.060Z] Closed, reconnecting...
[2026-07-25T17:20:35.654Z] Connecting to xiaozhi edu MCP...
[2026-07-25T17:20:35.893Z] Connected!
[2026-07-25T17:20:36.053Z] Closed, reconnecting...
[2026-07-25T17:20:38.062Z] Connecting to xiaozhi edu MCP...
[2026-07-25T17:20:38.323Z] Connected!
[2026-07-25T17:20:38.482Z] Closed, reconnecting...
[2026-07-25T17:20:41.054Z] Connecting to xiaozhi edu MCP...
[2026-07-25T17:20:41.308Z] Connected!
[2026-07-25T17:20:41.476Z] Closed, reconnecting...
[2026-07-25T17:20:43.484Z] Connecting to xiaozhi edu MCP...
[2026-07-25T17:20:43.749Z] Connected!
[2026-07-25T17:20:43.914Z] Closed, reconnecting...
[2026-07-25T17:20:46.479Z] Connecting to xiaozhi edu MCP...
[2026-07-25T17:20:46.736Z] Connected!
[2026-07-25T17:20:46.897Z] Closed, reconnecting...
[2026-07-25T17:20:48.916Z] Connecting to xiaozhi edu MCP...
[2026-07-25T17:20:49.193Z] Connected!
[2026-07-25T17:20:49.361Z] Closed, reconnecting...
[2026-07-25T17:20:51.899Z] Connecting to xiaozhi edu MCP...
[2026-07-25T17:20:52.162Z] Connected!
[2026-07-25T17:20:52.322Z] Closed, reconnecting...
[2026-07-25T17:20:54.362Z] Connecting to xiaozhi edu MCP...
[2026-07-25T17:20:54.614Z] Connected!
[2026-07-25T17:20:54.772Z] Closed, reconnecting...
[2026-07-25T17:20:57.325Z] Connecting to xiaozhi edu MCP...
[2026-07-25T17:20:57.577Z] Connected!
[2026-07-25T17:20:57.744Z] Closed, reconnecting...
[2026-07-25T17:20:59.773Z] Connecting to xiaozhi edu MCP...
[2026-07-25T17:21:00.024Z] Connected!
[2026-07-25T17:21:00.176Z] Closed, reconnecting...
[2026-07-25T17:21:02.746Z] Connecting to xiaozhi edu MCP...
[2026-07-25T17:21:02.997Z] Connected!
[2026-07-25T17:21:03.151Z] Closed, reconnecting...
[2026-07-25T17:21:05.178Z] Connecting to xiaozhi edu MCP...
[2026-07-25T17:21:05.418Z] Connected!
[2026-07-25T17:21:05.572Z] Closed, reconnecting...
[2026-07-25T17:21:08.153Z] Connecting to xiaozhi edu MCP...
[2026-07-25T17:21:08.422Z] Connected!
[2026-07-25T17:21:08.598Z] Closed, reconnecting...
[2026-07-25T17:21:10.574Z] Connecting to xiaozhi edu MCP...
[2026-07-25T17:21:10.844Z] Connected!
[2026-07-25T17:21:11.010Z] Closed, reconnecting...
[2026-07-25T17:21:13.600Z] Connecting to xiaozhi edu MCP...
[2026-07-25T17:21:13.845Z] Connected!
[2026-07-25T17:21:14.011Z] Closed, reconnecting...
[2026-07-25T17:21:16.012Z] Connecting to xiaozhi edu MCP...
[2026-07-25T17:21:16.270Z] Connected!
[2026-07-25T17:21:16.432Z] Closed, reconnecting...
[2026-07-25T17:21:19.012Z] Connecting to xiaozhi edu MCP...
[2026-07-25T17:21:19.279Z] Connected!
[2026-07-25T17:21:19.448Z] Closed, reconnecting...
[2026-07-25T17:21:21.434Z] Connecting to xiaozhi edu MCP...
[2026-07-25T17:21:21.689Z] Connected!
[2026-07-25T17:21:21.846Z] Closed, reconnecting...
[2026-07-25T17:21:24.451Z] Connecting to xiaozhi edu MCP...
[2026-07-25T17:21:24.692Z] Connected!
[2026-07-25T17:21:24.846Z] Closed, reconnecting...
[2026-07-25T17:21:26.849Z] Connecting to xiaozhi edu MCP...
[2026-07-25T17:21:27.098Z] Connected!
[2026-07-25T17:21:27.256Z] Closed, reconnecting...
[2026-07-25T17:21:29.848Z] Connecting to xiaozhi edu MCP...
[2026-07-25T17:21:30.117Z] Connected!
[2026-07-25T17:21:30.289Z] Closed, reconnecting...
[2026-07-25T17:21:32.258Z] Connecting to xiaozhi edu MCP...
[2026-07-25T17:21:32.493Z] Connected!
[2026-07-25T17:21:32.648Z] Closed, reconnecting...
[2026-07-25T17:21:35.291Z] Connecting to xiaozhi edu MCP...
[2026-07-25T17:21:35.509Z] Connected!
[2026-07-25T17:21:35.652Z] Closed, reconnecting...
[2026-07-25T17:21:37.651Z] Connecting to xiaozhi edu MCP...
[2026-07-25T17:21:37.926Z] Connected!
[2026-07-25T17:21:38.097Z] Closed, reconnecting...
[2026-07-25T17:21:40.652Z] Connecting to xiaozhi edu MCP...
[2026-07-25T17:21:40.901Z] Connected!
[2026-07-25T17:21:41.060Z] Closed, reconnecting...
[2026-07-25T17:21:43.100Z] Connecting to xiaozhi edu MCP...
[2026-07-25T17:21:43.359Z] Connected!
[2026-07-25T17:21:43.525Z] Closed, reconnecting...
[2026-07-25T17:21:46.062Z] Connecting to xiaozhi edu MCP...
[2026-07-25T17:21:46.337Z] Connected!
[2026-07-25T17:21:46.503Z] Closed, reconnecting...
[2026-07-25T17:21:48.527Z] Connecting to xiaozhi edu MCP...
[2026-07-25T17:21:48.772Z] Connected!
[2026-07-25T17:21:48.923Z] Closed, reconnecting...
[2026-07-25T17:21:51.505Z] Connecting to xiaozhi edu MCP...
[2026-07-25T17:21:51.751Z] Connected!
[2026-07-25T17:21:51.910Z] Closed, reconnecting...
[2026-07-25T17:21:53.924Z] Connecting to xiaozhi edu MCP...
[2026-07-25T17:21:54.181Z] Connected!
[2026-07-25T17:21:54.338Z] Closed, reconnecting...
[2026-07-25T17:21:56.912Z] Connecting to xiaozhi edu MCP...
[2026-07-25T17:21:57.163Z] Connected!
[2026-07-25T17:21:57.320Z] Closed, reconnecting...
[2026-07-25T17:21:59.341Z] Connecting to xiaozhi edu MCP...
[2026-07-25T17:21:59.586Z] Connected!
[2026-07-25T17:21:59.738Z] Closed, reconnecting...
[2026-07-25T17:22:02.320Z] Connecting to xiaozhi edu MCP...
[2026-07-25T17:22:02.552Z] Connected!
[2026-07-25T17:22:02.699Z] Closed, reconnecting...
[2026-07-25T17:22:04.740Z] Connecting to xiaozhi edu MCP...
[2026-07-25T17:22:05.024Z] Connected!
[2026-07-25T17:22:05.194Z] Closed, reconnecting...
[2026-07-25T17:22:07.701Z] Connecting to xiaozhi edu MCP...
[2026-07-25T17:22:07.956Z] Connected!
[2026-07-25T17:22:08.120Z] Closed, reconnecting...
[2026-07-25T17:22:10.195Z] Connecting to xiaozhi edu MCP...
[2026-07-25T17:22:10.436Z] Connected!
[2026-07-25T17:22:10.591Z] Closed, reconnecting...
[2026-07-25T17:22:13.122Z] Connecting to xiaozhi edu MCP...
[2026-07-25T17:22:13.389Z] Connected!
[2026-07-25T17:22:13.551Z] Closed, reconnecting...
[2026-07-25T17:22:15.594Z] Connecting to xiaozhi edu MCP...
[2026-07-25T17:22:15.837Z] Connected!
[2026-07-25T17:22:16.001Z] Closed, reconnecting...
[2026-07-25T17:22:18.551Z] Connecting to xiaozhi edu MCP...
[2026-07-25T17:22:18.807Z] Connected!
[2026-07-25T17:22:18.973Z] Closed, reconnecting...
[2026-07-25T17:22:21.001Z] Connecting to xiaozhi edu MCP...
[2026-07-25T17:22:21.253Z] Connected!
[2026-07-25T17:22:21.424Z] Closed, reconnecting...
[2026-07-25T17:22:23.973Z] Connecting to xiaozhi edu MCP...
[2026-07-25T17:22:24.229Z] Connected!
[2026-07-25T17:22:24.386Z] Closed, reconnecting...
[2026-07-25T17:22:26.427Z] Connecting to xiaozhi edu MCP...
[2026-07-25T17:22:26.707Z] Connected!
[2026-07-25T17:22:26.873Z] Closed, reconnecting...
[2026-07-25T17:22:29.388Z] Connecting to xiaozhi edu MCP...
[2026-07-25T17:22:29.657Z] Connected!
[2026-07-25T17:22:29.827Z] Closed, reconnecting...
[2026-07-25T17:22:31.874Z] Connecting to xiaozhi edu MCP...
[2026-07-25T17:22:32.118Z] Connected!
[2026-07-25T17:22:32.274Z] Closed, reconnecting...
[2026-07-25T17:22:34.829Z] Connecting to xiaozhi edu MCP...
[2026-07-25T17:22:35.089Z] Connected!
[2026-07-25T17:22:35.240Z] Closed, reconnecting...
[2026-07-25T17:22:37.276Z] Connecting to xiaozhi edu MCP...
[2026-07-25T17:22:37.522Z] Connected!
[2026-07-25T17:22:37.679Z] Closed, reconnecting...
[2026-07-25T17:22:40.242Z] Connecting to xiaozhi edu MCP...
[2026-07-25T17:22:40.495Z] Connected!
[2026-07-25T17:22:40.655Z] Closed, reconnecting...
[2026-07-25T17:22:42.682Z] Connecting to xiaozhi edu MCP...
[2026-07-25T17:22:42.916Z] Connected!
[2026-07-25T17:22:43.070Z] Closed, reconnecting...
[2026-07-25T17:22:45.655Z] Connecting to xiaozhi edu MCP...
[2026-07-25T17:22:45.907Z] Connected!
[2026-07-25T17:22:46.071Z] Closed, reconnecting...
[2026-07-25T17:22:48.072Z] Connecting to xiaozhi edu MCP...
[2026-07-25T17:22:48.324Z] Connected!
[2026-07-25T17:22:48.480Z] Closed, reconnecting...
[2026-07-25T17:22:51.071Z] Connecting to xiaozhi edu MCP...
[2026-07-25T17:22:51.331Z] Connected!
[2026-07-25T17:22:51.495Z] Closed, reconnecting...
[2026-07-25T17:22:53.482Z] Connecting to xiaozhi edu MCP...
[2026-07-25T17:22:53.725Z] Connected!
[2026-07-25T17:22:53.886Z] Closed, reconnecting...
[2026-07-25T17:22:56.495Z] Connecting to xiaozhi edu MCP...
[2026-07-25T17:22:56.732Z] Connected!
[2026-07-25T17:22:56.897Z] Closed, reconnecting...
[2026-07-25T17:22:58.888Z] Connecting to xiaozhi edu MCP...
[2026-07-25T17:22:59.154Z] Connected!
[2026-07-25T17:22:59.319Z] Closed, reconnecting...
[2026-07-25T17:23:01.899Z] Connecting to xiaozhi edu MCP...
[2026-07-25T17:23:02.159Z] Connected!
[2026-07-25T17:23:02.321Z] Closed, reconnecting...
[2026-07-25T17:23:04.321Z] Connecting to xiaozhi edu MCP...
[2026-07-25T17:23:04.568Z] Connected!
[2026-07-25T17:23:04.727Z] Closed, reconnecting...
[2026-07-25T17:23:07.323Z] Connecting to xiaozhi edu MCP...
[2026-07-25T17:23:07.567Z] Connected!
[2026-07-25T17:23:07.714Z] Closed, reconnecting...
[2026-07-25T17:23:09.728Z] Connecting to xiaozhi edu MCP...
[2026-07-25T17:23:10.009Z] Connected!
[2026-07-25T17:23:10.174Z] Closed, reconnecting...
[2026-07-25T17:23:12.716Z] Connecting to xiaozhi edu MCP...
[2026-07-25T17:23:12.950Z] Connected!
[2026-07-25T17:23:13.103Z] Closed, reconnecting...
[2026-07-25T17:23:15.177Z] Connecting to xiaozhi edu MCP...
[2026-07-25T17:23:15.436Z] Connected!
[2026-07-25T17:23:15.596Z] Closed, reconnecting...
[2026-07-25T17:23:18.104Z] Connecting to xiaozhi edu MCP...
[2026-07-25T17:23:18.363Z] Connected!
[2026-07-25T17:23:18.527Z] Closed, reconnecting...
[2026-07-25T17:23:20.597Z] Connecting to xiaozhi edu MCP...
[2026-07-25T17:23:20.836Z] Connected!
[2026-07-25T17:23:20.989Z] Closed, reconnecting...
[2026-07-25T17:23:23.529Z] Connecting to xiaozhi edu MCP...
[2026-07-25T17:23:23.799Z] Connected!
[2026-07-25T17:23:23.954Z] Closed, reconnecting...
[2026-07-25T17:23:25.991Z] Connecting to xiaozhi edu MCP...
[2026-07-25T17:23:26.254Z] Connected!
[2026-07-25T17:23:26.422Z] Closed, reconnecting...
[2026-07-25T17:23:28.956Z] Connecting to xiaozhi edu MCP...
[2026-07-25T17:23:29.179Z] Connected!
[2026-07-25T17:23:29.324Z] Closed, reconnecting...
[2026-07-25T17:23:31.422Z] Connecting to xiaozhi edu MCP...
[2026-07-25T17:23:31.681Z] Connected!
[2026-07-25T17:23:31.848Z] Closed, reconnecting...
[2026-07-25T17:23:34.325Z] Connecting to xiaozhi edu MCP...
[2026-07-25T17:23:34.603Z] Connected!
[2026-07-25T17:23:34.780Z] Closed, reconnecting...
[2026-07-25T17:23:36.849Z] Connecting to xiaozhi edu MCP...
[2026-07-25T17:23:37.096Z] Connected!
[2026-07-25T17:23:37.255Z] Closed, reconnecting...
[2026-07-25T17:23:39.782Z] Connecting to xiaozhi edu MCP...
[2026-07-25T17:23:40.029Z] Connected!
[2026-07-25T17:23:40.186Z] Closed, reconnecting...
[2026-07-25T17:23:42.256Z] Connecting to xiaozhi edu MCP...
[2026-07-25T17:23:42.518Z] Connected!
[2026-07-25T17:23:42.692Z] Closed, reconnecting...
[2026-07-25T17:23:45.188Z] Connecting to xiaozhi edu MCP...
[2026-07-25T17:23:45.451Z] Connected!
[2026-07-25T17:23:45.630Z] Closed, reconnecting...
[2026-07-25T17:23:47.695Z] Connecting to xiaozhi edu MCP...
[2026-07-25T17:23:47.941Z] Connected!
[2026-07-25T17:23:48.107Z] Closed, reconnecting...
[2026-07-25T17:23:50.632Z] Connecting to xiaozhi edu MCP...
[2026-07-25T17:23:50.905Z] Connected!
[2026-07-25T17:23:51.071Z] Closed, reconnecting...
[2026-07-25T17:23:53.110Z] Connecting to xiaozhi edu MCP...
[2026-07-25T17:23:53.353Z] Connected!
[2026-07-25T17:23:53.505Z] Closed, reconnecting...
[2026-07-25T17:23:56.072Z] Connecting to xiaozhi edu MCP...
[2026-07-25T17:23:56.344Z] Connected!
[2026-07-25T17:23:56.501Z] Closed, reconnecting...
[2026-07-25T17:23:58.506Z] Connecting to xiaozhi edu MCP...
[2026-07-25T17:23:58.753Z] Connected!
[2026-07-25T17:23:58.914Z] Closed, reconnecting...
[2026-07-25T17:24:01.504Z] Connecting to xiaozhi edu MCP...
[2026-07-25T17:24:01.759Z] Connected!
[2026-07-25T17:24:01.917Z] Closed, reconnecting...
[2026-07-25T17:24:03.915Z] Connecting to xiaozhi edu MCP...
[2026-07-25T17:24:04.237Z] Connected!
[2026-07-25T17:24:04.402Z] Closed, reconnecting...
[2026-07-25T17:24:06.920Z] Connecting to xiaozhi edu MCP...
[2026-07-25T17:24:07.171Z] Connected!
[2026-07-25T17:24:07.324Z] Closed, reconnecting...
[2026-07-25T17:24:09.405Z] Connecting to xiaozhi edu MCP...
[2026-07-25T17:24:09.664Z] Connected!
[2026-07-25T17:24:09.830Z] Closed, reconnecting...
[2026-07-25T17:24:12.324Z] Connecting to xiaozhi edu MCP...
[2026-07-25T17:24:12.603Z] Connected!
[2026-07-25T17:24:12.777Z] Closed, reconnecting...
[2026-07-25T17:24:14.831Z] Connecting to xiaozhi edu MCP...
[2026-07-25T17:24:15.090Z] Connected!
[2026-07-25T17:24:15.252Z] Closed, reconnecting...
[2026-07-25T17:24:17.778Z] Connecting to xiaozhi edu MCP...
[2026-07-25T17:24:18.043Z] Connected!
[2026-07-25T17:24:18.200Z] Closed, reconnecting...
[2026-07-25T17:24:20.254Z] Connecting to xiaozhi edu MCP...
[2026-07-25T17:24:20.471Z] Connected!
[2026-07-25T17:24:20.626Z] Closed, reconnecting...
[2026-07-25T17:24:23.202Z] Connecting to xiaozhi edu MCP...
[2026-07-25T17:24:23.455Z] Connected!
[2026-07-25T17:24:23.614Z] Closed, reconnecting...
[2026-07-25T17:24:25.628Z] Connecting to xiaozhi edu MCP...
[2026-07-25T17:24:27.010Z] Connected!
[2026-07-25T17:24:27.162Z] Closed, reconnecting...
[2026-07-25T17:24:28.617Z] Connecting to xiaozhi edu MCP...
[2026-07-25T17:24:28.879Z] Connected!
[2026-07-25T17:24:29.031Z] Closed, reconnecting...
[2026-07-25T17:24:32.164Z] Connecting to xiaozhi edu MCP...
[2026-07-25T17:24:32.427Z] Connected!
[2026-07-25T17:24:32.597Z] Closed, reconnecting...
[2026-07-25T17:24:34.034Z] Connecting to xiaozhi edu MCP...
[2026-07-25T17:24:34.296Z] Connected!
[2026-07-25T17:24:34.466Z] Closed, reconnecting...
[2026-07-25T17:24:37.598Z] Connecting to xiaozhi edu MCP...
[2026-07-25T17:24:37.861Z] Connected!
[2026-07-25T17:24:38.023Z] Closed, reconnecting...
[2026-07-25T17:24:39.468Z] Connecting to xiaozhi edu MCP...
[2026-07-25T17:24:39.707Z] Connected!
[2026-07-25T17:24:39.865Z] Closed, reconnecting...
[2026-07-25T17:24:43.026Z] Connecting to xiaozhi edu MCP...
[2026-07-25T17:24:43.264Z] Connected!
[2026-07-25T17:24:43.417Z] Closed, reconnecting...
[2026-07-25T17:24:44.867Z] Connecting to xiaozhi edu MCP...
[2026-07-25T17:24:45.119Z] Connected!
[2026-07-25T17:24:45.275Z] Closed, reconnecting...
[2026-07-25T17:24:48.418Z] Connecting to xiaozhi edu MCP...
[2026-07-25T17:24:48.663Z] Connected!
[2026-07-25T17:24:48.816Z] Closed, reconnecting...
[2026-07-25T17:24:50.275Z] Connecting to xiaozhi edu MCP...
[2026-07-25T17:24:50.536Z] Connected!
[2026-07-25T17:24:50.703Z] Closed, reconnecting...
[2026-07-25T17:24:53.819Z] Connecting to xiaozhi edu MCP...
[2026-07-25T17:24:54.079Z] Connected!
[2026-07-25T17:24:54.240Z] Closed, reconnecting...
[2026-07-25T17:24:55.706Z] Connecting to xiaozhi edu MCP...
[2026-07-25T17:24:55.966Z] Connected!
[2026-07-25T17:24:56.127Z] Closed, reconnecting...
[2026-07-25T17:24:59.241Z] Connecting to xiaozhi edu MCP...
[2026-07-25T17:24:59.483Z] Connected!
[2026-07-25T17:24:59.633Z] Closed, reconnecting...
[2026-07-25T17:25:01.129Z] Connecting to xiaozhi edu MCP...
[2026-07-25T17:25:01.381Z] Connected!
[2026-07-25T17:25:01.541Z] Closed, reconnecting...
[2026-07-25T17:25:04.634Z] Connecting to xiaozhi edu MCP...
[2026-07-25T17:25:04.907Z] Connected!
[2026-07-25T17:25:05.078Z] Closed, reconnecting...
[2026-07-25T17:25:06.543Z] Connecting to xiaozhi edu MCP...
[2026-07-25T17:25:06.797Z] Connected!
[2026-07-25T17:25:06.961Z] Closed, reconnecting...
[2026-07-25T17:25:10.080Z] Connecting to xiaozhi edu MCP...
[2026-07-25T17:25:10.331Z] Connected!
[2026-07-25T17:25:10.491Z] Closed, reconnecting...
[2026-07-25T17:25:11.962Z] Connecting to xiaozhi edu MCP...
[2026-07-25T17:25:12.248Z] Connected!
[2026-07-25T17:25:12.421Z] Closed, reconnecting...
[2026-07-25T17:25:15.494Z] Connecting to xiaozhi edu MCP...
[2026-07-25T17:25:15.735Z] Connected!
[2026-07-25T17:25:15.885Z] Closed, reconnecting...
[2026-07-25T17:25:17.421Z] Connecting to xiaozhi edu MCP...
[2026-07-25T17:25:17.675Z] Connected!
[2026-07-25T17:25:17.834Z] Closed, reconnecting...
[2026-07-25T17:25:20.886Z] Connecting to xiaozhi edu MCP...
[2026-07-25T17:25:21.161Z] Connected!
[2026-07-25T17:25:21.333Z] Closed, reconnecting...
[2026-07-25T17:25:22.834Z] Connecting to xiaozhi edu MCP...
[2026-07-25T17:25:23.067Z] Connected!
[2026-07-25T17:25:23.217Z] Closed, reconnecting...
[2026-07-25T17:25:26.335Z] Connecting to xiaozhi edu MCP...
[2026-07-25T17:25:26.595Z] Connected!
[2026-07-25T17:25:26.752Z] Closed, reconnecting...
[2026-07-25T17:25:28.220Z] Connecting to xiaozhi edu MCP...
[2026-07-25T17:25:28.468Z] Connected!
[2026-07-25T17:25:28.618Z] Closed, reconnecting...
[2026-07-25T17:25:31.754Z] Connecting to xiaozhi edu MCP...
[2026-07-25T17:25:32.059Z] Connected!
[2026-07-25T17:25:32.270Z] Closed, reconnecting...
[2026-07-25T17:25:33.620Z] Connecting to xiaozhi edu MCP...
[2026-07-25T17:25:33.908Z] Connected!
[2026-07-25T17:25:34.087Z] Closed, reconnecting...
[2026-07-25T17:25:37.270Z] Connecting to xiaozhi edu MCP...
[2026-07-25T17:25:37.554Z] Connected!
[2026-07-25T17:25:37.749Z] Closed, reconnecting...
[2026-07-25T17:25:39.089Z] Connecting to xiaozhi edu MCP...
[2026-07-25T17:25:39.355Z] Connected!
[2026-07-25T17:25:39.522Z] Closed, reconnecting...
[2026-07-25T17:25:42.751Z] Connecting to xiaozhi edu MCP...
[2026-07-25T17:25:43.047Z] Connected!
[2026-07-25T17:25:43.287Z] Closed, reconnecting...
[2026-07-25T17:25:44.524Z] Connecting to xiaozhi edu MCP...
[2026-07-25T17:25:44.813Z] Connected!
[2026-07-25T17:25:44.979Z] Closed, reconnecting...
[2026-07-25T17:25:48.288Z] Connecting to xiaozhi edu MCP...
[2026-07-25T17:25:48.527Z] Connected!
[2026-07-25T17:25:48.821Z] Closed, reconnecting...
[2026-07-25T17:25:49.981Z] Connecting to xiaozhi edu MCP...
[2026-07-25T17:25:50.245Z] Connected!
[2026-07-25T17:25:50.405Z] Closed, reconnecting...
[2026-07-25T17:25:53.824Z] Connecting to xiaozhi edu MCP...
[2026-07-25T17:25:54.086Z] Connected!
[2026-07-25T17:25:54.253Z] Closed, reconnecting...
[2026-07-25T17:25:55.407Z] Connecting to xiaozhi edu MCP...
[2026-07-25T17:25:55.663Z] Connected!
[2026-07-25T17:25:55.817Z] Closed, reconnecting...
[2026-07-25T17:25:59.255Z] Connecting to xiaozhi edu MCP...
[2026-07-25T17:25:59.506Z] Connected!
[2026-07-25T17:25:59.665Z] Closed, reconnecting...
[2026-07-25T17:26:00.819Z] Connecting to xiaozhi edu MCP...
[2026-07-25T17:26:01.081Z] Connected!
[2026-07-25T17:26:01.243Z] Closed, reconnecting...
[2026-07-25T17:26:04.668Z] Connecting to xiaozhi edu MCP...
[2026-07-25T17:26:04.938Z] Connected!
[2026-07-25T17:26:05.113Z] Closed, reconnecting...
[2026-07-25T17:26:06.245Z] Connecting to xiaozhi edu MCP...
[2026-07-25T17:26:06.507Z] Connected!
[2026-07-25T17:26:06.666Z] Closed, reconnecting...
[2026-07-25T17:26:10.115Z] Connecting to xiaozhi edu MCP...
[2026-07-25T17:26:10.358Z] Connected!
[2026-07-25T17:26:10.518Z] Closed, reconnecting...
[2026-07-25T17:26:11.668Z] Connecting to xiaozhi edu MCP...
[2026-07-25T17:26:11.927Z] Connected!
[2026-07-25T17:26:12.086Z] Closed, reconnecting...
[2026-07-25T17:26:15.519Z] Connecting to xiaozhi edu MCP...
[2026-07-25T17:26:15.765Z] Connected!
[2026-07-25T17:26:15.925Z] Closed, reconnecting...
[2026-07-25T17:26:17.088Z] Connecting to xiaozhi edu MCP...
[2026-07-25T17:26:17.339Z] Connected!
[2026-07-25T17:26:17.492Z] Closed, reconnecting...
[2026-07-25T17:26:20.926Z] Connecting to xiaozhi edu MCP...
[2026-07-25T17:26:21.163Z] Connected!
[2026-07-25T17:26:21.315Z] Closed, reconnecting...
[2026-07-25T17:26:22.493Z] Connecting to xiaozhi edu MCP...
[2026-07-25T17:26:22.766Z] Connected!
[2026-07-25T17:26:22.930Z] Closed, reconnecting...
[2026-07-25T17:26:26.317Z] Connecting to xiaozhi edu MCP...
[2026-07-25T17:26:26.588Z] Connected!
[2026-07-25T17:26:26.763Z] Closed, reconnecting...
[2026-07-25T17:26:27.932Z] Connecting to xiaozhi edu MCP...
[2026-07-25T17:26:28.186Z] Connected!
[2026-07-25T17:26:28.351Z] Closed, reconnecting...
[2026-07-25T17:26:31.765Z] Connecting to xiaozhi edu MCP...
[2026-07-25T17:26:32.008Z] Connected!
[2026-07-25T17:26:32.172Z] Closed, reconnecting...
[2026-07-25T17:26:33.353Z] Connecting to xiaozhi edu MCP...
[2026-07-25T17:26:33.612Z] Connected!
[2026-07-25T17:26:33.776Z] Closed, reconnecting...
[2026-07-25T17:26:37.174Z] Connecting to xiaozhi edu MCP...
[2026-07-25T17:26:37.414Z] Connected!
[2026-07-25T17:26:37.568Z] Closed, reconnecting...
[2026-07-25T17:26:38.777Z] Connecting to xiaozhi edu MCP...
[2026-07-25T17:26:39.039Z] Connected!
[2026-07-25T17:26:39.208Z] Closed, reconnecting...
[2026-07-25T17:26:42.570Z] Connecting to xiaozhi edu MCP...
[2026-07-25T17:26:42.840Z] Connected!
[2026-07-25T17:26:43.002Z] Closed, reconnecting...
[2026-07-25T17:26:44.210Z] Connecting to xiaozhi edu MCP...
[2026-07-25T17:26:44.437Z] Connected!
[2026-07-25T17:26:44.575Z] Closed, reconnecting...
[2026-07-25T17:26:48.004Z] Connecting to xiaozhi edu MCP...
[2026-07-25T17:26:48.261Z] Connected!
[2026-07-25T17:26:48.419Z] Closed, reconnecting...
[2026-07-25T17:26:49.577Z] Connecting to xiaozhi edu MCP...
[2026-07-25T17:26:49.838Z] Connected!
[2026-07-25T17:26:50.006Z] Closed, reconnecting...
[2026-07-25T17:26:53.421Z] Connecting to xiaozhi edu MCP...
[2026-07-25T17:26:53.683Z] Connected!
[2026-07-25T17:26:53.848Z] Closed, reconnecting...
[2026-07-25T17:26:55.008Z] Connecting to xiaozhi edu MCP...
[2026-07-25T17:26:55.260Z] Connected!
[2026-07-25T17:26:55.418Z] Closed, reconnecting...
[2026-07-25T17:26:58.851Z] Connecting to xiaozhi edu MCP...
[2026-07-25T17:26:59.107Z] Connected!
[2026-07-25T17:26:59.277Z] Closed, reconnecting...
[2026-07-25T17:27:00.420Z] Connecting to xiaozhi edu MCP...
[2026-07-25T17:27:00.678Z] Connected!
[2026-07-25T17:27:00.834Z] Closed, reconnecting...
[2026-07-25T17:27:04.279Z] Connecting to xiaozhi edu MCP...
[2026-07-25T17:27:04.522Z] Connected!
[2026-07-25T17:27:04.677Z] Closed, reconnecting...
[2026-07-25T17:27:05.836Z] Connecting to xiaozhi edu MCP...
[2026-07-25T17:27:06.117Z] Connected!
[2026-07-25T17:27:06.283Z] Closed, reconnecting...
[2026-07-25T17:27:09.679Z] Connecting to xiaozhi edu MCP...
[2026-07-25T17:27:09.925Z] Connected!
[2026-07-25T17:27:10.084Z] Closed, reconnecting...
[2026-07-25T17:27:11.285Z] Connecting to xiaozhi edu MCP...
[2026-07-25T17:27:11.524Z] Connected!
[2026-07-25T17:27:11.680Z] Closed, reconnecting...
[2026-07-25T17:27:15.086Z] Connecting to xiaozhi edu MCP...
[2026-07-25T17:27:15.340Z] Connected!
[2026-07-25T17:27:15.498Z] Closed, reconnecting...
[2026-07-25T17:27:16.682Z] Connecting to xiaozhi edu MCP...
[2026-07-25T17:27:16.962Z] Connected!
[2026-07-25T17:27:17.114Z] Closed, reconnecting...
[2026-07-25T17:27:20.500Z] Connecting to xiaozhi edu MCP...
[2026-07-25T17:27:20.746Z] Connected!
[2026-07-25T17:27:20.902Z] Closed, reconnecting...
[2026-07-25T17:27:22.116Z] Connecting to xiaozhi edu MCP...
[2026-07-25T17:27:22.389Z] Connected!
[2026-07-25T17:27:22.564Z] Closed, reconnecting...
[2026-07-25T17:27:25.904Z] Connecting to xiaozhi edu MCP...
[2026-07-25T17:27:26.153Z] Connected!
[2026-07-25T17:27:26.313Z] Closed, reconnecting...
[2026-07-25T17:27:27.566Z] Connecting to xiaozhi edu MCP...
[2026-07-25T17:27:27.836Z] Connected!
[2026-07-25T17:27:28.002Z] Closed, reconnecting...
[2026-07-25T17:27:31.315Z] Connecting to xiaozhi edu MCP...
[2026-07-25T17:27:31.570Z] Connected!
[2026-07-25T17:27:31.732Z] Closed, reconnecting...
[2026-07-25T17:27:33.003Z] Connecting to xiaozhi edu MCP...
[2026-07-25T17:27:33.249Z] Connected!
[2026-07-25T17:27:33.410Z] Closed, reconnecting...
[2026-07-25T17:27:36.735Z] Connecting to xiaozhi edu MCP...
[2026-07-25T17:27:36.978Z] Connected!
[2026-07-25T17:27:37.136Z] Closed, reconnecting...
[2026-07-25T17:27:38.413Z] Connecting to xiaozhi edu MCP...
[2026-07-25T17:27:38.668Z] Connected!
[2026-07-25T17:27:38.839Z] Closed, reconnecting...
[2026-07-25T17:27:42.138Z] Connecting to xiaozhi edu MCP...
[2026-07-25T17:27:42.366Z] Connected!
[2026-07-25T17:27:42.518Z] Closed, reconnecting...
[2026-07-25T17:27:43.841Z] Connecting to xiaozhi edu MCP...
[2026-07-25T17:27:44.089Z] Connected!
[2026-07-25T17:27:44.246Z] Closed, reconnecting...
[2026-07-25T17:27:47.519Z] Connecting to xiaozhi edu MCP...
[2026-07-25T17:27:47.787Z] Connected!
[2026-07-25T17:27:47.963Z] Closed, reconnecting...
[2026-07-25T17:27:49.248Z] Connecting to xiaozhi edu MCP...
[2026-07-25T17:27:49.503Z] Connected!
[2026-07-25T17:27:49.637Z] Closed, reconnecting...
[2026-07-25T17:27:52.965Z] Connecting to xiaozhi edu MCP...
[2026-07-25T17:27:53.220Z] Connected!
[2026-07-25T17:27:53.374Z] Closed, reconnecting...
[2026-07-25T17:27:54.638Z] Connecting to xiaozhi edu MCP...
[2026-07-25T17:27:54.889Z] Connected!
[2026-07-25T17:27:55.622Z] Closed, reconnecting...
[2026-07-25T17:27:58.375Z] Connecting to xiaozhi edu MCP...
[2026-07-25T17:27:58.644Z] Connected!
[2026-07-25T17:27:58.813Z] Closed, reconnecting...
[2026-07-25T17:28:00.625Z] Connecting to xiaozhi edu MCP...
[2026-07-25T17:28:00.875Z] Connected!
[2026-07-25T17:28:01.035Z] Closed, reconnecting...
[2026-07-25T17:28:03.813Z] Connecting to xiaozhi edu MCP...
[2026-07-25T17:28:04.078Z] Connected!
[2026-07-25T17:28:04.245Z] Closed, reconnecting...
[2026-07-25T17:28:06.037Z] Connecting to xiaozhi edu MCP...
[2026-07-25T17:28:06.288Z] Connected!
[2026-07-25T17:28:06.451Z] Closed, reconnecting...
[2026-07-25T17:28:09.246Z] Connecting to xiaozhi edu MCP...
[2026-07-25T17:28:09.486Z] Connected!
[2026-07-25T17:28:09.639Z] Closed, reconnecting...
[2026-07-25T17:28:11.454Z] Connecting to xiaozhi edu MCP...
[2026-07-25T17:28:11.697Z] Connected!
[2026-07-25T17:28:11.853Z] Closed, reconnecting...
[2026-07-25T17:28:14.641Z] Connecting to xiaozhi edu MCP...
[2026-07-25T17:28:14.876Z] Connected!
[2026-07-25T17:28:15.026Z] Closed, reconnecting...
[2026-07-25T17:28:16.855Z] Connecting to xiaozhi edu MCP...
[2026-07-25T17:28:17.099Z] Connected!
[2026-07-25T17:28:17.254Z] Closed, reconnecting...
[2026-07-25T17:28:20.028Z] Connecting to xiaozhi edu MCP...
[2026-07-25T17:28:20.292Z] Connected!
[2026-07-25T17:28:20.462Z] Closed, reconnecting...
[2026-07-25T17:28:22.256Z] Connecting to xiaozhi edu MCP...
[2026-07-25T17:28:22.495Z] Connected!
[2026-07-25T17:28:22.647Z] Closed, reconnecting...
[2026-07-25T17:28:25.464Z] Connecting to xiaozhi edu MCP...
[2026-07-25T17:28:25.710Z] Connected!
[2026-07-25T17:28:25.866Z] Closed, reconnecting...
[2026-07-25T17:28:27.649Z] Connecting to xiaozhi edu MCP...
[2026-07-25T17:28:27.907Z] Connected!
[2026-07-25T17:28:28.076Z] Closed, reconnecting...
[2026-07-25T17:28:30.869Z] Connecting to xiaozhi edu MCP...
[2026-07-25T17:28:31.105Z] Connected!
[2026-07-25T17:28:31.255Z] Closed, reconnecting...
[2026-07-25T17:28:33.078Z] Connecting to xiaozhi edu MCP...
[2026-07-25T17:28:33.337Z] Connected!
[2026-07-25T17:28:33.496Z] Closed, reconnecting...
[2026-07-25T17:28:36.256Z] Connecting to xiaozhi edu MCP...
[2026-07-25T17:28:36.511Z] Connected!
[2026-07-25T17:28:36.676Z] Closed, reconnecting...
[2026-07-25T17:28:38.498Z] Connecting to xiaozhi edu MCP...
[2026-07-25T17:28:38.743Z] Connected!
[2026-07-25T17:28:38.902Z] Closed, reconnecting...
[2026-07-25T17:28:41.679Z] Connecting to xiaozhi edu MCP...
[2026-07-25T17:28:41.937Z] Connected!
[2026-07-25T17:28:42.129Z] Closed, reconnecting...
[2026-07-25T17:28:43.904Z] Connecting to xiaozhi edu MCP...
[2026-07-25T17:28:44.168Z] Connected!
[2026-07-25T17:28:44.337Z] Closed, reconnecting...
[2026-07-25T17:28:47.130Z] Connecting to xiaozhi edu MCP...
[2026-07-25T17:28:47.386Z] Connected!
[2026-07-25T17:28:47.546Z] Closed, reconnecting...
[2026-07-25T17:28:49.340Z] Connecting to xiaozhi edu MCP...
[2026-07-25T17:28:49.561Z] Connected!
[2026-07-25T17:28:49.713Z] Closed, reconnecting...
[2026-07-25T17:28:52.549Z] Connecting to xiaozhi edu MCP...
[2026-07-25T17:28:52.823Z] Connected!
[2026-07-25T17:28:52.984Z] Closed, reconnecting...
[2026-07-25T17:28:54.716Z] Connecting to xiaozhi edu MCP...
[2026-07-25T17:28:54.949Z] Connected!
[2026-07-25T17:28:55.095Z] Closed, reconnecting...
[2026-07-25T17:28:57.986Z] Connecting to xiaozhi edu MCP...
[2026-07-25T17:28:58.248Z] Connected!
[2026-07-25T17:28:58.406Z] Closed, reconnecting...
[2026-07-25T17:29:00.098Z] Connecting to xiaozhi edu MCP...
[2026-07-25T17:29:00.345Z] Connected!
[2026-07-25T17:29:00.501Z] Closed, reconnecting...
[2026-07-25T17:29:03.407Z] Connecting to xiaozhi edu MCP...
[2026-07-25T17:29:03.662Z] Connected!
[2026-07-25T17:29:03.820Z] Closed, reconnecting...
[2026-07-25T17:29:05.504Z] Connecting to xiaozhi edu MCP...
[2026-07-25T17:29:05.737Z] Connected!
[2026-07-25T17:29:05.894Z] Closed, reconnecting...
[2026-07-25T17:29:08.823Z] Connecting to xiaozhi edu MCP...
[2026-07-25T17:29:09.071Z] Connected!
[2026-07-25T17:29:09.224Z] Closed, reconnecting...
[2026-07-25T17:29:10.894Z] Connecting to xiaozhi edu MCP...
[2026-07-25T17:29:11.148Z] Connected!
[2026-07-25T17:29:11.312Z] Closed, reconnecting...
[2026-07-25T17:29:14.223Z] Connecting to xiaozhi edu MCP...
[2026-07-25T17:29:14.493Z] Connected!
[2026-07-25T17:29:14.660Z] Closed, reconnecting...
[2026-07-25T17:29:16.315Z] Connecting to xiaozhi edu MCP...
[2026-07-25T17:29:16.567Z] Connected!
[2026-07-25T17:29:16.723Z] Closed, reconnecting...
[2026-07-25T17:29:19.663Z] Connecting to xiaozhi edu MCP...
[2026-07-25T17:29:19.915Z] Connected!
[2026-07-25T17:29:20.083Z] Closed, reconnecting...
[2026-07-25T17:29:21.725Z] Connecting to xiaozhi edu MCP...
[2026-07-25T17:29:21.992Z] Connected!
[2026-07-25T17:29:22.160Z] Closed, reconnecting...
[2026-07-25T17:29:25.086Z] Connecting to xiaozhi edu MCP...
[2026-07-25T17:29:25.459Z] Connected!
[2026-07-25T17:29:25.630Z] Closed, reconnecting...
[2026-07-25T17:29:27.163Z] Connecting to xiaozhi edu MCP...
[2026-07-25T17:29:27.416Z] Connected!
[2026-07-25T17:29:27.575Z] Closed, reconnecting...
[2026-07-25T17:29:30.631Z] Connecting to xiaozhi edu MCP...
[2026-07-25T17:29:30.871Z] Connected!
[2026-07-25T17:29:31.025Z] Closed, reconnecting...
[2026-07-25T17:29:32.578Z] Connecting to xiaozhi edu MCP...
[2026-07-25T17:29:32.821Z] Connected!
[2026-07-25T17:29:32.968Z] Closed, reconnecting...
[2026-07-25T17:29:36.025Z] Connecting to xiaozhi edu MCP...
[2026-07-25T17:29:36.275Z] Connected!
[2026-07-25T17:29:36.446Z] Closed, reconnecting...
[2026-07-25T17:29:37.970Z] Connecting to xiaozhi edu MCP...
[2026-07-25T17:29:38.210Z] Connected!
[2026-07-25T17:29:38.367Z] Closed, reconnecting...
[2026-07-25T17:29:41.446Z] Connecting to xiaozhi edu MCP...
[2026-07-25T17:29:41.697Z] Connected!
[2026-07-25T17:29:41.863Z] Closed, reconnecting...
[2026-07-25T17:29:43.370Z] Connecting to xiaozhi edu MCP...
[2026-07-25T17:29:43.654Z] Connected!
[2026-07-25T17:29:43.827Z] Closed, reconnecting...
[2026-07-25T17:29:46.863Z] Connecting to xiaozhi edu MCP...
[2026-07-25T17:29:47.120Z] Connected!
[2026-07-25T17:29:47.283Z] Closed, reconnecting...
[2026-07-25T17:29:48.830Z] Connecting to xiaozhi edu MCP...
[2026-07-25T17:29:49.089Z] Connected!
[2026-07-25T17:29:49.255Z] Closed, reconnecting...
[2026-07-25T17:29:52.285Z] Connecting to xiaozhi edu MCP...
[2026-07-25T17:29:52.557Z] Connected!
[2026-07-25T17:29:52.724Z] Closed, reconnecting...
[2026-07-25T17:29:54.258Z] Connecting to xiaozhi edu MCP...
[2026-07-25T17:29:54.506Z] Connected!
[2026-07-25T17:29:54.670Z] Closed, reconnecting...
[2026-07-25T17:29:57.726Z] Connecting to xiaozhi edu MCP...
[2026-07-25T17:29:57.977Z] Connected!
[2026-07-25T17:29:58.134Z] Closed, reconnecting...
[2026-07-25T17:29:59.671Z] Connecting to xiaozhi edu MCP...
[2026-07-25T17:29:59.915Z] Connected!
[2026-07-25T17:30:00.071Z] Closed, reconnecting...
[2026-07-25T17:30:03.136Z] Connecting to xiaozhi edu MCP...
[2026-07-25T17:30:03.383Z] Connected!
[2026-07-25T17:30:03.544Z] Closed, reconnecting...
[2026-07-25T17:30:05.071Z] Connecting to xiaozhi edu MCP...
[2026-07-25T17:30:05.305Z] Connected!
[2026-07-25T17:30:05.458Z] Closed, reconnecting...
[2026-07-25T17:30:08.546Z] Connecting to xiaozhi edu MCP...
[2026-07-25T17:30:08.795Z] Connected!
[2026-07-25T17:30:08.948Z] Closed, reconnecting...
[2026-07-25T17:30:10.460Z] Connecting to xiaozhi edu MCP...
[2026-07-25T17:30:10.696Z] Connected!
[2026-07-25T17:30:10.850Z] Closed, reconnecting...
[2026-07-25T17:30:13.950Z] Connecting to xiaozhi edu MCP...
[2026-07-25T17:30:14.204Z] Connected!
[2026-07-25T17:30:14.366Z] Closed, reconnecting...
[2026-07-25T17:30:15.851Z] Connecting to xiaozhi edu MCP...
[2026-07-25T17:30:16.102Z] Connected!
[2026-07-25T17:30:16.257Z] Closed, reconnecting...
[2026-07-25T17:30:19.368Z] Connecting to xiaozhi edu MCP...
[2026-07-25T17:30:19.622Z] Connected!
[2026-07-25T17:30:19.780Z] Closed, reconnecting...
[2026-07-25T17:30:21.259Z] Connecting to xiaozhi edu MCP...
[2026-07-25T17:30:21.508Z] Connected!
[2026-07-25T17:30:21.665Z] Closed, reconnecting...
[2026-07-25T17:30:24.781Z] Connecting to xiaozhi edu MCP...
[2026-07-25T17:30:25.022Z] Connected!
[2026-07-25T17:30:25.181Z] Closed, reconnecting...
[2026-07-25T17:30:26.668Z] Connecting to xiaozhi edu MCP...
[2026-07-25T17:30:26.911Z] Connected!
[2026-07-25T17:30:27.065Z] Closed, reconnecting...
[2026-07-25T17:30:30.183Z] Connecting to xiaozhi edu MCP...
[2026-07-25T17:30:30.436Z] Connected!
[2026-07-25T17:30:30.598Z] Closed, reconnecting...
[2026-07-25T17:30:32.068Z] Connecting to xiaozhi edu MCP...
[2026-07-25T17:30:32.322Z] Connected!
[2026-07-25T17:30:32.491Z] Closed, reconnecting...
[2026-07-25T17:30:35.600Z] Connecting to xiaozhi edu MCP...
[2026-07-25T17:30:35.835Z] Connected!
[2026-07-25T17:30:35.983Z] Closed, reconnecting...
[2026-07-25T17:30:37.493Z] Connecting to xiaozhi edu MCP...
[2026-07-25T17:30:37.741Z] Connected!
[2026-07-25T17:30:37.899Z] Closed, reconnecting...
[2026-07-25T17:30:40.985Z] Connecting to xiaozhi edu MCP...
[2026-07-25T17:30:41.222Z] Connected!
[2026-07-25T17:30:41.382Z] Closed, reconnecting...
[2026-07-25T17:30:42.901Z] Connecting to xiaozhi edu MCP...
[2026-07-25T17:30:43.150Z] Connected!
[2026-07-25T17:30:43.307Z] Closed, reconnecting...
[2026-07-25T17:30:46.382Z] Connecting to xiaozhi edu MCP...
[2026-07-25T17:30:46.638Z] Connected!
[2026-07-25T17:30:46.802Z] Closed, reconnecting...
[2026-07-25T17:30:48.307Z] Connecting to xiaozhi edu MCP...
[2026-07-25T17:30:48.567Z] Connected!
[2026-07-25T17:30:48.730Z] Closed, reconnecting...
[2026-07-25T17:30:51.804Z] Connecting to xiaozhi edu MCP...
[2026-07-25T17:30:52.058Z] Connected!
[2026-07-25T17:30:52.223Z] Closed, reconnecting...
[2026-07-25T17:30:53.732Z] Connecting to xiaozhi edu MCP...
[2026-07-25T17:30:53.981Z] Connected!
[2026-07-25T17:30:54.143Z] Closed, reconnecting...
[2026-07-25T17:30:57.225Z] Connecting to xiaozhi edu MCP...
[2026-07-25T17:30:57.478Z] Connected!
[2026-07-25T17:30:57.636Z] Closed, reconnecting...
[2026-07-25T17:30:59.145Z] Connecting to xiaozhi edu MCP...
[2026-07-25T17:30:59.400Z] Connected!
[2026-07-25T17:30:59.566Z] Closed, reconnecting...
[2026-07-25T17:31:02.637Z] Connecting to xiaozhi edu MCP...
[2026-07-25T17:31:02.887Z] Connected!
[2026-07-25T17:31:03.042Z] Closed, reconnecting...
[2026-07-25T17:31:04.569Z] Connecting to xiaozhi edu MCP...
[2026-07-25T17:31:04.787Z] Connected!
[2026-07-25T17:31:04.930Z] Closed, reconnecting...
[2026-07-25T17:31:08.044Z] Connecting to xiaozhi edu MCP...
[2026-07-25T17:31:08.327Z] Connected!
[2026-07-25T17:31:08.494Z] Closed, reconnecting...
[2026-07-25T17:31:09.933Z] Connecting to xiaozhi edu MCP...
[2026-07-25T17:31:10.174Z] Connected!
[2026-07-25T17:31:10.339Z] Closed, reconnecting...
[2026-07-25T17:31:13.496Z] Connecting to xiaozhi edu MCP...
[2026-07-25T17:31:13.739Z] Connected!
[2026-07-25T17:31:13.899Z] Closed, reconnecting...
[2026-07-25T17:31:15.341Z] Connecting to xiaozhi edu MCP...
[2026-07-25T17:31:15.598Z] Connected!
[2026-07-25T17:31:15.765Z] Closed, reconnecting...
[2026-07-25T17:31:18.901Z] Connecting to xiaozhi edu MCP...
[2026-07-25T17:31:19.170Z] Connected!
[2026-07-25T17:31:19.346Z] Closed, reconnecting...
[2026-07-25T17:31:20.767Z] Connecting to xiaozhi edu MCP...
[2026-07-25T17:31:21.009Z] Connected!
[2026-07-25T17:31:21.166Z] Closed, reconnecting...
[2026-07-25T17:31:24.346Z] Connecting to xiaozhi edu MCP...
[2026-07-25T17:31:24.605Z] Connected!
[2026-07-25T17:31:24.772Z] Closed, reconnecting...
[2026-07-25T17:31:26.168Z] Connecting to xiaozhi edu MCP...
[2026-07-25T17:31:26.511Z] Connected!
[2026-07-25T17:31:26.675Z] Closed, reconnecting...
[2026-07-25T17:31:29.774Z] Connecting to xiaozhi edu MCP...
[2026-07-25T17:31:30.019Z] Connected!
[2026-07-25T17:31:30.172Z] Closed, reconnecting...
[2026-07-25T17:31:31.676Z] Connecting to xiaozhi edu MCP...
[2026-07-25T17:31:31.947Z] Connected!
[2026-07-25T17:31:32.110Z] Closed, reconnecting...
[2026-07-25T17:31:35.173Z] Connecting to xiaozhi edu MCP...
[2026-07-25T17:31:35.426Z] Connected!
[2026-07-25T17:31:35.592Z] Closed, reconnecting...
[2026-07-25T17:31:37.113Z] Connecting to xiaozhi edu MCP...
[2026-07-25T17:31:37.380Z] Connected!
[2026-07-25T17:31:37.519Z] Closed, reconnecting...
[2026-07-25T17:31:40.594Z] Connecting to xiaozhi edu MCP...
[2026-07-25T17:31:40.852Z] Connected!
[2026-07-25T17:31:41.025Z] Closed, reconnecting...
[2026-07-25T17:31:42.521Z] Connecting to xiaozhi edu MCP...
[2026-07-25T17:31:42.781Z] Connected!
[2026-07-25T17:31:42.939Z] Closed, reconnecting...
[2026-07-25T17:31:46.027Z] Connecting to xiaozhi edu MCP...
[2026-07-25T17:31:46.302Z] Connected!
[2026-07-25T17:31:46.475Z] Closed, reconnecting...
[2026-07-25T17:31:47.939Z] Connecting to xiaozhi edu MCP...
[2026-07-25T17:31:48.189Z] Connected!
[2026-07-25T17:31:48.351Z] Closed, reconnecting...
[2026-07-25T17:31:51.477Z] Connecting to xiaozhi edu MCP...
[2026-07-25T17:31:51.719Z] Connected!
[2026-07-25T17:31:51.877Z] Closed, reconnecting...
[2026-07-25T17:31:53.352Z] Connecting to xiaozhi edu MCP...
[2026-07-25T17:31:53.617Z] Connected!
[2026-07-25T17:31:53.778Z] Closed, reconnecting...
[2026-07-25T17:31:56.879Z] Connecting to xiaozhi edu MCP...
[2026-07-25T17:31:57.122Z] Connected!
[2026-07-25T17:31:57.282Z] Closed, reconnecting...
[2026-07-25T17:31:58.780Z] Connecting to xiaozhi edu MCP...
[2026-07-25T17:31:59.029Z] Connected!
[2026-07-25T17:31:59.187Z] Closed, reconnecting...
[2026-07-25T17:32:02.285Z] Connecting to xiaozhi edu MCP...
[2026-07-25T17:32:02.604Z] Connected!
[2026-07-25T17:32:02.764Z] Closed, reconnecting...
[2026-07-25T17:32:04.189Z] Connecting to xiaozhi edu MCP...
[2026-07-25T17:32:04.435Z] Connected!
[2026-07-25T17:32:04.591Z] Closed, reconnecting...
[2026-07-25T17:32:07.767Z] Connecting to xiaozhi edu MCP...
[2026-07-25T17:32:08.005Z] Connected!
[2026-07-25T17:32:08.157Z] Closed, reconnecting...
[2026-07-25T17:32:09.594Z] Connecting to xiaozhi edu MCP...
[2026-07-25T17:32:09.842Z] Connected!
[2026-07-25T17:32:10.003Z] Closed, reconnecting...
[2026-07-25T17:32:13.159Z] Connecting to xiaozhi edu MCP...
[2026-07-25T17:32:13.470Z] Connected!
[2026-07-25T17:32:13.643Z] Closed, reconnecting...
[2026-07-25T17:32:15.006Z] Connecting to xiaozhi edu MCP...
[2026-07-25T17:32:15.793Z] Connected!
[2026-07-25T17:32:15.992Z] Closed, reconnecting...
[2026-07-25T17:32:18.643Z] Connecting to xiaozhi edu MCP...
[2026-07-25T17:32:18.880Z] Connected!
[2026-07-25T17:32:19.042Z] Closed, reconnecting...
[2026-07-25T17:32:20.994Z] Connecting to xiaozhi edu MCP...
[2026-07-25T17:32:21.239Z] Connected!
[2026-07-25T17:32:21.401Z] Closed, reconnecting...
[2026-07-25T17:32:24.045Z] Connecting to xiaozhi edu MCP...
[2026-07-25T17:32:24.290Z] Connected!
[2026-07-25T17:32:24.455Z] Closed, reconnecting...
[2026-07-25T17:32:26.404Z] Connecting to xiaozhi edu MCP...
[2026-07-25T17:32:26.641Z] Connected!
[2026-07-25T17:32:26.790Z] Closed, reconnecting...
[2026-07-25T17:32:29.456Z] Connecting to xiaozhi edu MCP...
[2026-07-25T17:32:29.688Z] Connected!
[2026-07-25T17:32:29.840Z] Closed, reconnecting...
[2026-07-25T17:32:31.792Z] Connecting to xiaozhi edu MCP...
[2026-07-25T17:32:32.278Z] Connected!
[2026-07-25T17:32:32.443Z] Closed, reconnecting...
[2026-07-25T17:32:34.842Z] Connecting to xiaozhi edu MCP...
[2026-07-25T17:32:35.074Z] Connected!
[2026-07-25T17:32:35.226Z] Closed, reconnecting...
[2026-07-25T17:32:37.445Z] Connecting to xiaozhi edu MCP...
[2026-07-25T17:32:37.684Z] Connected!
[2026-07-25T17:32:37.831Z] Closed, reconnecting...
[2026-07-25T17:32:40.228Z] Connecting to xiaozhi edu MCP...
[2026-07-25T17:32:40.463Z] Connected!
[2026-07-25T17:32:40.617Z] Closed, reconnecting...
[2026-07-25T17:32:42.833Z] Connecting to xiaozhi edu MCP...
[2026-07-25T17:32:43.086Z] Connected!
[2026-07-25T17:32:43.242Z] Closed, reconnecting...
[2026-07-25T17:32:45.620Z] Connecting to xiaozhi edu MCP...
[2026-07-25T17:32:45.882Z] Connected!
[2026-07-25T17:32:46.053Z] Closed, reconnecting...
[2026-07-25T17:32:48.245Z] Connecting to xiaozhi edu MCP...
[2026-07-25T17:32:48.503Z] Connected!
[2026-07-25T17:32:48.671Z] Closed, reconnecting...
[2026-07-25T17:32:51.055Z] Connecting to xiaozhi edu MCP...
[2026-07-25T17:32:51.290Z] Connected!
[2026-07-25T17:32:51.447Z] Closed, reconnecting...
[2026-07-25T17:32:53.673Z] Connecting to xiaozhi edu MCP...
[2026-07-25T17:32:53.928Z] Connected!
[2026-07-25T17:32:54.090Z] Closed, reconnecting...
[2026-07-25T17:32:56.449Z] Connecting to xiaozhi edu MCP...
[2026-07-25T17:32:56.698Z] Connected!
[2026-07-25T17:32:56.862Z] Closed, reconnecting...
[2026-07-25T17:32:59.093Z] Connecting to xiaozhi edu MCP...
[2026-07-25T17:32:59.338Z] Connected!
[2026-07-25T17:32:59.483Z] Closed, reconnecting...
[2026-07-25T17:33:01.862Z] Connecting to xiaozhi edu MCP...
[2026-07-25T17:33:02.124Z] Connected!
[2026-07-25T17:33:02.299Z] Closed, reconnecting...
[2026-07-25T17:33:04.483Z] Connecting to xiaozhi edu MCP...
[2026-07-25T17:33:04.754Z] Connected!
[2026-07-25T17:33:04.921Z] Closed, reconnecting...
[2026-07-25T17:33:07.300Z] Connecting to xiaozhi edu MCP...
[2026-07-25T17:33:07.590Z] Connected!
[2026-07-25T17:33:07.748Z] Closed, reconnecting...
[2026-07-25T17:33:09.921Z] Connecting to xiaozhi edu MCP...
[2026-07-25T17:33:10.171Z] Connected!
[2026-07-25T17:33:10.334Z] Closed, reconnecting...
[2026-07-25T17:33:12.750Z] Connecting to xiaozhi edu MCP...
[2026-07-25T17:33:13.002Z] Connected!
[2026-07-25T17:33:13.176Z] Closed, reconnecting...
[2026-07-25T17:33:15.335Z] Connecting to xiaozhi edu MCP...
[2026-07-25T17:33:15.579Z] Connected!
[2026-07-25T17:33:15.742Z] Closed, reconnecting...
[2026-07-25T17:33:18.179Z] Connecting to xiaozhi edu MCP...
[2026-07-25T17:33:18.426Z] Connected!
[2026-07-25T17:33:18.583Z] Closed, reconnecting...
[2026-07-25T17:33:20.743Z] Connecting to xiaozhi edu MCP...
[2026-07-25T17:33:21.017Z] Connected!
[2026-07-25T17:33:21.184Z] Closed, reconnecting...
[2026-07-25T17:33:23.585Z] Connecting to xiaozhi edu MCP...
[2026-07-25T17:33:23.843Z] Connected!
[2026-07-25T17:33:24.010Z] Closed, reconnecting...
[2026-07-25T17:33:26.186Z] Connecting to xiaozhi edu MCP...
[2026-07-25T17:33:26.446Z] Connected!
[2026-07-25T17:33:26.612Z] Closed, reconnecting...
[2026-07-25T17:33:29.012Z] Connecting to xiaozhi edu MCP...
[2026-07-25T17:33:29.251Z] Connected!
[2026-07-25T17:33:29.410Z] Closed, reconnecting...
[2026-07-25T17:33:31.614Z] Connecting to xiaozhi edu MCP...
[2026-07-25T17:33:31.881Z] Connected!
[2026-07-25T17:33:32.034Z] Closed, reconnecting...
[2026-07-25T17:33:34.412Z] Connecting to xiaozhi edu MCP...
[2026-07-25T17:33:34.671Z] Connected!
[2026-07-25T17:33:34.847Z] Closed, reconnecting...
[2026-07-25T17:33:37.037Z] Connecting to xiaozhi edu MCP...
[2026-07-25T17:33:37.283Z] Connected!
[2026-07-25T17:33:37.436Z] Closed, reconnecting...
[2026-07-25T17:33:39.849Z] Connecting to xiaozhi edu MCP...
[2026-07-25T17:33:40.090Z] Connected!
[2026-07-25T17:33:40.250Z] Closed, reconnecting...
[2026-07-25T17:33:42.438Z] Connecting to xiaozhi edu MCP...
[2026-07-25T17:33:42.719Z] Connected!
[2026-07-25T17:33:42.884Z] Closed, reconnecting...
[2026-07-25T17:33:45.249Z] Connecting to xiaozhi edu MCP...
[2026-07-25T17:33:45.549Z] Connected!
[2026-07-25T17:33:45.722Z] Closed, reconnecting...
[2026-07-25T17:33:47.885Z] Connecting to xiaozhi edu MCP...
[2026-07-25T17:33:48.129Z] Connected!
[2026-07-25T17:33:48.280Z] Closed, reconnecting...
[2026-07-25T17:33:50.721Z] Connecting to xiaozhi edu MCP...
[2026-07-25T17:33:50.990Z] Connected!
[2026-07-25T17:33:51.158Z] Closed, reconnecting...
[2026-07-25T17:33:53.282Z] Connecting to xiaozhi edu MCP...
[2026-07-25T17:33:53.512Z] Connected!
[2026-07-25T17:33:53.659Z] Closed, reconnecting...
[2026-07-25T17:33:56.161Z] Connecting to xiaozhi edu MCP...
[2026-07-25T17:33:56.427Z] Connected!
[2026-07-25T17:33:56.589Z] Closed, reconnecting...
[2026-07-25T17:33:58.661Z] Connecting to xiaozhi edu MCP...
[2026-07-25T17:33:58.896Z] Connected!
[2026-07-25T17:33:59.048Z] Closed, reconnecting...
[2026-07-25T17:34:01.590Z] Connecting to xiaozhi edu MCP...
[2026-07-25T17:34:01.846Z] Connected!
[2026-07-25T17:34:02.003Z] Closed, reconnecting...
[2026-07-25T17:34:04.048Z] Connecting to xiaozhi edu MCP...
[2026-07-25T17:34:04.302Z] Connected!
[2026-07-25T17:34:04.459Z] Closed, reconnecting...
[2026-07-25T17:34:07.006Z] Connecting to xiaozhi edu MCP...
[2026-07-25T17:34:07.258Z] Connected!
[2026-07-25T17:34:07.417Z] Closed, reconnecting...
[2026-07-25T17:34:09.462Z] Connecting to xiaozhi edu MCP...
[2026-07-25T17:34:09.710Z] Connected!
[2026-07-25T17:34:09.867Z] Closed, reconnecting...
[2026-07-25T17:34:12.420Z] Connecting to xiaozhi edu MCP...
[2026-07-25T17:34:12.741Z] Connected!
[2026-07-25T17:34:12.899Z] Closed, reconnecting...
[2026-07-25T17:34:14.870Z] Connecting to xiaozhi edu MCP...
[2026-07-25T17:34:15.128Z] Connected!
[2026-07-25T17:34:15.308Z] Closed, reconnecting...
[2026-07-25T17:34:17.902Z] Connecting to xiaozhi edu MCP...
[2026-07-25T17:34:18.151Z] Connected!
[2026-07-25T17:34:18.311Z] Closed, reconnecting...
[2026-07-25T17:34:20.311Z] Connecting to xiaozhi edu MCP...
[2026-07-25T17:34:20.537Z] Connected!
[2026-07-25T17:34:20.683Z] Closed, reconnecting...
[2026-07-25T17:34:23.314Z] Connecting to xiaozhi edu MCP...
[2026-07-25T17:34:23.564Z] Connected!
[2026-07-25T17:34:23.747Z] Closed, reconnecting...
[2026-07-25T17:34:25.686Z] Connecting to xiaozhi edu MCP...
[2026-07-25T17:34:25.933Z] Connected!
[2026-07-25T17:34:26.110Z] Closed, reconnecting...
[2026-07-25T17:34:28.748Z] Connecting to xiaozhi edu MCP...
[2026-07-25T17:34:28.991Z] Connected!
[2026-07-25T17:34:29.147Z] Closed, reconnecting...
[2026-07-25T17:34:31.112Z] Connecting to xiaozhi edu MCP...
[2026-07-25T17:34:31.367Z] Connected!
[2026-07-25T17:34:31.526Z] Closed, reconnecting...
[2026-07-25T17:34:34.147Z] Connecting to xiaozhi edu MCP...
[2026-07-25T17:34:34.401Z] Connected!
[2026-07-25T17:34:34.558Z] Closed, reconnecting...
[2026-07-25T17:34:36.528Z] Connecting to xiaozhi edu MCP...
[2026-07-25T17:34:36.777Z] Connected!
[2026-07-25T17:34:36.934Z] Closed, reconnecting...
[2026-07-25T17:34:39.560Z] Connecting to xiaozhi edu MCP...
[2026-07-25T17:34:39.816Z] Connected!
[2026-07-25T17:34:39.972Z] Closed, reconnecting...
[2026-07-25T17:34:41.936Z] Connecting to xiaozhi edu MCP...
[2026-07-25T17:34:42.176Z] Connected!
[2026-07-25T17:34:42.344Z] Closed, reconnecting...
[2026-07-25T17:34:44.974Z] Connecting to xiaozhi edu MCP...
[2026-07-25T17:34:45.240Z] Connected!
[2026-07-25T17:34:45.409Z] Closed, reconnecting...
[2026-07-25T17:34:47.344Z] Connecting to xiaozhi edu MCP...
[2026-07-25T17:34:47.633Z] Connected!
[2026-07-25T17:34:47.794Z] Closed, reconnecting...
[2026-07-25T17:34:50.412Z] Connecting to xiaozhi edu MCP...
[2026-07-25T17:34:50.655Z] Connected!
[2026-07-25T17:34:50.807Z] Closed, reconnecting...
[2026-07-25T17:34:52.797Z] Connecting to xiaozhi edu MCP...
[2026-07-25T17:34:53.030Z] Connected!
[2026-07-25T17:34:53.188Z] Closed, reconnecting...
[2026-07-25T17:34:55.809Z] Connecting to xiaozhi edu MCP...
[2026-07-25T17:34:56.078Z] Connected!
[2026-07-25T17:34:56.247Z] Closed, reconnecting...
[2026-07-25T17:34:58.191Z] Connecting to xiaozhi edu MCP...
[2026-07-25T17:34:58.434Z] Connected!
[2026-07-25T17:34:58.592Z] Closed, reconnecting...
[2026-07-25T17:35:01.247Z] Connecting to xiaozhi edu MCP...
[2026-07-25T17:35:01.493Z] Connected!
[2026-07-25T17:35:01.642Z] Closed, reconnecting...
[2026-07-25T17:35:03.595Z] Connecting to xiaozhi edu MCP...
[2026-07-25T17:35:03.852Z] Connected!
[2026-07-25T17:35:04.021Z] Closed, reconnecting...
[2026-07-25T17:35:06.644Z] Connecting to xiaozhi edu MCP...
[2026-07-25T17:35:06.897Z] Connected!
[2026-07-25T17:35:07.066Z] Closed, reconnecting...
[2026-07-25T17:35:09.025Z] Connecting to xiaozhi edu MCP...
[2026-07-25T17:35:09.264Z] Connected!
[2026-07-25T17:35:09.414Z] Closed, reconnecting...
[2026-07-25T17:35:12.068Z] Connecting to xiaozhi edu MCP...
[2026-07-25T17:35:12.332Z] Connected!
[2026-07-25T17:35:12.499Z] Closed, reconnecting...
[2026-07-25T17:35:14.416Z] Connecting to xiaozhi edu MCP...
[2026-07-25T17:35:14.667Z] Connected!
[2026-07-25T17:35:14.831Z] Closed, reconnecting...
[2026-07-25T17:35:17.502Z] Connecting to xiaozhi edu MCP...
[2026-07-25T17:35:17.756Z] Connected!
[2026-07-25T17:35:17.909Z] Closed, reconnecting...
[2026-07-25T17:35:19.832Z] Connecting to xiaozhi edu MCP...
[2026-07-25T17:35:20.086Z] Connected!
[2026-07-25T17:35:20.244Z] Closed, reconnecting...
[2026-07-25T17:35:22.909Z] Connecting to xiaozhi edu MCP...
[2026-07-25T17:35:23.163Z] Connected!
[2026-07-25T17:35:23.322Z] Closed, reconnecting...
[2026-07-25T17:35:25.246Z] Connecting to xiaozhi edu MCP...
[2026-07-25T17:35:25.489Z] Connected!
[2026-07-25T17:35:25.652Z] Closed, reconnecting...
[2026-07-25T17:35:28.323Z] Connecting to xiaozhi edu MCP...
[2026-07-25T17:35:28.573Z] Connected!
[2026-07-25T17:35:28.730Z] Closed, reconnecting...
[2026-07-25T17:35:30.654Z] Connecting to xiaozhi edu MCP...
[2026-07-25T17:35:30.889Z] Connected!
[2026-07-25T17:35:31.049Z] Closed, reconnecting...
[2026-07-25T17:35:33.732Z] Connecting to xiaozhi edu MCP...
[2026-07-25T17:35:33.982Z] Connected!
[2026-07-25T17:35:34.148Z] Closed, reconnecting...
[2026-07-25T17:35:36.051Z] Connecting to xiaozhi edu MCP...
[2026-07-25T17:35:36.328Z] Connected!
[2026-07-25T17:35:36.507Z] Closed, reconnecting...
[2026-07-25T17:35:39.150Z] Connecting to xiaozhi edu MCP...
[2026-07-25T17:35:39.385Z] Connected!
[2026-07-25T17:35:39.533Z] Closed, reconnecting...
[2026-07-25T17:35:41.510Z] Connecting to xiaozhi edu MCP...
[2026-07-25T17:35:41.750Z] Connected!
[2026-07-25T17:35:41.903Z] Closed, reconnecting...
[2026-07-25T17:35:44.535Z] Connecting to xiaozhi edu MCP...
[2026-07-25T17:35:44.784Z] Connected!
[2026-07-25T17:35:44.939Z] Closed, reconnecting...
[2026-07-25T17:35:46.905Z] Connecting to xiaozhi edu MCP...
[2026-07-25T17:35:47.152Z] Connected!
[2026-07-25T17:35:47.319Z] Closed, reconnecting...
[2026-07-25T17:35:49.941Z] Connecting to xiaozhi edu MCP...
[2026-07-25T17:35:50.195Z] Connected!
[2026-07-25T17:35:50.355Z] Closed, reconnecting...
[2026-07-25T17:35:52.321Z] Connecting to xiaozhi edu MCP...
[2026-07-25T17:35:52.545Z] Connected!
[2026-07-25T17:35:52.703Z] Closed, reconnecting...
[2026-07-25T17:35:55.358Z] Connecting to xiaozhi edu MCP...
[2026-07-25T17:35:55.644Z] Connected!
[2026-07-25T17:35:55.822Z] Closed, reconnecting...
[2026-07-25T17:35:57.705Z] Connecting to xiaozhi edu MCP...
[2026-07-25T17:35:57.966Z] Connected!
[2026-07-25T17:35:58.135Z] Closed, reconnecting...
[2026-07-25T17:36:00.824Z] Connecting to xiaozhi edu MCP...
[2026-07-25T17:36:01.056Z] Connected!
[2026-07-25T17:36:01.205Z] Closed, reconnecting...
[2026-07-25T17:36:03.137Z] Connecting to xiaozhi edu MCP...
[2026-07-25T17:36:03.411Z] Connected!
[2026-07-25T17:36:03.586Z] Closed, reconnecting...
[2026-07-25T17:36:06.206Z] Connecting to xiaozhi edu MCP...
[2026-07-25T17:36:06.462Z] Connected!
[2026-07-25T17:36:06.624Z] Closed, reconnecting...
[2026-07-25T17:36:08.588Z] Connecting to xiaozhi edu MCP...
[2026-07-25T17:36:08.830Z] Connected!
[2026-07-25T17:36:08.980Z] Closed, reconnecting...
[2026-07-25T17:36:11.626Z] Connecting to xiaozhi edu MCP...
[2026-07-25T17:36:11.863Z] Connected!
[2026-07-25T17:36:12.323Z] Closed, reconnecting...
[2026-07-25T17:36:13.983Z] Connecting to xiaozhi edu MCP...
[2026-07-25T17:36:14.214Z] Connected!
[2026-07-25T17:36:14.355Z] Closed, reconnecting...
[2026-07-25T17:36:17.323Z] Connecting to xiaozhi edu MCP...
[2026-07-25T17:36:17.590Z] Connected!
[2026-07-25T17:36:17.779Z] Closed, reconnecting...
[2026-07-25T17:36:19.358Z] Connecting to xiaozhi edu MCP...
[2026-07-25T17:36:19.623Z] Connected!
[2026-07-25T17:36:19.798Z] Closed, reconnecting...
[2026-07-25T17:36:22.781Z] Connecting to xiaozhi edu MCP...
[2026-07-25T17:36:23.043Z] Connected!
[2026-07-25T17:36:23.205Z] Closed, reconnecting...
[2026-07-25T17:36:24.801Z] Connecting to xiaozhi edu MCP...
[2026-07-25T17:36:25.050Z] Connected!
[2026-07-25T17:36:25.213Z] Closed, reconnecting...
[2026-07-25T17:36:28.207Z] Connecting to xiaozhi edu MCP...
[2026-07-25T17:36:28.460Z] Connected!
[2026-07-25T17:36:28.621Z] Closed, reconnecting...
[2026-07-25T17:36:30.215Z] Connecting to xiaozhi edu MCP...
[2026-07-25T17:36:30.447Z] Connected!
[2026-07-25T17:36:30.603Z] Closed, reconnecting...
[2026-07-25T17:36:33.624Z] Connecting to xiaozhi edu MCP...
[2026-07-25T17:36:33.870Z] Connected!
[2026-07-25T17:36:34.025Z] Closed, reconnecting...
[2026-07-25T17:36:35.603Z] Connecting to xiaozhi edu MCP...
[2026-07-25T17:36:35.842Z] Connected!
[2026-07-25T17:36:36.011Z] Closed, reconnecting...
[2026-07-25T17:36:39.026Z] Connecting to xiaozhi edu MCP...
[2026-07-25T17:36:39.278Z] Connected!
[2026-07-25T17:36:39.435Z] Closed, reconnecting...
[2026-07-25T17:36:41.011Z] Connecting to xiaozhi edu MCP...
[2026-07-25T17:36:41.258Z] Connected!
[2026-07-25T17:36:41.413Z] Closed, reconnecting...
[2026-07-25T17:36:44.435Z] Connecting to xiaozhi edu MCP...
[2026-07-25T17:36:44.681Z] Connected!
[2026-07-25T17:36:44.837Z] Closed, reconnecting...
[2026-07-25T17:36:46.415Z] Connecting to xiaozhi edu MCP...
[2026-07-25T17:36:46.664Z] Connected!
[2026-07-25T17:36:46.823Z] Closed, reconnecting...
[2026-07-25T17:36:49.839Z] Connecting to xiaozhi edu MCP...
[2026-07-25T17:36:50.094Z] Connected!
[2026-07-25T17:36:50.260Z] Closed, reconnecting...
[2026-07-25T17:36:51.826Z] Connecting to xiaozhi edu MCP...
[2026-07-25T17:36:52.088Z] Connected!
[2026-07-25T17:36:52.245Z] Closed, reconnecting...
[2026-07-25T17:36:55.260Z] Connecting to xiaozhi edu MCP...
[2026-07-25T17:36:55.494Z] Connected!
[2026-07-25T17:36:55.645Z] Closed, reconnecting...
[2026-07-25T17:36:57.248Z] Connecting to xiaozhi edu MCP...
[2026-07-25T17:36:57.479Z] Connected!
[2026-07-25T17:36:57.633Z] Closed, reconnecting...
[2026-07-25T17:37:00.647Z] Connecting to xiaozhi edu MCP...
[2026-07-25T17:37:00.914Z] Connected!
[2026-07-25T17:37:01.078Z] Closed, reconnecting...
[2026-07-25T17:37:02.636Z] Connecting to xiaozhi edu MCP...
[2026-07-25T17:37:02.877Z] Connected!
[2026-07-25T17:37:03.036Z] Closed, reconnecting...
[2026-07-25T17:37:06.079Z] Connecting to xiaozhi edu MCP...
[2026-07-25T17:37:06.348Z] Connected!
[2026-07-25T17:37:06.516Z] Closed, reconnecting...
[2026-07-25T17:37:08.039Z] Connecting to xiaozhi edu MCP...
[2026-07-25T17:37:08.288Z] Connected!
[2026-07-25T17:37:08.449Z] Closed, reconnecting...
[2026-07-25T17:37:11.517Z] Connecting to xiaozhi edu MCP...
[2026-07-25T17:37:11.781Z] Connected!
[2026-07-25T17:37:11.939Z] Closed, reconnecting...
[2026-07-25T17:37:13.450Z] Connecting to xiaozhi edu MCP...
[2026-07-25T17:37:13.709Z] Connected!
[2026-07-25T17:37:13.874Z] Closed, reconnecting...
[2026-07-25T17:37:16.941Z] Connecting to xiaozhi edu MCP...
[2026-07-25T17:37:17.191Z] Connected!
[2026-07-25T17:37:17.357Z] Closed, reconnecting...
[2026-07-25T17:37:18.876Z] Connecting to xiaozhi edu MCP...
[2026-07-25T17:37:19.132Z] Connected!
[2026-07-25T17:37:19.299Z] Closed, reconnecting...
[2026-07-25T17:37:22.359Z] Connecting to xiaozhi edu MCP...
[2026-07-25T17:37:22.624Z] Connected!
[2026-07-25T17:37:22.787Z] Closed, reconnecting...
[2026-07-25T17:37:24.302Z] Connecting to xiaozhi edu MCP...
[2026-07-25T17:37:24.548Z] Connected!
[2026-07-25T17:37:24.709Z] Closed, reconnecting...
[2026-07-25T17:37:27.789Z] Connecting to xiaozhi edu MCP...
[2026-07-25T17:37:28.039Z] Connected!
[2026-07-25T17:37:28.194Z] Closed, reconnecting...
[2026-07-25T17:37:29.710Z] Connecting to xiaozhi edu MCP...
[2026-07-25T17:37:29.954Z] Connected!
[2026-07-25T17:37:30.114Z] Closed, reconnecting...
[2026-07-25T17:37:33.197Z] Connecting to xiaozhi edu MCP...
[2026-07-25T17:37:33.449Z] Connected!
[2026-07-25T17:37:33.620Z] Closed, reconnecting...
[2026-07-25T17:37:35.117Z] Connecting to xiaozhi edu MCP...
[2026-07-25T17:37:35.370Z] Connected!
[2026-07-25T17:37:35.536Z] Closed, reconnecting...
[2026-07-25T17:37:38.623Z] Connecting to xiaozhi edu MCP...
[2026-07-25T17:37:38.952Z] Connected!
[2026-07-25T17:37:39.114Z] Closed, reconnecting...
[2026-07-25T17:37:40.535Z] Connecting to xiaozhi edu MCP...
[2026-07-25T17:37:40.783Z] Connected!
[2026-07-25T17:37:40.942Z] Closed, reconnecting...
[2026-07-25T17:37:44.116Z] Connecting to xiaozhi edu MCP...
[2026-07-25T17:37:44.388Z] Connected!
[2026-07-25T17:37:44.548Z] Closed, reconnecting...
[2026-07-25T17:37:45.942Z] Connecting to xiaozhi edu MCP...
[2026-07-25T17:37:46.195Z] Connected!
[2026-07-25T17:37:46.359Z] Closed, reconnecting...
[2026-07-25T17:37:49.549Z] Connecting to xiaozhi edu MCP...
[2026-07-25T17:37:49.789Z] Connected!
[2026-07-25T17:37:49.941Z] Closed, reconnecting...
[2026-07-25T17:37:51.362Z] Connecting to xiaozhi edu MCP...
[2026-07-25T17:37:51.624Z] Connected!
[2026-07-25T17:37:51.794Z] Closed, reconnecting...
[2026-07-25T17:37:54.942Z] Connecting to xiaozhi edu MCP...
[2026-07-25T17:37:55.218Z] Connected!
[2026-07-25T17:37:55.394Z] Closed, reconnecting...
[2026-07-25T17:37:56.797Z] Connecting to xiaozhi edu MCP...
[2026-07-25T17:37:57.042Z] Connected!
[2026-07-25T17:37:57.244Z] Closed, reconnecting...
[2026-07-25T17:38:00.395Z] Connecting to xiaozhi edu MCP...
[2026-07-25T17:38:00.655Z] Connected!
[2026-07-25T17:38:00.812Z] Closed, reconnecting...
[2026-07-25T17:38:02.247Z] Connecting to xiaozhi edu MCP...
[2026-07-25T17:38:02.489Z] Connected!
[2026-07-25T17:38:02.642Z] Closed, reconnecting...
[2026-07-25T17:38:05.814Z] Connecting to xiaozhi edu MCP...
[2026-07-25T17:38:06.066Z] Connected!
[2026-07-25T17:38:06.238Z] Closed, reconnecting...
[2026-07-25T17:38:07.645Z] Connecting to xiaozhi edu MCP...
[2026-07-25T17:38:07.887Z] Connected!
[2026-07-25T17:38:08.045Z] Closed, reconnecting...
[2026-07-25T17:38:11.239Z] Connecting to xiaozhi edu MCP...
[2026-07-25T17:38:11.486Z] Connected!
[2026-07-25T17:38:11.646Z] Closed, reconnecting...
[2026-07-25T17:38:13.046Z] Connecting to xiaozhi edu MCP...
[2026-07-25T17:38:13.298Z] Connected!
[2026-07-25T17:38:13.469Z] Closed, reconnecting...
[2026-07-25T17:38:16.649Z] Connecting to xiaozhi edu MCP...
[2026-07-25T17:38:16.898Z] Connected!
[2026-07-25T17:38:17.058Z] Closed, reconnecting...
[2026-07-25T17:38:18.475Z] Connecting to xiaozhi edu MCP...
[2026-07-25T17:38:18.727Z] Connected!
[2026-07-25T17:38:18.894Z] Closed, reconnecting...
[2026-07-25T17:38:22.060Z] Connecting to xiaozhi edu MCP...
[2026-07-25T17:38:22.328Z] Connected!
[2026-07-25T17:38:22.480Z] Closed, reconnecting...
[2026-07-25T17:38:23.896Z] Connecting to xiaozhi edu MCP...
[2026-07-25T17:38:24.166Z] Connected!
[2026-07-25T17:38:24.326Z] Closed, reconnecting...
[2026-07-25T17:38:27.483Z] Connecting to xiaozhi edu MCP...
[2026-07-25T17:38:27.747Z] Connected!
[2026-07-25T17:38:27.887Z] Closed, reconnecting...
[2026-07-25T17:38:29.327Z] Connecting to xiaozhi edu MCP...
[2026-07-25T17:38:29.564Z] Connected!
[2026-07-25T17:38:29.721Z] Closed, reconnecting...
[2026-07-25T17:38:32.889Z] Connecting to xiaozhi edu MCP...
[2026-07-25T17:38:33.139Z] Connected!
[2026-07-25T17:38:33.301Z] Closed, reconnecting...
[2026-07-25T17:38:34.723Z] Connecting to xiaozhi edu MCP...
[2026-07-25T17:38:34.979Z] Connected!
[2026-07-25T17:38:35.143Z] Closed, reconnecting...
[2026-07-25T17:38:38.301Z] Connecting to xiaozhi edu MCP...
[2026-07-25T17:38:38.540Z] Connected!
[2026-07-25T17:38:38.696Z] Closed, reconnecting...
[2026-07-25T17:38:40.144Z] Connecting to xiaozhi edu MCP...
[2026-07-25T17:38:40.378Z] Connected!
[2026-07-25T17:38:40.526Z] Closed, reconnecting...
[2026-07-25T17:38:43.697Z] Connecting to xiaozhi edu MCP...
[2026-07-25T17:38:43.940Z] Connected!
[2026-07-25T17:38:44.103Z] Closed, reconnecting...
[2026-07-25T17:38:45.529Z] Connecting to xiaozhi edu MCP...
[2026-07-25T17:38:45.789Z] Connected!
[2026-07-25T17:38:45.958Z] Closed, reconnecting...
[2026-07-25T17:38:49.106Z] Connecting to xiaozhi edu MCP...
[2026-07-25T17:38:49.363Z] Connected!
[2026-07-25T17:38:49.529Z] Closed, reconnecting...
[2026-07-25T17:38:50.960Z] Connecting to xiaozhi edu MCP...
[2026-07-25T17:38:51.212Z] Connected!
[2026-07-25T17:38:51.373Z] Closed, reconnecting...
[2026-07-25T17:38:54.531Z] Connecting to xiaozhi edu MCP...
[2026-07-25T17:38:54.782Z] Connected!
[2026-07-25T17:38:54.940Z] Closed, reconnecting...
[2026-07-25T17:38:56.374Z] Connecting to xiaozhi edu MCP...
[2026-07-25T17:38:56.614Z] Connected!
[2026-07-25T17:38:56.770Z] Closed, reconnecting...
[2026-07-25T17:38:59.940Z] Connecting to xiaozhi edu MCP...
[2026-07-25T17:39:00.197Z] Connected!
[2026-07-25T17:39:00.351Z] Closed, reconnecting...
[2026-07-25T17:39:01.771Z] Connecting to xiaozhi edu MCP...
[2026-07-25T17:39:02.019Z] Connected!
[2026-07-25T17:39:02.183Z] Closed, reconnecting...
[2026-07-25T17:39:05.352Z] Connecting to xiaozhi edu MCP...
[2026-07-25T17:39:05.604Z] Connected!
[2026-07-25T17:39:05.754Z] Closed, reconnecting...
[2026-07-25T17:39:07.185Z] Connecting to xiaozhi edu MCP...
[2026-07-25T17:39:07.431Z] Connected!
[2026-07-25T17:39:07.592Z] Closed, reconnecting...
[2026-07-25T17:39:10.756Z] Connecting to xiaozhi edu MCP...
[2026-07-25T17:39:11.010Z] Connected!
[2026-07-25T17:39:11.171Z] Closed, reconnecting...
[2026-07-25T17:39:12.594Z] Connecting to xiaozhi edu MCP...
[2026-07-25T17:39:12.837Z] Connected!
[2026-07-25T17:39:12.991Z] Closed, reconnecting...
[2026-07-25T17:39:16.173Z] Connecting to xiaozhi edu MCP...
[2026-07-25T17:39:16.429Z] Connected!
[2026-07-25T17:39:16.591Z] Closed, reconnecting...
[2026-07-25T17:39:17.993Z] Connecting to xiaozhi edu MCP...
[2026-07-25T17:39:18.239Z] Connected!
[2026-07-25T17:39:18.396Z] Closed, reconnecting...
[2026-07-25T17:39:21.591Z] Connecting to xiaozhi edu MCP...
[2026-07-25T17:39:21.869Z] Connected!
[2026-07-25T17:39:22.037Z] Closed, reconnecting...
[2026-07-25T17:39:23.398Z] Connecting to xiaozhi edu MCP...
[2026-07-25T17:39:23.726Z] Connected!
[2026-07-25T17:39:23.887Z] Closed, reconnecting...
[2026-07-25T17:39:27.039Z] Connecting to xiaozhi edu MCP...
[2026-07-25T17:39:27.285Z] Connected!
[2026-07-25T17:39:27.446Z] Closed, reconnecting...
[2026-07-25T17:39:28.889Z] Connecting to xiaozhi edu MCP...
[2026-07-25T17:39:29.146Z] Connected!
[2026-07-25T17:39:29.304Z] Closed, reconnecting...
[2026-07-25T17:39:32.448Z] Connecting to xiaozhi edu MCP...
[2026-07-25T17:39:32.722Z] Connected!
[2026-07-25T17:39:32.890Z] Closed, reconnecting...
[2026-07-25T17:39:34.306Z] Connecting to xiaozhi edu MCP...
[2026-07-25T17:39:34.552Z] Connected!
[2026-07-25T17:39:34.711Z] Closed, reconnecting...
[2026-07-25T17:39:37.892Z] Connecting to xiaozhi edu MCP...
[2026-07-25T17:39:38.164Z] Connected!
[2026-07-25T17:39:38.325Z] Closed, reconnecting...
[2026-07-25T17:39:39.713Z] Connecting to xiaozhi edu MCP...
[2026-07-25T17:39:39.972Z] Connected!
[2026-07-25T17:39:40.130Z] Closed, reconnecting...
[2026-07-25T17:39:43.327Z] Connecting to xiaozhi edu MCP...
[2026-07-25T17:39:43.581Z] Connected!
[2026-07-25T17:39:43.831Z] Closed, reconnecting...
[2026-07-25T17:39:45.132Z] Connecting to xiaozhi edu MCP...
[2026-07-25T17:39:45.390Z] Connected!
[2026-07-25T17:39:45.548Z] Closed, reconnecting...
[2026-07-25T17:39:48.833Z] Connecting to xiaozhi edu MCP...
[2026-07-25T17:39:49.094Z] Connected!
[2026-07-25T17:39:49.258Z] Closed, reconnecting...
[2026-07-25T17:39:50.551Z] Connecting to xiaozhi edu MCP...
[2026-07-25T17:39:50.822Z] Connected!
[2026-07-25T17:39:50.986Z] Closed, reconnecting...
[2026-07-25T17:39:54.260Z] Connecting to xiaozhi edu MCP...
[2026-07-25T17:39:54.508Z] Connected!
[2026-07-25T17:39:54.672Z] Closed, reconnecting...
[2026-07-25T17:39:55.988Z] Connecting to xiaozhi edu MCP...
[2026-07-25T17:39:56.236Z] Connected!
[2026-07-25T17:39:56.398Z] Closed, reconnecting...
[2026-07-25T17:39:59.673Z] Connecting to xiaozhi edu MCP...
[2026-07-25T17:39:59.927Z] Connected!
[2026-07-25T17:40:00.084Z] Closed, reconnecting...
[2026-07-25T17:40:01.398Z] Connecting to xiaozhi edu MCP...
[2026-07-25T17:40:01.651Z] Connected!
[2026-07-25T17:40:01.816Z] Closed, reconnecting...
[2026-07-25T17:40:05.087Z] Connecting to xiaozhi edu MCP...
[2026-07-25T17:40:05.354Z] Connected!
[2026-07-25T17:40:05.524Z] Closed, reconnecting...
[2026-07-25T17:40:06.816Z] Connecting to xiaozhi edu MCP...
[2026-07-25T17:40:07.068Z] Connected!
[2026-07-25T17:40:07.232Z] Closed, reconnecting...
[2026-07-25T17:40:10.525Z] Connecting to xiaozhi edu MCP...
[2026-07-25T17:40:10.789Z] Connected!
[2026-07-25T17:40:10.955Z] Closed, reconnecting...
[2026-07-25T17:40:12.232Z] Connecting to xiaozhi edu MCP...
[2026-07-25T17:40:12.487Z] Connected!
[2026-07-25T17:40:12.639Z] Closed, reconnecting...
[2026-07-25T17:40:15.957Z] Connecting to xiaozhi edu MCP...
[2026-07-25T17:40:16.221Z] Connected!
[2026-07-25T17:40:16.386Z] Closed, reconnecting...
[2026-07-25T17:40:17.641Z] Connecting to xiaozhi edu MCP...
[2026-07-25T17:40:17.926Z] Connected!
[2026-07-25T17:40:18.093Z] Closed, reconnecting...
[2026-07-25T17:40:21.388Z] Connecting to xiaozhi edu MCP...
[2026-07-25T17:40:21.640Z] Connected!
[2026-07-25T17:40:21.790Z] Closed, reconnecting...
[2026-07-25T17:40:23.095Z] Connecting to xiaozhi edu MCP...
[2026-07-25T17:40:23.342Z] Connected!
[2026-07-25T17:40:23.501Z] Closed, reconnecting...
[2026-07-25T17:40:26.792Z] Connecting to xiaozhi edu MCP...
[2026-07-25T17:40:27.060Z] Connected!
[2026-07-25T17:40:27.212Z] Closed, reconnecting...
[2026-07-25T17:40:28.503Z] Connecting to xiaozhi edu MCP...
[2026-07-25T17:40:28.775Z] Connected!
[2026-07-25T17:40:28.945Z] Closed, reconnecting...
[2026-07-25T17:40:32.215Z] Connecting to xiaozhi edu MCP...
[2026-07-25T17:40:32.486Z] Connected!
[2026-07-25T17:40:32.650Z] Closed, reconnecting...
[2026-07-25T17:40:33.947Z] Connecting to xiaozhi edu MCP...
[2026-07-25T17:40:34.187Z] Connected!
[2026-07-25T17:40:34.303Z] Closed, reconnecting...
[2026-07-25T17:40:37.652Z] Connecting to xiaozhi edu MCP...
[2026-07-25T17:40:37.891Z] Connected!
[2026-07-25T17:40:38.042Z] Closed, reconnecting...
[2026-07-25T17:40:39.304Z] Connecting to xiaozhi edu MCP...
[2026-07-25T17:40:39.687Z] Connected!
[2026-07-25T17:40:39.863Z] Closed, reconnecting...
[2026-07-25T17:40:43.044Z] Connecting to xiaozhi edu MCP...
[2026-07-25T17:40:43.329Z] Connected!
[2026-07-25T17:40:43.496Z] Closed, reconnecting...
[2026-07-25T17:40:44.865Z] Connecting to xiaozhi edu MCP...
[2026-07-25T17:40:45.102Z] Connected!
[2026-07-25T17:40:45.252Z] Closed, reconnecting...
[2026-07-25T17:40:48.498Z] Connecting to xiaozhi edu MCP...
[2026-07-25T17:40:48.739Z] Connected!
[2026-07-25T17:40:48.896Z] Closed, reconnecting...
[2026-07-25T17:40:50.254Z] Connecting to xiaozhi edu MCP...
[2026-07-25T17:40:50.502Z] Connected!
[2026-07-25T17:40:50.650Z] Closed, reconnecting...
[2026-07-25T17:40:53.897Z] Connecting to xiaozhi edu MCP...
[2026-07-25T17:40:54.152Z] Connected!
[2026-07-25T17:40:54.312Z] Closed, reconnecting...
[2026-07-25T17:40:55.653Z] Connecting to xiaozhi edu MCP...
[2026-07-25T17:40:55.906Z] Connected!
[2026-07-25T17:40:56.072Z] Closed, reconnecting...
[2026-07-25T17:40:59.313Z] Connecting to xiaozhi edu MCP...
[2026-07-25T17:40:59.564Z] Connected!
[2026-07-25T17:40:59.725Z] Closed, reconnecting...
[2026-07-25T17:41:01.074Z] Connecting to xiaozhi edu MCP...
[2026-07-25T17:41:01.329Z] Connected!
[2026-07-25T17:41:01.489Z] Closed, reconnecting...
[2026-07-25T17:41:04.727Z] Connecting to xiaozhi edu MCP...
[2026-07-25T17:41:04.972Z] Connected!
[2026-07-25T17:41:05.115Z] Closed, reconnecting...
[2026-07-25T17:41:06.491Z] Connecting to xiaozhi edu MCP...
[2026-07-25T17:41:06.741Z] Connected!
[2026-07-25T17:41:06.899Z] Closed, reconnecting...
[2026-07-25T17:41:10.117Z] Connecting to xiaozhi edu MCP...
[2026-07-25T17:41:10.364Z] Connected!
[2026-07-25T17:41:10.522Z] Closed, reconnecting...
[2026-07-25T17:41:11.902Z] Connecting to xiaozhi edu MCP...
[2026-07-25T17:41:12.141Z] Connected!
[2026-07-25T17:41:12.298Z] Closed, reconnecting...
[2026-07-25T17:41:15.522Z] Connecting to xiaozhi edu MCP...
[2026-07-25T17:41:15.780Z] Connected!
[2026-07-25T17:41:15.942Z] Closed, reconnecting...
[2026-07-25T17:41:17.299Z] Connecting to xiaozhi edu MCP...
[2026-07-25T17:41:17.548Z] Connected!
[2026-07-25T17:41:17.726Z] Closed, reconnecting...
[2026-07-25T17:41:20.945Z] Connecting to xiaozhi edu MCP...
[2026-07-25T17:41:21.200Z] Connected!
[2026-07-25T17:41:21.354Z] Closed, reconnecting...
[2026-07-25T17:41:22.728Z] Connecting to xiaozhi edu MCP...
[2026-07-25T17:41:22.956Z] Connected!
[2026-07-25T17:41:23.106Z] Closed, reconnecting...
[2026-07-25T17:41:26.355Z] Connecting to xiaozhi edu MCP...
[2026-07-25T17:41:26.611Z] Connected!
[2026-07-25T17:41:26.775Z] Closed, reconnecting...
[2026-07-25T17:41:28.108Z] Connecting to xiaozhi edu MCP...
[2026-07-25T17:41:28.357Z] Connected!
[2026-07-25T17:41:28.520Z] Closed, reconnecting...
[2026-07-25T17:41:31.776Z] Connecting to xiaozhi edu MCP...
[2026-07-25T17:41:32.023Z] Connected!
[2026-07-25T17:41:32.174Z] Closed, reconnecting...
[2026-07-25T17:41:33.521Z] Connecting to xiaozhi edu MCP...
[2026-07-25T17:41:33.786Z] Connected!
[2026-07-25T17:41:33.952Z] Closed, reconnecting...
[2026-07-25T17:41:37.177Z] Connecting to xiaozhi edu MCP...
[2026-07-25T17:41:37.444Z] Connected!
[2026-07-25T17:41:37.613Z] Closed, reconnecting...
[2026-07-25T17:41:38.952Z] Connecting to xiaozhi edu MCP...
[2026-07-25T17:41:39.187Z] Connected!
[2026-07-25T17:41:39.343Z] Closed, reconnecting...
[2026-07-25T17:41:42.615Z] Connecting to xiaozhi edu MCP...
[2026-07-25T17:41:42.886Z] Connected!
[2026-07-25T17:41:43.050Z] Closed, reconnecting...
[2026-07-25T17:41:44.345Z] Connecting to xiaozhi edu MCP...
[2026-07-25T17:41:44.635Z] Connected!
[2026-07-25T17:41:44.790Z] Closed, reconnecting...
[2026-07-25T17:41:48.052Z] Connecting to xiaozhi edu MCP...
[2026-07-25T17:41:48.309Z] Connected!
[2026-07-25T17:41:48.459Z] Closed, reconnecting...
[2026-07-25T17:41:49.793Z] Connecting to xiaozhi edu MCP...
[2026-07-25T17:41:50.046Z] Connected!
[2026-07-25T17:41:50.208Z] Closed, reconnecting...
[2026-07-25T17:41:53.461Z] Connecting to xiaozhi edu MCP...
[2026-07-25T17:41:53.726Z] Connected!
[2026-07-25T17:41:53.897Z] Closed, reconnecting...
[2026-07-25T17:41:55.211Z] Connecting to xiaozhi edu MCP...
[2026-07-25T17:41:55.463Z] Connected!
[2026-07-25T17:41:55.622Z] Closed, reconnecting...
[2026-07-25T17:41:58.898Z] Connecting to xiaozhi edu MCP...
[2026-07-25T17:41:59.142Z] Connected!
[2026-07-25T17:41:59.306Z] Closed, reconnecting...
[2026-07-25T17:42:00.624Z] Connecting to xiaozhi edu MCP...
[2026-07-25T17:42:00.879Z] Connected!
[2026-07-25T17:42:01.049Z] Closed, reconnecting...
[2026-07-25T17:42:04.307Z] Connecting to xiaozhi edu MCP...
[2026-07-25T17:42:04.658Z] Connected!
[2026-07-25T17:42:04.805Z] Closed, reconnecting...
[2026-07-25T17:42:06.051Z] Connecting to xiaozhi edu MCP...
[2026-07-25T17:42:06.296Z] Connected!
[2026-07-25T17:42:06.451Z] Closed, reconnecting...
[2026-07-25T17:42:09.806Z] Connecting to xiaozhi edu MCP...
[2026-07-25T17:42:10.058Z] Connected!
[2026-07-25T17:42:10.222Z] Closed, reconnecting...
[2026-07-25T17:42:11.451Z] Connecting to xiaozhi edu MCP...
[2026-07-25T17:42:11.712Z] Connected!
[2026-07-25T17:42:11.880Z] Closed, reconnecting...
[2026-07-25T17:42:15.222Z] Connecting to xiaozhi edu MCP...
[2026-07-25T17:42:15.457Z] Connected!
[2026-07-25T17:42:15.611Z] Closed, reconnecting...
[2026-07-25T17:42:16.880Z] Connecting to xiaozhi edu MCP...
[2026-07-25T17:42:17.118Z] Connected!
[2026-07-25T17:42:17.267Z] Closed, reconnecting...
[2026-07-25T17:42:20.611Z] Connecting to xiaozhi edu MCP...
[2026-07-25T17:42:20.842Z] Connected!
[2026-07-25T17:42:20.992Z] Closed, reconnecting...
[2026-07-25T17:42:22.268Z] Connecting to xiaozhi edu MCP...
[2026-07-25T17:42:22.531Z] Connected!
[2026-07-25T17:42:22.693Z] Closed, reconnecting...
[2026-07-25T17:42:25.995Z] Connecting to xiaozhi edu MCP...
[2026-07-25T17:42:26.256Z] Connected!
[2026-07-25T17:42:26.410Z] Closed, reconnecting...
[2026-07-25T17:42:27.696Z] Connecting to xiaozhi edu MCP...
[2026-07-25T17:42:27.944Z] Connected!
[2026-07-25T17:42:28.105Z] Closed, reconnecting...
[2026-07-25T17:42:31.413Z] Connecting to xiaozhi edu MCP...
[2026-07-25T17:42:31.654Z] Connected!
[2026-07-25T17:42:31.819Z] Closed, reconnecting...
[2026-07-25T17:42:33.105Z] Connecting to xiaozhi edu MCP...
[2026-07-25T17:42:33.354Z] Connected!
[2026-07-25T17:42:33.536Z] Closed, reconnecting...
[2026-07-25T17:42:36.822Z] Connecting to xiaozhi edu MCP...
[2026-07-25T17:42:37.079Z] Connected!
[2026-07-25T17:42:37.247Z] Closed, reconnecting...
[2026-07-25T17:42:38.535Z] Connecting to xiaozhi edu MCP...
[2026-07-25T17:42:38.805Z] Connected!
[2026-07-25T17:42:38.962Z] Closed, reconnecting...
[2026-07-25T17:42:42.250Z] Connecting to xiaozhi edu MCP...
[2026-07-25T17:42:42.511Z] Connected!
[2026-07-25T17:42:42.675Z] Closed, reconnecting...
[2026-07-25T17:42:43.964Z] Connecting to xiaozhi edu MCP...
[2026-07-25T17:42:44.212Z] Connected!
[2026-07-25T17:42:44.378Z] Closed, reconnecting...
[2026-07-25T17:42:47.678Z] Connecting to xiaozhi edu MCP...
[2026-07-25T17:42:47.923Z] Connected!
[2026-07-25T17:42:48.082Z] Closed, reconnecting...
[2026-07-25T17:42:49.381Z] Connecting to xiaozhi edu MCP...
[2026-07-25T17:42:49.946Z] Connected!
[2026-07-25T17:42:50.101Z] Closed, reconnecting...
[2026-07-25T17:42:53.083Z] Connecting to xiaozhi edu MCP...
[2026-07-25T17:42:53.346Z] Connected!
[2026-07-25T17:42:53.511Z] Closed, reconnecting...
[2026-07-25T17:42:55.104Z] Connecting to xiaozhi edu MCP...
[2026-07-25T17:42:55.329Z] Connected!
[2026-07-25T17:42:55.484Z] Closed, reconnecting...
[2026-07-25T17:42:58.514Z] Connecting to xiaozhi edu MCP...
[2026-07-25T17:42:58.748Z] Connected!
[2026-07-25T17:42:58.902Z] Closed, reconnecting...
[2026-07-25T17:43:00.486Z] Connecting to xiaozhi edu MCP...
[2026-07-25T17:43:00.718Z] Connected!
[2026-07-25T17:43:00.867Z] Closed, reconnecting...
[2026-07-25T17:43:03.904Z] Connecting to xiaozhi edu MCP...
[2026-07-25T17:43:04.163Z] Connected!
[2026-07-25T17:43:04.317Z] Closed, reconnecting...
[2026-07-25T17:43:05.869Z] Connecting to xiaozhi edu MCP...
[2026-07-25T17:43:06.132Z] Connected!
[2026-07-25T17:43:06.287Z] Closed, reconnecting...
[2026-07-25T17:43:09.318Z] Connecting to xiaozhi edu MCP...
[2026-07-25T17:43:09.582Z] Connected!
[2026-07-25T17:43:09.749Z] Closed, reconnecting...
[2026-07-25T17:43:11.289Z] Connecting to xiaozhi edu MCP...
[2026-07-25T17:43:11.546Z] Connected!
[2026-07-25T17:43:11.704Z] Closed, reconnecting...
[2026-07-25T17:43:14.750Z] Connecting to xiaozhi edu MCP...
[2026-07-25T17:43:14.996Z] Connected!
[2026-07-25T17:43:15.144Z] Closed, reconnecting...
[2026-07-25T17:43:16.706Z] Connecting to xiaozhi edu MCP...
[2026-07-25T17:43:16.943Z] Connected!
[2026-07-25T17:43:17.090Z] Closed, reconnecting...
[2026-07-25T17:43:20.146Z] Connecting to xiaozhi edu MCP...
[2026-07-25T17:43:20.420Z] Connected!
[2026-07-25T17:43:20.573Z] Closed, reconnecting...
[2026-07-25T17:43:22.091Z] Connecting to xiaozhi edu MCP...
[2026-07-25T17:43:22.339Z] Connected!
[2026-07-25T17:43:22.487Z] Closed, reconnecting...
[2026-07-25T17:43:25.574Z] Connecting to xiaozhi edu MCP...
[2026-07-25T17:43:25.818Z] Connected!
[2026-07-25T17:43:25.975Z] Closed, reconnecting...
[2026-07-25T17:43:27.489Z] Connecting to xiaozhi edu MCP...
[2026-07-25T17:43:27.743Z] Connected!
[2026-07-25T17:43:27.898Z] Closed, reconnecting...
[2026-07-25T17:43:30.978Z] Connecting to xiaozhi edu MCP...
[2026-07-25T17:43:31.236Z] Connected!
[2026-07-25T17:43:31.393Z] Closed, reconnecting...
[2026-07-25T17:43:32.899Z] Connecting to xiaozhi edu MCP...
[2026-07-25T17:43:33.148Z] Connected!
[2026-07-25T17:43:33.301Z] Closed, reconnecting...
[2026-07-25T17:43:36.395Z] Connecting to xiaozhi edu MCP...
[2026-07-25T17:43:36.670Z] Connected!
[2026-07-25T17:43:36.815Z] Closed, reconnecting...
[2026-07-25T17:43:38.303Z] Connecting to xiaozhi edu MCP...
[2026-07-25T17:43:38.532Z] Connected!
[2026-07-25T17:43:38.688Z] Closed, reconnecting...
[2026-07-25T17:43:41.815Z] Connecting to xiaozhi edu MCP...
[2026-07-25T17:43:42.082Z] Connected!
[2026-07-25T17:43:42.242Z] Closed, reconnecting...
[2026-07-25T17:43:43.690Z] Connecting to xiaozhi edu MCP...
[2026-07-25T17:43:43.937Z] Connected!
[2026-07-25T17:43:44.095Z] Closed, reconnecting...
[2026-07-25T17:43:47.244Z] Connecting to xiaozhi edu MCP...
[2026-07-25T17:43:47.498Z] Connected!
[2026-07-25T17:43:47.661Z] Closed, reconnecting...
[2026-07-25T17:43:49.097Z] Connecting to xiaozhi edu MCP...
[2026-07-25T17:43:49.403Z] Connected!
[2026-07-25T17:43:49.565Z] Closed, reconnecting...
[2026-07-25T17:43:52.663Z] Connecting to xiaozhi edu MCP...
[2026-07-25T17:43:52.903Z] Connected!
[2026-07-25T17:43:53.055Z] Closed, reconnecting...
[2026-07-25T17:43:54.565Z] Connecting to xiaozhi edu MCP...
[2026-07-25T17:43:54.806Z] Connected!
[2026-07-25T17:43:54.966Z] Closed, reconnecting...
[2026-07-25T17:43:58.057Z] Connecting to xiaozhi edu MCP...
[2026-07-25T17:43:58.307Z] Connected!
[2026-07-25T17:43:58.481Z] Closed, reconnecting...
[2026-07-25T17:43:59.968Z] Connecting to xiaozhi edu MCP...
[2026-07-25T17:44:00.225Z] Connected!
[2026-07-25T17:44:00.389Z] Closed, reconnecting...
[2026-07-25T17:44:03.482Z] Connecting to xiaozhi edu MCP...
[2026-07-25T17:44:03.729Z] Connected!
[2026-07-25T17:44:03.887Z] Closed, reconnecting...
[2026-07-25T17:44:05.390Z] Connecting to xiaozhi edu MCP...
[2026-07-25T17:44:05.622Z] Connected!
[2026-07-25T17:44:05.771Z] Closed, reconnecting...
[2026-07-25T17:44:08.889Z] Connecting to xiaozhi edu MCP...
[2026-07-25T17:44:09.122Z] Connected!
[2026-07-25T17:44:09.277Z] Closed, reconnecting...
[2026-07-25T17:44:10.773Z] Connecting to xiaozhi edu MCP...
[2026-07-25T17:44:11.018Z] Connected!
[2026-07-25T17:44:11.172Z] Closed, reconnecting...
[2026-07-25T17:44:14.279Z] Connecting to xiaozhi edu MCP...
[2026-07-25T17:44:14.544Z] Connected!
[2026-07-25T17:44:14.704Z] Closed, reconnecting...
[2026-07-25T17:44:16.175Z] Connecting to xiaozhi edu MCP...
[2026-07-25T17:44:16.434Z] Connected!
[2026-07-25T17:44:16.597Z] Closed, reconnecting...
[2026-07-25T17:44:19.706Z] Connecting to xiaozhi edu MCP...
[2026-07-25T17:44:19.955Z] Connected!
[2026-07-25T17:44:20.105Z] Closed, reconnecting...
[2026-07-25T17:44:21.598Z] Connecting to xiaozhi edu MCP...
[2026-07-25T17:44:21.832Z] Connected!
[2026-07-25T17:44:21.988Z] Closed, reconnecting...
[2026-07-25T17:44:25.107Z] Connecting to xiaozhi edu MCP...
[2026-07-25T17:44:25.372Z] Connected!
[2026-07-25T17:44:25.534Z] Closed, reconnecting...
[2026-07-25T17:44:26.990Z] Connecting to xiaozhi edu MCP...
[2026-07-25T17:44:27.238Z] Connected!
[2026-07-25T17:44:27.412Z] Closed, reconnecting...
[2026-07-25T17:44:30.536Z] Connecting to xiaozhi edu MCP...
[2026-07-25T17:44:30.790Z] Connected!
[2026-07-25T17:44:30.949Z] Closed, reconnecting...
[2026-07-25T17:44:32.414Z] Connecting to xiaozhi edu MCP...
[2026-07-25T17:44:32.660Z] Connected!
[2026-07-25T17:44:32.815Z] Closed, reconnecting...
[2026-07-25T17:44:35.951Z] Connecting to xiaozhi edu MCP...
[2026-07-25T17:44:36.220Z] Connected!
[2026-07-25T17:44:36.393Z] Closed, reconnecting...
[2026-07-25T17:44:37.818Z] Connecting to xiaozhi edu MCP...
[2026-07-25T17:44:38.072Z] Connected!
[2026-07-25T17:44:38.247Z] Closed, reconnecting...
[2026-07-25T17:44:41.395Z] Connecting to xiaozhi edu MCP...
[2026-07-25T17:44:41.653Z] Connected!
[2026-07-25T17:44:41.819Z] Closed, reconnecting...
[2026-07-25T17:44:43.250Z] Connecting to xiaozhi edu MCP...
[2026-07-25T17:44:43.518Z] Connected!
[2026-07-25T17:44:43.683Z] Closed, reconnecting...
[2026-07-25T17:44:46.821Z] Connecting to xiaozhi edu MCP...
[2026-07-25T17:44:47.100Z] Connected!
[2026-07-25T17:44:47.259Z] Closed, reconnecting...
[2026-07-25T17:44:48.687Z] Connecting to xiaozhi edu MCP...
[2026-07-25T17:44:48.929Z] Connected!
[2026-07-25T17:44:49.081Z] Closed, reconnecting...
[2026-07-25T17:44:52.261Z] Connecting to xiaozhi edu MCP...
[2026-07-25T17:44:52.508Z] Connected!
[2026-07-25T17:44:52.667Z] Closed, reconnecting...
[2026-07-25T17:44:54.083Z] Connecting to xiaozhi edu MCP...
[2026-07-25T17:44:54.328Z] Connected!
[2026-07-25T17:44:54.485Z] Closed, reconnecting...
[2026-07-25T17:44:57.668Z] Connecting to xiaozhi edu MCP...
[2026-07-25T17:44:57.931Z] Connected!
[2026-07-25T17:44:58.097Z] Closed, reconnecting...
[2026-07-25T17:44:59.487Z] Connecting to xiaozhi edu MCP...
[2026-07-25T17:44:59.812Z] Connected!
[2026-07-25T17:44:59.978Z] Closed, reconnecting...
[2026-07-25T17:45:03.099Z] Connecting to xiaozhi edu MCP...
[2026-07-25T17:45:03.371Z] Connected!
[2026-07-25T17:45:03.538Z] Closed, reconnecting...
[2026-07-25T17:45:04.980Z] Connecting to xiaozhi edu MCP...
[2026-07-25T17:45:05.226Z] Connected!
[2026-07-25T17:45:05.378Z] Closed, reconnecting...
[2026-07-25T17:45:08.539Z] Connecting to xiaozhi edu MCP...
[2026-07-25T17:45:08.788Z] Connected!
[2026-07-25T17:45:08.948Z] Closed, reconnecting...
[2026-07-25T17:45:10.380Z] Connecting to xiaozhi edu MCP...
[2026-07-25T17:45:10.617Z] Connected!
[2026-07-25T17:45:10.776Z] Closed, reconnecting...
[2026-07-25T17:45:13.950Z] Connecting to xiaozhi edu MCP...
[2026-07-25T17:45:14.192Z] Connected!
[2026-07-25T17:45:14.351Z] Closed, reconnecting...
[2026-07-25T17:45:15.778Z] Connecting to xiaozhi edu MCP...
[2026-07-25T17:45:16.041Z] Connected!
[2026-07-25T17:45:16.199Z] Closed, reconnecting...
[2026-07-25T17:45:19.353Z] Connecting to xiaozhi edu MCP...
[2026-07-25T17:45:19.603Z] Connected!
[2026-07-25T17:45:19.764Z] Closed, reconnecting...
[2026-07-25T17:45:21.201Z] Connecting to xiaozhi edu MCP...
[2026-07-25T17:45:21.462Z] Connected!
[2026-07-25T17:45:21.629Z] Closed, reconnecting...
[2026-07-25T17:45:24.766Z] Connecting to xiaozhi edu MCP...
[2026-07-25T17:45:25.035Z] Connected!
[2026-07-25T17:45:25.209Z] Closed, reconnecting...
[2026-07-25T17:45:26.632Z] Connecting to xiaozhi edu MCP...
[2026-07-25T17:45:26.896Z] Connected!
[2026-07-25T17:45:27.060Z] Closed, reconnecting...
[2026-07-25T17:45:30.210Z] Connecting to xiaozhi edu MCP...
[2026-07-25T17:45:30.474Z] Connected!
[2026-07-25T17:45:30.644Z] Closed, reconnecting...
[2026-07-25T17:45:32.063Z] Connecting to xiaozhi edu MCP...
[2026-07-25T17:45:32.331Z] Connected!
[2026-07-25T17:45:32.489Z] Closed, reconnecting...
[2026-07-25T17:45:35.646Z] Connecting to xiaozhi edu MCP...
[2026-07-25T17:45:35.892Z] Connected!
[2026-07-25T17:45:36.043Z] Closed, reconnecting...
[2026-07-25T17:45:37.490Z] Connecting to xiaozhi edu MCP...
[2026-07-25T17:45:37.755Z] Connected!
[2026-07-25T17:45:37.913Z] Closed, reconnecting...
[2026-07-25T17:45:41.046Z] Connecting to xiaozhi edu MCP...
[2026-07-25T17:45:41.289Z] Connected!
[2026-07-25T17:45:41.440Z] Closed, reconnecting...
[2026-07-25T17:45:42.915Z] Connecting to xiaozhi edu MCP...
[2026-07-25T17:45:43.192Z] Connected!
[2026-07-25T17:45:43.368Z] Closed, reconnecting...
[2026-07-25T17:45:46.441Z] Connecting to xiaozhi edu MCP...
[2026-07-25T17:45:46.705Z] Connected!
[2026-07-25T17:45:46.868Z] Closed, reconnecting...
[2026-07-25T17:45:48.370Z] Connecting to xiaozhi edu MCP...
[2026-07-25T17:45:48.620Z] Connected!
[2026-07-25T17:45:48.783Z] Closed, reconnecting...
[2026-07-25T17:45:51.870Z] Connecting to xiaozhi edu MCP...
[2026-07-25T17:45:52.123Z] Connected!
[2026-07-25T17:45:52.284Z] Closed, reconnecting...
[2026-07-25T17:45:53.785Z] Connecting to xiaozhi edu MCP...
[2026-07-25T17:45:54.037Z] Connected!
[2026-07-25T17:45:54.203Z] Closed, reconnecting...
[2026-07-25T17:45:57.285Z] Connecting to xiaozhi edu MCP...
[2026-07-25T17:45:57.522Z] Connected!
[2026-07-25T17:45:57.692Z] Closed, reconnecting...
[2026-07-25T17:45:59.206Z] Connecting to xiaozhi edu MCP...
[2026-07-25T17:45:59.464Z] Connected!
[2026-07-25T17:45:59.621Z] Closed, reconnecting...
[2026-07-25T17:46:02.695Z] Connecting to xiaozhi edu MCP...
[2026-07-25T17:46:02.929Z] Connected!
[2026-07-25T17:46:03.078Z] Closed, reconnecting...
[2026-07-25T17:46:04.623Z] Connecting to xiaozhi edu MCP...
[2026-07-25T17:46:04.960Z] Connected!
[2026-07-25T17:46:05.129Z] Closed, reconnecting...
[2026-07-25T17:46:08.078Z] Connecting to xiaozhi edu MCP...
[2026-07-25T17:46:08.318Z] Connected!
[2026-07-25T17:46:08.472Z] Closed, reconnecting...
[2026-07-25T17:46:10.131Z] Connecting to xiaozhi edu MCP...
[2026-07-25T17:46:10.376Z] Connected!
[2026-07-25T17:46:10.523Z] Closed, reconnecting...
[2026-07-25T17:46:13.473Z] Connecting to xiaozhi edu MCP...
[2026-07-25T17:46:13.741Z] Connected!
[2026-07-25T17:46:13.912Z] Closed, reconnecting...
[2026-07-25T17:46:15.525Z] Connecting to xiaozhi edu MCP...
[2026-07-25T17:46:15.768Z] Connected!
[2026-07-25T17:46:15.921Z] Closed, reconnecting...
[2026-07-25T17:46:18.914Z] Connecting to xiaozhi edu MCP...
[2026-07-25T17:46:19.162Z] Connected!
[2026-07-25T17:46:19.320Z] Closed, reconnecting...
[2026-07-25T17:46:20.923Z] Connecting to xiaozhi edu MCP...
[2026-07-25T17:46:21.170Z] Connected!
[2026-07-25T17:46:21.330Z] Closed, reconnecting...
[2026-07-25T17:46:24.322Z] Connecting to xiaozhi edu MCP...
[2026-07-25T17:46:24.582Z] Connected!
[2026-07-25T17:46:24.931Z] Closed, reconnecting...
[2026-07-25T17:46:26.332Z] Connecting to xiaozhi edu MCP...
[2026-07-25T17:46:26.590Z] Connected!
[2026-07-25T17:46:26.747Z] Closed, reconnecting...
[2026-07-25T17:46:29.933Z] Connecting to xiaozhi edu MCP...
[2026-07-25T17:46:30.201Z] Connected!
[2026-07-25T17:46:30.363Z] Closed, reconnecting...
[2026-07-25T17:46:31.750Z] Connecting to xiaozhi edu MCP...
[2026-07-25T17:46:32.007Z] Connected!
[2026-07-25T17:46:32.176Z] Closed, reconnecting...
[2026-07-25T17:46:35.366Z] Connecting to xiaozhi edu MCP...
[2026-07-25T17:46:35.597Z] Connected!
[2026-07-25T17:46:35.748Z] Closed, reconnecting...
[2026-07-25T17:46:37.177Z] Connecting to xiaozhi edu MCP...
[2026-07-25T17:46:37.446Z] Connected!
[2026-07-25T17:46:37.613Z] Closed, reconnecting...
[2026-07-25T17:46:40.751Z] Connecting to xiaozhi edu MCP...
[2026-07-25T17:46:41.013Z] Connected!
[2026-07-25T17:46:41.177Z] Closed, reconnecting...
[2026-07-25T17:46:42.616Z] Connecting to xiaozhi edu MCP...
[2026-07-25T17:46:42.876Z] Connected!
[2026-07-25T17:46:43.044Z] Closed, reconnecting...
[2026-07-25T17:46:46.177Z] Connecting to xiaozhi edu MCP...
[2026-07-25T17:46:46.434Z] Connected!
[2026-07-25T17:46:46.597Z] Closed, reconnecting...
[2026-07-25T17:46:48.047Z] Connecting to xiaozhi edu MCP...
[2026-07-25T17:46:48.289Z] Connected!
[2026-07-25T17:46:48.450Z] Closed, reconnecting...
[2026-07-25T17:46:51.599Z] Connecting to xiaozhi edu MCP...
[2026-07-25T17:46:51.853Z] Connected!
[2026-07-25T17:46:52.027Z] Closed, reconnecting...
[2026-07-25T17:46:53.452Z] Connecting to xiaozhi edu MCP...
[2026-07-25T17:46:53.698Z] Connected!
[2026-07-25T17:46:53.858Z] Closed, reconnecting...
[2026-07-25T17:46:57.029Z] Connecting to xiaozhi edu MCP...
[2026-07-25T17:46:57.280Z] Connected!
[2026-07-25T17:46:57.440Z] Closed, reconnecting...
[2026-07-25T17:46:58.859Z] Connecting to xiaozhi edu MCP...
[2026-07-25T17:46:59.108Z] Connected!
[2026-07-25T17:46:59.271Z] Closed, reconnecting...
[2026-07-25T17:47:02.441Z] Connecting to xiaozhi edu MCP...
[2026-07-25T17:47:02.692Z] Connected!
[2026-07-25T17:47:02.852Z] Closed, reconnecting...
[2026-07-25T17:47:04.274Z] Connecting to xiaozhi edu MCP...
[2026-07-25T17:47:04.540Z] Connected!
[2026-07-25T17:47:04.706Z] Closed, reconnecting...
[2026-07-25T17:47:07.854Z] Connecting to xiaozhi edu MCP...
[2026-07-25T17:47:08.109Z] Connected!
[2026-07-25T17:47:08.272Z] Closed, reconnecting...
[2026-07-25T17:47:09.709Z] Connecting to xiaozhi edu MCP...
[2026-07-25T17:47:09.963Z] Connected!
[2026-07-25T17:47:10.120Z] Closed, reconnecting...
[2026-07-25T17:47:13.275Z] Connecting to xiaozhi edu MCP...
[2026-07-25T17:47:13.505Z] Connected!
[2026-07-25T17:47:13.654Z] Closed, reconnecting...
[2026-07-25T17:47:15.122Z] Connecting to xiaozhi edu MCP...
[2026-07-25T17:47:15.382Z] Connected!
[2026-07-25T17:47:15.547Z] Closed, reconnecting...
[2026-07-25T17:47:18.655Z] Connecting to xiaozhi edu MCP...
[2026-07-25T17:47:18.921Z] Connected!
[2026-07-25T17:47:19.068Z] Closed, reconnecting...
[2026-07-25T17:47:20.550Z] Connecting to xiaozhi edu MCP...
[2026-07-25T17:47:20.800Z] Connected!
[2026-07-25T17:47:20.962Z] Closed, reconnecting...
[2026-07-25T17:47:24.070Z] Connecting to xiaozhi edu MCP...
[2026-07-25T17:47:24.322Z] Connected!
[2026-07-25T17:47:24.474Z] Closed, reconnecting...
[2026-07-25T17:47:25.965Z] Connecting to xiaozhi edu MCP...
[2026-07-25T17:47:26.224Z] Connected!
[2026-07-25T17:47:26.383Z] Closed, reconnecting...
[2026-07-25T17:47:29.476Z] Connecting to xiaozhi edu MCP...
[2026-07-25T17:47:29.718Z] Connected!
[2026-07-25T17:47:29.878Z] Closed, reconnecting...
[2026-07-25T17:47:31.385Z] Connecting to xiaozhi edu MCP...
[2026-07-25T17:47:31.645Z] Connected!
[2026-07-25T17:47:31.808Z] Closed, reconnecting...
[2026-07-25T17:47:34.879Z] Connecting to xiaozhi edu MCP...
[2026-07-25T17:47:35.116Z] Connected!
[2026-07-25T17:47:35.269Z] Closed, reconnecting...
[2026-07-25T17:47:36.809Z] Connecting to xiaozhi edu MCP...
[2026-07-25T17:47:37.064Z] Connected!
[2026-07-25T17:47:37.221Z] Closed, reconnecting...
[2026-07-25T17:47:40.271Z] Connecting to xiaozhi edu MCP...
[2026-07-25T17:47:40.495Z] Connected!
[2026-07-25T17:47:40.644Z] Closed, reconnecting...
[2026-07-25T17:47:42.223Z] Connecting to xiaozhi edu MCP...
[2026-07-25T17:47:42.478Z] Connected!
[2026-07-25T17:47:42.633Z] Closed, reconnecting...
[2026-07-25T17:47:45.646Z] Connecting to xiaozhi edu MCP...
[2026-07-25T17:47:45.890Z] Connected!
[2026-07-25T17:47:46.050Z] Closed, reconnecting...
[2026-07-25T17:47:47.635Z] Connecting to xiaozhi edu MCP...
[2026-07-25T17:47:47.888Z] Connected!
[2026-07-25T17:47:48.054Z] Closed, reconnecting...
[2026-07-25T17:47:51.052Z] Connecting to xiaozhi edu MCP...
[2026-07-25T17:47:51.302Z] Connected!
[2026-07-25T17:47:51.467Z] Closed, reconnecting...
[2026-07-25T17:47:53.056Z] Connecting to xiaozhi edu MCP...
[2026-07-25T17:47:53.321Z] Connected!
[2026-07-25T17:47:53.483Z] Closed, reconnecting...
[2026-07-25T17:47:56.470Z] Connecting to xiaozhi edu MCP...
[2026-07-25T17:47:56.732Z] Connected!
[2026-07-25T17:47:56.886Z] Closed, reconnecting...
[2026-07-25T17:47:58.485Z] Connecting to xiaozhi edu MCP...
[2026-07-25T17:47:58.735Z] Connected!
[2026-07-25T17:47:58.888Z] Closed, reconnecting...
[2026-07-25T17:48:01.888Z] Connecting to xiaozhi edu MCP...
[2026-07-25T17:48:02.150Z] Connected!
[2026-07-25T17:48:02.316Z] Closed, reconnecting...
[2026-07-25T17:48:03.890Z] Connecting to xiaozhi edu MCP...
[2026-07-25T17:48:04.148Z] Connected!
[2026-07-25T17:48:04.317Z] Closed, reconnecting...
[2026-07-25T17:48:07.318Z] Connecting to xiaozhi edu MCP...
[2026-07-25T17:48:07.582Z] Connected!
[2026-07-25T17:48:07.745Z] Closed, reconnecting...
[2026-07-25T17:48:09.319Z] Connecting to xiaozhi edu MCP...
[2026-07-25T17:48:09.575Z] Connected!
[2026-07-25T17:48:09.737Z] Closed, reconnecting...
[2026-07-25T17:48:12.747Z] Connecting to xiaozhi edu MCP...
[2026-07-25T17:48:13.017Z] Connected!
[2026-07-25T17:48:13.188Z] Closed, reconnecting...
[2026-07-25T17:48:14.739Z] Connecting to xiaozhi edu MCP...
[2026-07-25T17:48:14.966Z] Connected!
[2026-07-25T17:48:15.116Z] Closed, reconnecting...
[2026-07-25T17:48:18.191Z] Connecting to xiaozhi edu MCP...
[2026-07-25T17:48:18.433Z] Connected!
[2026-07-25T17:48:18.595Z] Closed, reconnecting...
[2026-07-25T17:48:20.118Z] Connecting to xiaozhi edu MCP...
[2026-07-25T17:48:20.384Z] Connected!
[2026-07-25T17:48:20.543Z] Closed, reconnecting...
[2026-07-25T17:48:23.597Z] Connecting to xiaozhi edu MCP...
[2026-07-25T17:48:23.860Z] Connected!
[2026-07-25T17:48:24.028Z] Closed, reconnecting...
[2026-07-25T17:48:25.545Z] Connecting to xiaozhi edu MCP...
[2026-07-25T17:48:25.797Z] Connected!
[2026-07-25T17:48:25.953Z] Closed, reconnecting...
[2026-07-25T17:48:29.030Z] Connecting to xiaozhi edu MCP...
[2026-07-25T17:48:29.492Z] Connected!
[2026-07-25T17:48:29.665Z] Closed, reconnecting...
[2026-07-25T17:48:30.954Z] Connecting to xiaozhi edu MCP...
[2026-07-25T17:48:31.201Z] Connected!
[2026-07-25T17:48:31.357Z] Closed, reconnecting...
[2026-07-25T17:48:34.667Z] Connecting to xiaozhi edu MCP...
[2026-07-25T17:48:34.951Z] Connected!
[2026-07-25T17:48:35.134Z] Closed, reconnecting...
[2026-07-25T17:48:36.358Z] Connecting to xiaozhi edu MCP...
[2026-07-25T17:48:36.606Z] Connected!
[2026-07-25T17:48:36.763Z] Closed, reconnecting...
[2026-07-25T17:48:40.136Z] Connecting to xiaozhi edu MCP...
[2026-07-25T17:48:40.395Z] Connected!
[2026-07-25T17:48:40.561Z] Closed, reconnecting...
[2026-07-25T17:48:41.764Z] Connecting to xiaozhi edu MCP...
[2026-07-25T17:48:42.072Z] Connected!
[2026-07-25T17:48:42.238Z] Closed, reconnecting...
[2026-07-25T17:48:45.563Z] Connecting to xiaozhi edu MCP...
[2026-07-25T17:48:45.803Z] Connected!
[2026-07-25T17:48:45.957Z] Closed, reconnecting...
[2026-07-25T17:48:47.240Z] Connecting to xiaozhi edu MCP...
[2026-07-25T17:48:47.509Z] Connected!
[2026-07-25T17:48:47.676Z] Closed, reconnecting...
[2026-07-25T17:48:50.957Z] Connecting to xiaozhi edu MCP...
[2026-07-25T17:48:51.218Z] Connected!
[2026-07-25T17:48:51.393Z] Closed, reconnecting...
[2026-07-25T17:48:52.678Z] Connecting to xiaozhi edu MCP...
[2026-07-25T17:48:52.931Z] Connected!
[2026-07-25T17:48:53.079Z] Closed, reconnecting...
[2026-07-25T17:48:56.396Z] Connecting to xiaozhi edu MCP...
[2026-07-25T17:48:56.644Z] Connected!
[2026-07-25T17:48:56.812Z] Closed, reconnecting...
[2026-07-25T17:48:58.081Z] Connecting to xiaozhi edu MCP...
[2026-07-25T17:48:58.313Z] Connected!
[2026-07-25T17:48:58.461Z] Closed, reconnecting...
[2026-07-25T17:49:01.814Z] Connecting to xiaozhi edu MCP...
[2026-07-25T17:49:02.071Z] Connected!
[2026-07-25T17:49:02.235Z] Closed, reconnecting...
[2026-07-25T17:49:03.463Z] Connecting to xiaozhi edu MCP...
[2026-07-25T17:49:03.730Z] Connected!
[2026-07-25T17:49:03.899Z] Closed, reconnecting...
[2026-07-25T17:49:07.237Z] Connecting to xiaozhi edu MCP...
[2026-07-25T17:49:07.471Z] Connected!
[2026-07-25T17:49:07.642Z] Closed, reconnecting...
[2026-07-25T17:49:08.900Z] Connecting to xiaozhi edu MCP...
[2026-07-25T17:49:09.159Z] Connected!
[2026-07-25T17:49:09.336Z] Closed, reconnecting...
[2026-07-25T17:49:12.645Z] Connecting to xiaozhi edu MCP...
[2026-07-25T17:49:12.867Z] Connected!
[2026-07-25T17:49:13.021Z] Closed, reconnecting...
[2026-07-25T17:49:14.338Z] Connecting to xiaozhi edu MCP...
[2026-07-25T17:49:14.589Z] Connected!
[2026-07-25T17:49:14.749Z] Closed, reconnecting...
[2026-07-25T17:49:18.023Z] Connecting to xiaozhi edu MCP...
[2026-07-25T17:49:18.285Z] Connected!
[2026-07-25T17:49:18.458Z] Closed, reconnecting...
[2026-07-25T17:49:19.752Z] Connecting to xiaozhi edu MCP...
[2026-07-25T17:49:20.002Z] Connected!
[2026-07-25T17:49:20.162Z] Closed, reconnecting...
[2026-07-25T17:49:23.460Z] Connecting to xiaozhi edu MCP...
[2026-07-25T17:49:23.726Z] Connected!
[2026-07-25T17:49:23.898Z] Closed, reconnecting...
[2026-07-25T17:49:25.164Z] Connecting to xiaozhi edu MCP...
[2026-07-25T17:49:25.416Z] Connected!
[2026-07-25T17:49:25.573Z] Closed, reconnecting...
[2026-07-25T17:49:28.900Z] Connecting to xiaozhi edu MCP...
[2026-07-25T17:49:29.152Z] Connected!
[2026-07-25T17:49:29.627Z] Closed, reconnecting...
[2026-07-25T17:49:30.576Z] Connecting to xiaozhi edu MCP...
[2026-07-25T17:49:30.843Z] Connected!
[2026-07-25T17:49:31.007Z] Closed, reconnecting...
[2026-07-25T17:49:34.627Z] Connecting to xiaozhi edu MCP...
[2026-07-25T17:49:34.874Z] Connected!
[2026-07-25T17:49:35.038Z] Closed, reconnecting...
[2026-07-25T17:49:36.009Z] Connecting to xiaozhi edu MCP...
[2026-07-25T17:49:36.271Z] Connected!
[2026-07-25T17:49:36.439Z] Closed, reconnecting...
[2026-07-25T17:49:40.039Z] Connecting to xiaozhi edu MCP...
[2026-07-25T17:49:40.284Z] Connected!
[2026-07-25T17:49:40.446Z] Closed, reconnecting...
[2026-07-25T17:49:41.439Z] Connecting to xiaozhi edu MCP...
[2026-07-25T17:49:41.685Z] Connected!
[2026-07-25T17:49:41.840Z] Closed, reconnecting...
[2026-07-25T17:49:45.449Z] Connecting to xiaozhi edu MCP...
[2026-07-25T17:49:45.688Z] Connected!
[2026-07-25T17:49:45.835Z] Closed, reconnecting...
[2026-07-25T17:49:46.843Z] Connecting to xiaozhi edu MCP...
[2026-07-25T17:49:47.076Z] Connected!
[2026-07-25T17:49:47.230Z] Closed, reconnecting...
[2026-07-25T17:49:50.838Z] Connecting to xiaozhi edu MCP...
[2026-07-25T17:49:51.089Z] Connected!
[2026-07-25T17:49:51.251Z] Closed, reconnecting...
[2026-07-25T17:49:52.232Z] Connecting to xiaozhi edu MCP...
[2026-07-25T17:49:52.473Z] Connected!
[2026-07-25T17:49:52.624Z] Closed, reconnecting...
[2026-07-25T17:49:56.253Z] Connecting to xiaozhi edu MCP...
[2026-07-25T17:49:56.497Z] Connected!
[2026-07-25T17:49:56.661Z] Closed, reconnecting...
[2026-07-25T17:49:57.626Z] Connecting to xiaozhi edu MCP...
[2026-07-25T17:49:57.892Z] Connected!
[2026-07-25T17:49:58.120Z] Closed, reconnecting...
[2026-07-25T17:50:01.662Z] Connecting to xiaozhi edu MCP...
[2026-07-25T17:50:01.915Z] Connected!
[2026-07-25T17:50:02.073Z] Closed, reconnecting...
[2026-07-25T17:50:03.121Z] Connecting to xiaozhi edu MCP...
[2026-07-25T17:50:03.365Z] Connected!
[2026-07-25T17:50:03.524Z] Closed, reconnecting...
[2026-07-25T17:50:07.075Z] Connecting to xiaozhi edu MCP...
[2026-07-25T17:50:07.308Z] Connected!
[2026-07-25T17:50:07.457Z] Closed, reconnecting...
[2026-07-25T17:50:08.527Z] Connecting to xiaozhi edu MCP...
[2026-07-25T17:50:08.774Z] Connected!
[2026-07-25T17:50:08.935Z] Closed, reconnecting...
[2026-07-25T17:50:12.459Z] Connecting to xiaozhi edu MCP...
[2026-07-25T17:50:12.710Z] Connected!
[2026-07-25T17:50:12.870Z] Closed, reconnecting...
[2026-07-25T17:50:13.938Z] Connecting to xiaozhi edu MCP...
[2026-07-25T17:50:14.189Z] Connected!
[2026-07-25T17:50:14.342Z] Closed, reconnecting...
[2026-07-25T17:50:17.871Z] Connecting to xiaozhi edu MCP...
[2026-07-25T17:50:18.120Z] Connected!
[2026-07-25T17:50:18.281Z] Closed, reconnecting...
[2026-07-25T17:50:19.345Z] Connecting to xiaozhi edu MCP...
[2026-07-25T17:50:19.630Z] Connected!
[2026-07-25T17:50:19.810Z] Closed, reconnecting...
[2026-07-25T17:50:23.283Z] Connecting to xiaozhi edu MCP...
[2026-07-25T17:50:23.529Z] Connected!
[2026-07-25T17:50:23.686Z] Closed, reconnecting...
[2026-07-25T17:50:24.812Z] Connecting to xiaozhi edu MCP...
[2026-07-25T17:50:25.074Z] Connected!
[2026-07-25T17:50:25.243Z] Closed, reconnecting...
[2026-07-25T17:50:28.687Z] Connecting to xiaozhi edu MCP...
[2026-07-25T17:50:28.937Z] Connected!
[2026-07-25T17:50:29.101Z] Closed, reconnecting...
[2026-07-25T17:50:30.244Z] Connecting to xiaozhi edu MCP...
[2026-07-25T17:50:30.495Z] Connected!
[2026-07-25T17:50:30.661Z] Closed, reconnecting...
[2026-07-25T17:50:34.103Z] Connecting to xiaozhi edu MCP...
[2026-07-25T17:50:34.352Z] Connected!
[2026-07-25T17:50:34.511Z] Closed, reconnecting...
[2026-07-25T17:50:35.663Z] Connecting to xiaozhi edu MCP...
[2026-07-25T17:50:35.929Z] Connected!
[2026-07-25T17:50:36.099Z] Closed, reconnecting...
[2026-07-25T17:50:39.512Z] Connecting to xiaozhi edu MCP...
[2026-07-25T17:50:39.777Z] Connected!
[2026-07-25T17:50:39.948Z] Closed, reconnecting...
[2026-07-25T17:50:41.101Z] Connecting to xiaozhi edu MCP...
[2026-07-25T17:50:41.357Z] Connected!
[2026-07-25T17:50:41.516Z] Closed, reconnecting...
[2026-07-25T17:50:44.948Z] Connecting to xiaozhi edu MCP...
[2026-07-25T17:50:45.191Z] Connected!
[2026-07-25T17:50:45.348Z] Closed, reconnecting...
[2026-07-25T17:50:46.519Z] Connecting to xiaozhi edu MCP...
[2026-07-25T17:50:46.771Z] Connected!
[2026-07-25T17:50:46.932Z] Closed, reconnecting...
[2026-07-25T17:50:50.350Z] Connecting to xiaozhi edu MCP...
[2026-07-25T17:50:50.621Z] Connected!
[2026-07-25T17:50:50.776Z] Closed, reconnecting...
[2026-07-25T17:50:51.934Z] Connecting to xiaozhi edu MCP...
[2026-07-25T17:50:52.198Z] Connected!
[2026-07-25T17:50:52.370Z] Closed, reconnecting...
[2026-07-25T17:50:55.776Z] Connecting to xiaozhi edu MCP...
[2026-07-25T17:50:56.024Z] Connected!
[2026-07-25T17:50:56.183Z] Closed, reconnecting...
[2026-07-25T17:50:57.371Z] Connecting to xiaozhi edu MCP...
[2026-07-25T17:50:57.630Z] Connected!
[2026-07-25T17:50:57.792Z] Closed, reconnecting...
[2026-07-25T17:51:01.186Z] Connecting to xiaozhi edu MCP...
[2026-07-25T17:51:01.417Z] Connected!
[2026-07-25T17:51:01.569Z] Closed, reconnecting...
[2026-07-25T17:51:02.794Z] Connecting to xiaozhi edu MCP...
[2026-07-25T17:51:03.052Z] Connected!
[2026-07-25T17:51:03.214Z] Closed, reconnecting...
[2026-07-25T17:51:06.570Z] Connecting to xiaozhi edu MCP...
[2026-07-25T17:51:06.810Z] Connected!
[2026-07-25T17:51:06.967Z] Closed, reconnecting...
[2026-07-25T17:51:08.216Z] Connecting to xiaozhi edu MCP...
[2026-07-25T17:51:08.459Z] Connected!
[2026-07-25T17:51:08.613Z] Closed, reconnecting...
[2026-07-25T17:51:11.969Z] Connecting to xiaozhi edu MCP...
[2026-07-25T17:51:12.230Z] Connected!
[2026-07-25T17:51:12.400Z] Closed, reconnecting...
[2026-07-25T17:51:13.616Z] Connecting to xiaozhi edu MCP...
[2026-07-25T17:51:13.871Z] Connected!
[2026-07-25T17:51:14.027Z] Closed, reconnecting...
[2026-07-25T17:51:17.402Z] Connecting to xiaozhi edu MCP...
[2026-07-25T17:51:17.657Z] Connected!
[2026-07-25T17:51:17.829Z] Closed, reconnecting...
[2026-07-25T17:51:19.029Z] Connecting to xiaozhi edu MCP...
[2026-07-25T17:51:19.284Z] Connected!
[2026-07-25T17:51:19.446Z] Closed, reconnecting...
[2026-07-25T17:51:22.830Z] Connecting to xiaozhi edu MCP...
[2026-07-25T17:51:23.080Z] Connected!
[2026-07-25T17:51:23.248Z] Closed, reconnecting...
[2026-07-25T17:51:24.449Z] Connecting to xiaozhi edu MCP...
[2026-07-25T17:51:24.922Z] Connected!
[2026-07-25T17:51:25.100Z] Closed, reconnecting...
[2026-07-25T17:51:28.249Z] Connecting to xiaozhi edu MCP...
[2026-07-25T17:51:28.524Z] Connected!
[2026-07-25T17:51:28.688Z] Closed, reconnecting...
[2026-07-25T17:51:30.102Z] Connecting to xiaozhi edu MCP...
[2026-07-25T17:51:30.342Z] Connected!
[2026-07-25T17:51:30.497Z] Closed, reconnecting...
[2026-07-25T17:51:33.690Z] Connecting to xiaozhi edu MCP...
[2026-07-25T17:51:33.961Z] Connected!
[2026-07-25T17:51:34.139Z] Closed, reconnecting...
[2026-07-25T17:51:35.499Z] Connecting to xiaozhi edu MCP...
[2026-07-25T17:51:35.752Z] Connected!
[2026-07-25T17:51:35.913Z] Closed, reconnecting...
[2026-07-25T17:51:39.141Z] Connecting to xiaozhi edu MCP...
[2026-07-25T17:51:39.401Z] Connected!
[2026-07-25T17:51:39.570Z] Closed, reconnecting...
[2026-07-25T17:51:40.916Z] Connecting to xiaozhi edu MCP...
[2026-07-25T17:51:41.153Z] Connected!
[2026-07-25T17:51:41.308Z] Closed, reconnecting...
[2026-07-25T17:51:44.573Z] Connecting to xiaozhi edu MCP...
[2026-07-25T17:51:44.817Z] Connected!
[2026-07-25T17:51:44.973Z] Closed, reconnecting...
[2026-07-25T17:51:46.310Z] Connecting to xiaozhi edu MCP...
[2026-07-25T17:51:46.573Z] Connected!
[2026-07-25T17:51:46.733Z] Closed, reconnecting...
[2026-07-25T17:51:49.975Z] Connecting to xiaozhi edu MCP...
[2026-07-25T17:51:50.242Z] Connected!
[2026-07-25T17:51:50.425Z] Closed, reconnecting...
[2026-07-25T17:51:51.734Z] Connecting to xiaozhi edu MCP...
[2026-07-25T17:51:51.988Z] Connected!
[2026-07-25T17:51:52.152Z] Closed, reconnecting...
[2026-07-25T17:51:55.428Z] Connecting to xiaozhi edu MCP...
[2026-07-25T17:51:55.688Z] Connected!
[2026-07-25T17:51:55.865Z] Closed, reconnecting...
[2026-07-25T17:51:57.152Z] Connecting to xiaozhi edu MCP...
[2026-07-25T17:51:57.492Z] Connected!
[2026-07-25T17:51:57.692Z] Closed, reconnecting...
[2026-07-25T17:52:00.866Z] Connecting to xiaozhi edu MCP...
[2026-07-25T17:52:01.102Z] Connected!
[2026-07-25T17:52:01.257Z] Closed, reconnecting...
[2026-07-25T17:52:02.695Z] Connecting to xiaozhi edu MCP...
[2026-07-25T17:52:02.957Z] Connected!
[2026-07-25T17:52:03.122Z] Closed, reconnecting...
[2026-07-25T17:52:06.260Z] Connecting to xiaozhi edu MCP...
[2026-07-25T17:52:06.541Z] Connected!
[2026-07-25T17:52:06.720Z] Closed, reconnecting...
[2026-07-25T17:52:08.122Z] Connecting to xiaozhi edu MCP...
[2026-07-25T17:52:08.362Z] Connected!
[2026-07-25T17:52:08.519Z] Closed, reconnecting...
[2026-07-25T17:52:11.723Z] Connecting to xiaozhi edu MCP...
[2026-07-25T17:52:11.973Z] Connected!
[2026-07-25T17:52:12.143Z] Closed, reconnecting...
[2026-07-25T17:52:13.521Z] Connecting to xiaozhi edu MCP...
[2026-07-25T17:52:13.774Z] Connected!
[2026-07-25T17:52:13.930Z] Closed, reconnecting...
[2026-07-25T17:52:17.144Z] Connecting to xiaozhi edu MCP...
[2026-07-25T17:52:17.404Z] Connected!
[2026-07-25T17:52:17.571Z] Closed, reconnecting...
[2026-07-25T17:52:18.932Z] Connecting to xiaozhi edu MCP...
[2026-07-25T17:52:19.205Z] Connected!
[2026-07-25T17:52:19.411Z] Closed, reconnecting...
[2026-07-25T17:52:22.573Z] Connecting to xiaozhi edu MCP...
[2026-07-25T17:52:22.809Z] Connected!
[2026-07-25T17:52:22.957Z] Closed, reconnecting...
[2026-07-25T17:52:24.413Z] Connecting to xiaozhi edu MCP...
[2026-07-25T17:52:24.670Z] Connected!
[2026-07-25T17:52:24.836Z] Closed, reconnecting...
[2026-07-25T17:52:27.959Z] Connecting to xiaozhi edu MCP...
[2026-07-25T17:52:28.209Z] Connected!
[2026-07-25T17:52:28.371Z] Closed, reconnecting...
[2026-07-25T17:52:29.838Z] Connecting to xiaozhi edu MCP...
[2026-07-25T17:52:30.099Z] Connected!
[2026-07-25T17:52:30.273Z] Closed, reconnecting...
[2026-07-25T17:52:33.373Z] Connecting to xiaozhi edu MCP...
[2026-07-25T17:52:33.632Z] Connected!
[2026-07-25T17:52:33.792Z] Closed, reconnecting...
[2026-07-25T17:52:35.275Z] Connecting to xiaozhi edu MCP...
[2026-07-25T17:52:35.583Z] Connected!
[2026-07-25T17:52:35.752Z] Closed, reconnecting...
[2026-07-25T17:52:38.795Z] Connecting to xiaozhi edu MCP...
[2026-07-25T17:52:39.060Z] Connected!
[2026-07-25T17:52:39.229Z] Closed, reconnecting...
[2026-07-25T17:52:40.754Z] Connecting to xiaozhi edu MCP...
[2026-07-25T17:52:41.007Z] Connected!
[2026-07-25T17:52:41.161Z] Closed, reconnecting...
[2026-07-25T17:52:44.231Z] Connecting to xiaozhi edu MCP...
[2026-07-25T17:52:44.493Z] Connected!
[2026-07-25T17:52:44.666Z] Closed, reconnecting...
[2026-07-25T17:52:46.163Z] Connecting to xiaozhi edu MCP...
[2026-07-25T17:52:46.416Z] Connected!
[2026-07-25T17:52:46.581Z] Closed, reconnecting...
[2026-07-25T17:52:49.666Z] Connecting to xiaozhi edu MCP...
[2026-07-25T17:52:49.916Z] Connected!
[2026-07-25T17:52:50.069Z] Closed, reconnecting...
[2026-07-25T17:52:51.583Z] Connecting to xiaozhi edu MCP...
[2026-07-25T17:52:51.856Z] Connected!
[2026-07-25T17:52:52.019Z] Closed, reconnecting...
[2026-07-25T17:52:55.071Z] Connecting to xiaozhi edu MCP...
[2026-07-25T17:52:55.321Z] Connected!
[2026-07-25T17:52:55.476Z] Closed, reconnecting...
[2026-07-25T17:52:57.021Z] Connecting to xiaozhi edu MCP...
[2026-07-25T17:52:57.273Z] Connected!
[2026-07-25T17:52:57.437Z] Closed, reconnecting...
[2026-07-25T17:53:00.477Z] Connecting to xiaozhi edu MCP...
[2026-07-25T17:53:00.751Z] Connected!
[2026-07-25T17:53:00.916Z] Closed, reconnecting...
[2026-07-25T17:53:02.439Z] Connecting to xiaozhi edu MCP...
[2026-07-25T17:53:02.717Z] Connected!
[2026-07-25T17:53:02.888Z] Closed, reconnecting...
[2026-07-25T17:53:05.917Z] Connecting to xiaozhi edu MCP...
[2026-07-25T17:53:06.194Z] Connected!
[2026-07-25T17:53:06.381Z] Closed, reconnecting...
[2026-07-25T17:53:07.888Z] Connecting to xiaozhi edu MCP...
[2026-07-25T17:53:08.143Z] Connected!
[2026-07-25T17:53:08.298Z] Closed, reconnecting...
[2026-07-25T17:53:11.383Z] Connecting to xiaozhi edu MCP...
[2026-07-25T17:53:11.626Z] Connected!
[2026-07-25T17:53:11.785Z] Closed, reconnecting...
[2026-07-25T17:53:13.298Z] Connecting to xiaozhi edu MCP...
[2026-07-25T17:53:13.549Z] Connected!
[2026-07-25T17:53:13.703Z] Closed, reconnecting...
[2026-07-25T17:53:16.787Z] Connecting to xiaozhi edu MCP...
[2026-07-25T17:53:17.039Z] Connected!
[2026-07-25T17:53:17.194Z] Closed, reconnecting...
[2026-07-25T17:53:18.705Z] Connecting to xiaozhi edu MCP...
[2026-07-25T17:53:18.964Z] Connected!
[2026-07-25T17:53:19.126Z] Closed, reconnecting...
[2026-07-25T17:53:22.194Z] Connecting to xiaozhi edu MCP...
[2026-07-25T17:53:22.475Z] Connected!
[2026-07-25T17:53:22.644Z] Closed, reconnecting...
[2026-07-25T17:53:24.128Z] Connecting to xiaozhi edu MCP...
[2026-07-25T17:53:24.375Z] Connected!
[2026-07-25T17:53:24.530Z] Closed, reconnecting...
[2026-07-25T17:53:27.646Z] Connecting to xiaozhi edu MCP...
[2026-07-25T17:53:27.880Z] Connected!
[2026-07-25T17:53:28.244Z] Closed, reconnecting...
[2026-07-25T17:53:29.532Z] Connecting to xiaozhi edu MCP...
[2026-07-25T17:53:29.791Z] Connected!
[2026-07-25T17:53:29.957Z] Closed, reconnecting...
[2026-07-25T17:53:33.246Z] Connecting to xiaozhi edu MCP...
[2026-07-25T17:53:33.520Z] Connected!
[2026-07-25T17:53:33.683Z] Closed, reconnecting...
[2026-07-25T17:53:34.959Z] Connecting to xiaozhi edu MCP...
[2026-07-25T17:53:35.205Z] Connected!
[2026-07-25T17:53:35.370Z] Closed, reconnecting...
[2026-07-25T17:53:38.685Z] Connecting to xiaozhi edu MCP...
[2026-07-25T17:53:38.941Z] Connected!
[2026-07-25T17:53:39.102Z] Closed, reconnecting...
[2026-07-25T17:53:40.372Z] Connecting to xiaozhi edu MCP...
[2026-07-25T17:53:40.625Z] Connected!
[2026-07-25T17:53:40.793Z] Closed, reconnecting...
[2026-07-25T17:53:44.104Z] Connecting to xiaozhi edu MCP...
[2026-07-25T17:53:44.345Z] Connected!
[2026-07-25T17:53:44.502Z] Closed, reconnecting...
[2026-07-25T17:53:45.795Z] Connecting to xiaozhi edu MCP...
[2026-07-25T17:53:46.038Z] Connected!
[2026-07-25T17:53:46.184Z] Closed, reconnecting...
[2026-07-25T17:53:49.504Z] Connecting to xiaozhi edu MCP...
[2026-07-25T17:53:49.766Z] Connected!
[2026-07-25T17:53:49.943Z] Closed, reconnecting...
[2026-07-25T17:53:51.186Z] Connecting to xiaozhi edu MCP...
[2026-07-25T17:53:51.445Z] Connected!
[2026-07-25T17:53:51.611Z] Closed, reconnecting...
[2026-07-25T17:53:54.945Z] Connecting to xiaozhi edu MCP...
[2026-07-25T17:53:55.210Z] Connected!
[2026-07-25T17:53:55.377Z] Closed, reconnecting...
[2026-07-25T17:53:56.614Z] Connecting to xiaozhi edu MCP...
[2026-07-25T17:53:56.858Z] Connected!
[2026-07-25T17:53:57.014Z] Closed, reconnecting...
[2026-07-25T17:54:00.379Z] Connecting to xiaozhi edu MCP...
[2026-07-25T17:54:00.654Z] Connected!
[2026-07-25T17:54:00.831Z] Closed, reconnecting...
[2026-07-25T17:54:02.014Z] Connecting to xiaozhi edu MCP...
[2026-07-25T17:54:02.265Z] Connected!
[2026-07-25T17:54:02.423Z] Closed, reconnecting...
[2026-07-25T17:54:05.832Z] Connecting to xiaozhi edu MCP...
[2026-07-25T17:54:06.110Z] Connected!
[2026-07-25T17:54:06.268Z] Closed, reconnecting...
[2026-07-25T17:54:07.425Z] Connecting to xiaozhi edu MCP...
[2026-07-25T17:54:07.687Z] Connected!
[2026-07-25T17:54:07.851Z] Closed, reconnecting...
[2026-07-25T17:54:11.269Z] Connecting to xiaozhi edu MCP...
[2026-07-25T17:54:11.528Z] Connected!
[2026-07-25T17:54:11.661Z] Closed, reconnecting...
[2026-07-25T17:54:12.853Z] Connecting to xiaozhi edu MCP...
[2026-07-25T17:54:13.119Z] Connected!
[2026-07-25T17:54:13.284Z] Closed, reconnecting...
[2026-07-25T17:54:16.664Z] Connecting to xiaozhi edu MCP...
[2026-07-25T17:54:16.915Z] Connected!
[2026-07-25T17:54:17.055Z] Closed, reconnecting...
[2026-07-25T17:54:18.286Z] Connecting to xiaozhi edu MCP...
[2026-07-25T17:54:18.545Z] Connected!
[2026-07-25T17:54:18.714Z] Closed, reconnecting...
[2026-07-25T17:54:22.058Z] Connecting to xiaozhi edu MCP...
[2026-07-25T17:54:22.316Z] Connected!
[2026-07-25T17:54:22.476Z] Closed, reconnecting...
[2026-07-25T17:54:23.715Z] Connecting to xiaozhi edu MCP...
[2026-07-25T17:54:23.982Z] Connected!
[2026-07-25T17:54:24.156Z] Closed, reconnecting...
[2026-07-25T17:54:27.479Z] Connecting to xiaozhi edu MCP...
[2026-07-25T17:54:27.720Z] Connected!
[2026-07-25T17:54:27.872Z] Closed, reconnecting...
[2026-07-25T17:54:29.158Z] Connecting to xiaozhi edu MCP...
[2026-07-25T17:54:29.966Z] Connected!
[2026-07-25T17:54:30.128Z] Closed, reconnecting...
[2026-07-25T17:54:32.873Z] Connecting to xiaozhi edu MCP...
[2026-07-25T17:54:33.139Z] Connected!
[2026-07-25T17:54:33.304Z] Closed, reconnecting...
[2026-07-25T17:54:35.131Z] Connecting to xiaozhi edu MCP...
[2026-07-25T17:54:35.376Z] Connected!
[2026-07-25T17:54:35.529Z] Closed, reconnecting...
[2026-07-25T17:54:38.306Z] Connecting to xiaozhi edu MCP...
[2026-07-25T17:54:38.745Z] Connected!
[2026-07-25T17:54:38.919Z] Closed, reconnecting...
[2026-07-25T17:54:40.531Z] Connecting to xiaozhi edu MCP...
[2026-07-25T17:54:40.806Z] Connected!
[2026-07-25T17:54:40.969Z] Closed, reconnecting...
[2026-07-25T17:54:43.920Z] Connecting to xiaozhi edu MCP...
[2026-07-25T17:54:44.163Z] Connected!
[2026-07-25T17:54:44.320Z] Closed, reconnecting...
[2026-07-25T17:54:45.970Z] Connecting to xiaozhi edu MCP...
[2026-07-25T17:54:46.226Z] Connected!
[2026-07-25T17:54:46.390Z] Closed, reconnecting...
[2026-07-25T17:54:49.322Z] Connecting to xiaozhi edu MCP...
[2026-07-25T17:54:49.576Z] Connected!
[2026-07-25T17:54:49.740Z] Closed, reconnecting...
[2026-07-25T17:54:51.392Z] Connecting to xiaozhi edu MCP...
[2026-07-25T17:54:51.643Z] Connected!
[2026-07-25T17:54:51.803Z] Closed, reconnecting...
[2026-07-25T17:54:54.740Z] Connecting to xiaozhi edu MCP...
[2026-07-25T17:54:54.986Z] Connected!
[2026-07-25T17:54:55.145Z] Closed, reconnecting...
[2026-07-25T17:54:56.805Z] Connecting to xiaozhi edu MCP...
[2026-07-25T17:54:57.055Z] Connected!
[2026-07-25T17:54:57.205Z] Closed, reconnecting...
[2026-07-25T17:55:00.146Z] Connecting to xiaozhi edu MCP...
[2026-07-25T17:55:00.382Z] Connected!
[2026-07-25T17:55:00.538Z] Closed, reconnecting...
[2026-07-25T17:55:02.207Z] Connecting to xiaozhi edu MCP...
[2026-07-25T17:55:02.444Z] Connected!
[2026-07-25T17:55:02.590Z] Closed, reconnecting...
[2026-07-25T17:55:05.540Z] Connecting to xiaozhi edu MCP...
[2026-07-25T17:55:05.787Z] Connected!
[2026-07-25T17:55:05.942Z] Closed, reconnecting...
[2026-07-25T17:55:07.592Z] Connecting to xiaozhi edu MCP...
[2026-07-25T17:55:07.869Z] Connected!
[2026-07-25T17:55:08.038Z] Closed, reconnecting...
[2026-07-25T17:55:10.943Z] Connecting to xiaozhi edu MCP...
[2026-07-25T17:55:11.247Z] Connected!
[2026-07-25T17:55:11.388Z] Closed, reconnecting...
[2026-07-25T17:55:13.041Z] Connecting to xiaozhi edu MCP...
[2026-07-25T17:55:13.291Z] Connected!
[2026-07-25T17:55:13.452Z] Closed, reconnecting...
[2026-07-25T17:55:16.390Z] Connecting to xiaozhi edu MCP...
[2026-07-25T17:55:16.653Z] Connected!
[2026-07-25T17:55:16.808Z] Closed, reconnecting...
[2026-07-25T17:55:18.453Z] Connecting to xiaozhi edu MCP...
[2026-07-25T17:55:18.689Z] Connected!
[2026-07-25T17:55:18.835Z] Closed, reconnecting...
[2026-07-25T17:55:21.809Z] Connecting to xiaozhi edu MCP...
[2026-07-25T17:55:22.079Z] Connected!
[2026-07-25T17:55:22.249Z] Closed, reconnecting...
[2026-07-25T17:55:23.836Z] Connecting to xiaozhi edu MCP...
[2026-07-25T17:55:24.108Z] Connected!
[2026-07-25T17:55:24.277Z] Closed, reconnecting...
[2026-07-25T17:55:27.252Z] Connecting to xiaozhi edu MCP...
[2026-07-25T17:55:27.502Z] Connected!
[2026-07-25T17:55:27.658Z] Closed, reconnecting...
[2026-07-25T17:55:29.279Z] Connecting to xiaozhi edu MCP...
[2026-07-25T17:55:29.524Z] Connected!
[2026-07-25T17:55:29.678Z] Closed, reconnecting...
[2026-07-25T17:55:32.660Z] Connecting to xiaozhi edu MCP...
[2026-07-25T17:55:32.902Z] Connected!
[2026-07-25T17:55:33.069Z] Closed, reconnecting...
[2026-07-25T17:55:34.679Z] Connecting to xiaozhi edu MCP...
[2026-07-25T17:55:34.929Z] Connected!
[2026-07-25T17:55:35.095Z] Closed, reconnecting...
[2026-07-25T17:55:38.072Z] Connecting to xiaozhi edu MCP...
[2026-07-25T17:55:38.300Z] Connected!
[2026-07-25T17:55:38.445Z] Closed, reconnecting...
[2026-07-25T17:55:40.096Z] Connecting to xiaozhi edu MCP...
[2026-07-25T17:55:40.353Z] Connected!
[2026-07-25T17:55:40.510Z] Closed, reconnecting...
[2026-07-25T17:55:43.446Z] Connecting to xiaozhi edu MCP...
[2026-07-25T17:55:43.704Z] Connected!
[2026-07-25T17:55:43.870Z] Closed, reconnecting...
[2026-07-25T17:55:45.510Z] Connecting to xiaozhi edu MCP...
[2026-07-25T17:55:45.753Z] Connected!
[2026-07-25T17:55:45.906Z] Closed, reconnecting...
[2026-07-25T17:55:48.872Z] Connecting to xiaozhi edu MCP...
[2026-07-25T17:55:49.121Z] Connected!
[2026-07-25T17:55:49.277Z] Closed, reconnecting...
[2026-07-25T17:55:50.907Z] Connecting to xiaozhi edu MCP...
[2026-07-25T17:55:51.149Z] Connected!
[2026-07-25T17:55:51.304Z] Closed, reconnecting...
[2026-07-25T17:55:54.279Z] Connecting to xiaozhi edu MCP...
[2026-07-25T17:55:54.547Z] Connected!
[2026-07-25T17:55:54.715Z] Closed, reconnecting...
[2026-07-25T17:55:56.306Z] Connecting to xiaozhi edu MCP...
[2026-07-25T17:55:56.574Z] Connected!
[2026-07-25T17:55:56.737Z] Closed, reconnecting...
[2026-07-25T17:55:59.718Z] Connecting to xiaozhi edu MCP...
[2026-07-25T17:55:59.974Z] Connected!
[2026-07-25T17:56:00.137Z] Closed, reconnecting...
[2026-07-25T17:56:01.740Z] Connecting to xiaozhi edu MCP...
[2026-07-25T17:56:02.005Z] Connected!
[2026-07-25T17:56:02.168Z] Closed, reconnecting...
[2026-07-25T17:56:05.138Z] Connecting to xiaozhi edu MCP...
[2026-07-25T17:56:05.403Z] Connected!
[2026-07-25T17:56:05.569Z] Closed, reconnecting...
[2026-07-25T17:56:07.169Z] Connecting to xiaozhi edu MCP...
[2026-07-25T17:56:07.430Z] Connected!
[2026-07-25T17:56:07.600Z] Closed, reconnecting...
[2026-07-25T17:56:10.571Z] Connecting to xiaozhi edu MCP...
[2026-07-25T17:56:10.841Z] Connected!
[2026-07-25T17:56:11.019Z] Closed, reconnecting...
[2026-07-25T17:56:12.601Z] Connecting to xiaozhi edu MCP...
[2026-07-25T17:56:12.862Z] Connected!
[2026-07-25T17:56:13.020Z] Closed, reconnecting...
[2026-07-25T17:56:16.021Z] Connecting to xiaozhi edu MCP...
[2026-07-25T17:56:16.271Z] Connected!
[2026-07-25T17:56:16.426Z] Closed, reconnecting...
[2026-07-25T17:56:18.021Z] Connecting to xiaozhi edu MCP...
[2026-07-25T17:56:18.288Z] Connected!
[2026-07-25T17:56:18.445Z] Closed, reconnecting...
[2026-07-25T17:56:21.428Z] Connecting to xiaozhi edu MCP...
[2026-07-25T17:56:21.687Z] Connected!
[2026-07-25T17:56:21.843Z] Closed, reconnecting...
[2026-07-25T17:56:23.447Z] Connecting to xiaozhi edu MCP...
[2026-07-25T17:56:23.676Z] Connected!
[2026-07-25T17:56:23.825Z] Closed, reconnecting...
[2026-07-25T17:56:26.844Z] Connecting to xiaozhi edu MCP...
[2026-07-25T17:56:27.113Z] Connected!
[2026-07-25T17:56:27.277Z] Closed, reconnecting...
[2026-07-25T17:56:28.828Z] Connecting to xiaozhi edu MCP...
[2026-07-25T17:56:29.076Z] Connected!
[2026-07-25T17:56:29.241Z] Closed, reconnecting...
[2026-07-25T17:56:32.278Z] Connecting to xiaozhi edu MCP...
[2026-07-25T17:56:32.541Z] Connected!
[2026-07-25T17:56:32.701Z] Closed, reconnecting...
[2026-07-25T17:56:34.243Z] Connecting to xiaozhi edu MCP...
[2026-07-25T17:56:34.501Z] Connected!
[2026-07-25T17:56:34.684Z] Closed, reconnecting...
[2026-07-25T17:56:37.703Z] Connecting to xiaozhi edu MCP...
[2026-07-25T17:56:37.961Z] Connected!
[2026-07-25T17:56:38.127Z] Closed, reconnecting...
[2026-07-25T17:56:39.687Z] Connecting to xiaozhi edu MCP...
[2026-07-25T17:56:39.962Z] Connected!
[2026-07-25T17:56:40.126Z] Closed, reconnecting...
[2026-07-25T17:56:43.127Z] Connecting to xiaozhi edu MCP...
[2026-07-25T17:56:43.380Z] Connected!
[2026-07-25T17:56:43.538Z] Closed, reconnecting...
[2026-07-25T17:56:45.127Z] Connecting to xiaozhi edu MCP...
[2026-07-25T17:56:45.377Z] Connected!
[2026-07-25T17:56:45.537Z] Closed, reconnecting...
[2026-07-25T17:56:48.540Z] Connecting to xiaozhi edu MCP...
[2026-07-25T17:56:48.808Z] Connected!
[2026-07-25T17:56:48.979Z] Closed, reconnecting...
[2026-07-25T17:56:50.540Z] Connecting to xiaozhi edu MCP...
[2026-07-25T17:56:50.779Z] Connected!
[2026-07-25T17:56:51.034Z] Closed, reconnecting...
[2026-07-25T17:56:53.980Z] Connecting to xiaozhi edu MCP...
[2026-07-25T17:56:54.240Z] Connected!
[2026-07-25T17:56:54.389Z] Closed, reconnecting...
[2026-07-25T17:56:56.036Z] Connecting to xiaozhi edu MCP...
[2026-07-25T17:56:56.313Z] Connected!
[2026-07-25T17:56:56.483Z] Closed, reconnecting...
[2026-07-25T17:56:59.389Z] Connecting to xiaozhi edu MCP...
[2026-07-25T17:56:59.665Z] Connected!
[2026-07-25T17:56:59.828Z] Closed, reconnecting...
[2026-07-25T17:57:01.485Z] Connecting to xiaozhi edu MCP...
[2026-07-25T17:57:01.844Z] Connected!
[2026-07-25T17:57:01.999Z] Closed, reconnecting...
[2026-07-25T17:57:04.829Z] Connecting to xiaozhi edu MCP...
[2026-07-25T17:57:05.074Z] Connected!
[2026-07-25T17:57:05.227Z] Closed, reconnecting...
[2026-07-25T17:57:07.001Z] Connecting to xiaozhi edu MCP...
[2026-07-25T17:57:07.259Z] Connected!
[2026-07-25T17:57:07.418Z] Closed, reconnecting...
[2026-07-25T17:57:10.230Z] Connecting to xiaozhi edu MCP...
[2026-07-25T17:57:10.492Z] Connected!
[2026-07-25T17:57:10.660Z] Closed, reconnecting...
[2026-07-25T17:57:12.420Z] Connecting to xiaozhi edu MCP...
[2026-07-25T17:57:12.674Z] Connected!
[2026-07-25T17:57:12.836Z] Closed, reconnecting...
[2026-07-25T17:57:15.661Z] Connecting to xiaozhi edu MCP...
[2026-07-25T17:57:15.934Z] Connected!
[2026-07-25T17:57:16.099Z] Closed, reconnecting...
[2026-07-25T17:57:17.839Z] Connecting to xiaozhi edu MCP...
[2026-07-25T17:57:18.105Z] Connected!
[2026-07-25T17:57:18.275Z] Closed, reconnecting...
[2026-07-25T17:57:21.102Z] Connecting to xiaozhi edu MCP...
[2026-07-25T17:57:21.344Z] Connected!
[2026-07-25T17:57:21.483Z] Closed, reconnecting...
[2026-07-25T17:57:23.276Z] Connecting to xiaozhi edu MCP...
[2026-07-25T17:57:23.531Z] Connected!
[2026-07-25T17:57:23.685Z] Closed, reconnecting...
[2026-07-25T17:57:26.485Z] Connecting to xiaozhi edu MCP...
[2026-07-25T17:57:26.728Z] Connected!
[2026-07-25T17:57:26.884Z] Closed, reconnecting...
[2026-07-25T17:57:28.687Z] Connecting to xiaozhi edu MCP...
[2026-07-25T17:57:28.935Z] Connected!
[2026-07-25T17:57:29.088Z] Closed, reconnecting...
[2026-07-25T17:57:31.887Z] Connecting to xiaozhi edu MCP...
[2026-07-25T17:57:32.131Z] Connected!
[2026-07-25T17:57:32.282Z] Closed, reconnecting...
[2026-07-25T17:57:34.090Z] Connecting to xiaozhi edu MCP...
[2026-07-25T17:57:34.362Z] Connected!
[2026-07-25T17:57:34.516Z] Closed, reconnecting...
[2026-07-25T17:57:37.284Z] Connecting to xiaozhi edu MCP...
[2026-07-25T17:57:37.767Z] Connected!
[2026-07-25T17:57:37.923Z] Closed, reconnecting...
[2026-07-25T17:57:39.517Z] Connecting to xiaozhi edu MCP...
[2026-07-25T17:57:39.767Z] Connected!
[2026-07-25T17:57:39.919Z] Closed, reconnecting...
[2026-07-25T17:57:42.924Z] Connecting to xiaozhi edu MCP...
[2026-07-25T17:57:43.175Z] Connected!
[2026-07-25T17:57:43.329Z] Closed, reconnecting...
[2026-07-25T17:57:44.920Z] Connecting to xiaozhi edu MCP...
[2026-07-25T17:57:45.189Z] Connected!
[2026-07-25T17:57:45.364Z] Closed, reconnecting...
[2026-07-25T17:57:48.331Z] Connecting to xiaozhi edu MCP...
[2026-07-25T17:57:48.581Z] Connected!
[2026-07-25T17:57:48.740Z] Closed, reconnecting...
[2026-07-25T17:57:50.365Z] Connecting to xiaozhi edu MCP...
[2026-07-25T17:57:50.635Z] Connected!
[2026-07-25T17:57:50.803Z] Closed, reconnecting...
[2026-07-25T17:57:53.742Z] Connecting to xiaozhi edu MCP...
[2026-07-25T17:57:53.991Z] Connected!
[2026-07-25T17:57:54.157Z] Closed, reconnecting...
[2026-07-25T17:57:55.805Z] Connecting to xiaozhi edu MCP...
[2026-07-25T17:57:56.063Z] Connected!
[2026-07-25T17:57:56.224Z] Closed, reconnecting...
[2026-07-25T17:57:59.159Z] Connecting to xiaozhi edu MCP...
[2026-07-25T17:57:59.405Z] Connected!
[2026-07-25T17:57:59.567Z] Closed, reconnecting...
[2026-07-25T17:58:01.225Z] Connecting to xiaozhi edu MCP...
[2026-07-25T17:58:01.478Z] Connected!
[2026-07-25T17:58:01.628Z] Closed, reconnecting...
[2026-07-25T17:58:04.569Z] Connecting to xiaozhi edu MCP...
[2026-07-25T17:58:04.808Z] Connected!
[2026-07-25T17:58:04.962Z] Closed, reconnecting...
[2026-07-25T17:58:06.630Z] Connecting to xiaozhi edu MCP...
[2026-07-25T17:58:06.884Z] Connected!
[2026-07-25T17:58:07.045Z] Closed, reconnecting...
[2026-07-25T17:58:09.963Z] Connecting to xiaozhi edu MCP...
[2026-07-25T17:58:10.211Z] Connected!
[2026-07-25T17:58:10.367Z] Closed, reconnecting...
[2026-07-25T17:58:12.047Z] Connecting to xiaozhi edu MCP...
[2026-07-25T17:58:12.302Z] Connected!
[2026-07-25T17:58:12.454Z] Closed, reconnecting...
[2026-07-25T17:58:15.367Z] Connecting to xiaozhi edu MCP...
[2026-07-25T17:58:15.612Z] Connected!
[2026-07-25T17:58:15.767Z] Closed, reconnecting...
[2026-07-25T17:58:17.457Z] Connecting to xiaozhi edu MCP...
[2026-07-25T17:58:17.711Z] Connected!
[2026-07-25T17:58:17.892Z] Closed, reconnecting...
[2026-07-25T17:58:20.769Z] Connecting to xiaozhi edu MCP...
[2026-07-25T17:58:21.025Z] Connected!
[2026-07-25T17:58:21.196Z] Closed, reconnecting...
[2026-07-25T17:58:22.894Z] Connecting to xiaozhi edu MCP...
[2026-07-25T17:58:23.151Z] Connected!
[2026-07-25T17:58:23.311Z] Closed, reconnecting...
[2026-07-25T17:58:26.198Z] Connecting to xiaozhi edu MCP...
[2026-07-25T17:58:26.452Z] Connected!
[2026-07-25T17:58:26.612Z] Closed, reconnecting...
[2026-07-25T17:58:28.313Z] Connecting to xiaozhi edu MCP...
[2026-07-25T17:58:28.551Z] Connected!
[2026-07-25T17:58:28.708Z] Closed, reconnecting...
[2026-07-25T17:58:31.614Z] Connecting to xiaozhi edu MCP...
[2026-07-25T17:58:31.865Z] Connected!
[2026-07-25T17:58:32.029Z] Closed, reconnecting...
[2026-07-25T17:58:33.708Z] Connecting to xiaozhi edu MCP...
[2026-07-25T17:58:33.949Z] Connected!
[2026-07-25T17:58:34.105Z] Closed, reconnecting...
[2026-07-25T17:58:37.031Z] Connecting to xiaozhi edu MCP...
[2026-07-25T17:58:37.274Z] Connected!
[2026-07-25T17:58:37.428Z] Closed, reconnecting...
[2026-07-25T17:58:39.107Z] Connecting to xiaozhi edu MCP...
[2026-07-25T17:58:39.370Z] Connected!
[2026-07-25T17:58:39.540Z] Closed, reconnecting...
[2026-07-25T17:58:42.430Z] Connecting to xiaozhi edu MCP...
[2026-07-25T17:58:42.689Z] Connected!
[2026-07-25T17:58:42.851Z] Closed, reconnecting...
[2026-07-25T17:58:44.541Z] Connecting to xiaozhi edu MCP...
[2026-07-25T17:58:44.821Z] Connected!
[2026-07-25T17:58:44.995Z] Closed, reconnecting...
[2026-07-25T17:58:47.853Z] Connecting to xiaozhi edu MCP...
[2026-07-25T17:58:48.103Z] Connected!
[2026-07-25T17:58:48.271Z] Closed, reconnecting...
[2026-07-25T17:58:49.997Z] Connecting to xiaozhi edu MCP...
[2026-07-25T17:58:50.256Z] Connected!
[2026-07-25T17:58:50.424Z] Closed, reconnecting...
[2026-07-25T17:58:53.274Z] Connecting to xiaozhi edu MCP...
[2026-07-25T17:58:53.525Z] Connected!
[2026-07-25T17:58:53.684Z] Closed, reconnecting...
[2026-07-25T17:58:55.424Z] Connecting to xiaozhi edu MCP...
[2026-07-25T17:58:55.664Z] Connected!
[2026-07-25T17:58:55.817Z] Closed, reconnecting...
[2026-07-25T17:58:58.685Z] Connecting to xiaozhi edu MCP...
[2026-07-25T17:58:58.958Z] Connected!
[2026-07-25T17:58:59.126Z] Closed, reconnecting...
[2026-07-25T17:59:00.820Z] Connecting to xiaozhi edu MCP...
[2026-07-25T17:59:01.066Z] Connected!
[2026-07-25T17:59:01.218Z] Closed, reconnecting...
[2026-07-25T17:59:04.129Z] Connecting to xiaozhi edu MCP...
[2026-07-25T17:59:04.383Z] Connected!
[2026-07-25T17:59:04.549Z] Closed, reconnecting...
[2026-07-25T17:59:06.220Z] Connecting to xiaozhi edu MCP...
[2026-07-25T17:59:06.481Z] Connected!
[2026-07-25T17:59:06.640Z] Closed, reconnecting...
[2026-07-25T17:59:09.551Z] Connecting to xiaozhi edu MCP...
[2026-07-25T17:59:09.807Z] Connected!
[2026-07-25T17:59:09.972Z] Closed, reconnecting...
[2026-07-25T17:59:11.643Z] Connecting to xiaozhi edu MCP...
[2026-07-25T17:59:11.899Z] Connected!
[2026-07-25T17:59:12.058Z] Closed, reconnecting...
[2026-07-25T17:59:14.973Z] Connecting to xiaozhi edu MCP...
[2026-07-25T17:59:15.225Z] Connected!
[2026-07-25T17:59:15.384Z] Closed, reconnecting...
[2026-07-25T17:59:17.061Z] Connecting to xiaozhi edu MCP...
[2026-07-25T17:59:17.309Z] Connected!
[2026-07-25T17:59:17.476Z] Closed, reconnecting...
[2026-07-25T17:59:20.385Z] Connecting to xiaozhi edu MCP...
[2026-07-25T17:59:20.642Z] Connected!
[2026-07-25T17:59:20.806Z] Closed, reconnecting...
[2026-07-25T17:59:22.479Z] Connecting to xiaozhi edu MCP...
[2026-07-25T17:59:22.731Z] Connected!
[2026-07-25T17:59:22.896Z] Closed, reconnecting...
[2026-07-25T17:59:25.806Z] Connecting to xiaozhi edu MCP...
[2026-07-25T17:59:26.071Z] Connected!
[2026-07-25T17:59:26.243Z] Closed, reconnecting...
[2026-07-25T17:59:27.899Z] Connecting to xiaozhi edu MCP...
[2026-07-25T17:59:28.168Z] Connected!
[2026-07-25T17:59:28.339Z] Closed, reconnecting...
[2026-07-25T17:59:31.243Z] Connecting to xiaozhi edu MCP...
[2026-07-25T17:59:31.479Z] Connected!
[2026-07-25T17:59:31.635Z] Closed, reconnecting...
[2026-07-25T17:59:33.340Z] Connecting to xiaozhi edu MCP...
[2026-07-25T17:59:33.610Z] Connected!
[2026-07-25T17:59:33.781Z] Closed, reconnecting...
[2026-07-25T17:59:36.637Z] Connecting to xiaozhi edu MCP...
[2026-07-25T17:59:36.872Z] Connected!
[2026-07-25T17:59:37.019Z] Closed, reconnecting...
[2026-07-25T17:59:38.783Z] Connecting to xiaozhi edu MCP...
[2026-07-25T17:59:39.057Z] Connected!
[2026-07-25T17:59:39.229Z] Closed, reconnecting...
[2026-07-25T17:59:42.020Z] Connecting to xiaozhi edu MCP...
[2026-07-25T17:59:42.289Z] Connected!
[2026-07-25T17:59:42.459Z] Closed, reconnecting...
[2026-07-25T17:59:44.231Z] Connecting to xiaozhi edu MCP...
[2026-07-25T17:59:44.562Z] Connected!
[2026-07-25T17:59:44.729Z] Closed, reconnecting...
[2026-07-25T17:59:47.459Z] Connecting to xiaozhi edu MCP...
[2026-07-25T17:59:47.701Z] Connected!
[2026-07-25T17:59:47.860Z] Closed, reconnecting...
[2026-07-25T17:59:49.732Z] Connecting to xiaozhi edu MCP...
[2026-07-25T17:59:50.002Z] Connected!
[2026-07-25T17:59:50.173Z] Closed, reconnecting...
[2026-07-25T17:59:52.861Z] Connecting to xiaozhi edu MCP...
[2026-07-25T17:59:53.115Z] Connected!
[2026-07-25T17:59:53.280Z] Closed, reconnecting...
[2026-07-25T17:59:55.172Z] Connecting to xiaozhi edu MCP...
[2026-07-25T17:59:55.425Z] Connected!
[2026-07-25T17:59:55.580Z] Closed, reconnecting...
[2026-07-25T17:59:58.281Z] Connecting to xiaozhi edu MCP...
[2026-07-25T17:59:58.550Z] Connected!
[2026-07-25T17:59:58.716Z] Closed, reconnecting...
[2026-07-25T18:00:00.582Z] Connecting to xiaozhi edu MCP...
[2026-07-25T18:00:00.815Z] Connected!
[2026-07-25T18:00:00.963Z] Closed, reconnecting...
[2026-07-25T18:00:03.716Z] Connecting to xiaozhi edu MCP...
[2026-07-25T18:00:03.943Z] Connected!
[2026-07-25T18:00:04.103Z] Closed, reconnecting...
[2026-07-25T18:00:05.964Z] Connecting to xiaozhi edu MCP...
[2026-07-25T18:00:06.215Z] Connected!
[2026-07-25T18:00:06.387Z] Closed, reconnecting...
[2026-07-25T18:00:09.104Z] Connecting to xiaozhi edu MCP...
[2026-07-25T18:00:09.351Z] Connected!
[2026-07-25T18:00:09.504Z] Closed, reconnecting...
[2026-07-25T18:00:11.386Z] Connecting to xiaozhi edu MCP...
[2026-07-25T18:00:11.629Z] Connected!
[2026-07-25T18:00:11.789Z] Closed, reconnecting...
